member_id,member_class,source_member_id,storey_id,from_level,to_level,support_i,support_j,node_i,node_j,geometric_length_m,section_i_cm,section_j_cm,section_cm,section_evidence_i,section_evidence_j,section_evidence,topology_evidence,source_ledger,source_record_class,connectivity_evidence,validation_state,usage_rule,note
M0G-M-G1-B-001,ORDINARY_BEAM,B-001,G1,G1,G1,c,a,M0G-F-G1-AN-001,M0G-F-G1-AN-002,3.1500,,,70x25,,,DOC,DOC_SECTION_BOUND,data/canonical/PT_VECTOR_BEAMS_v2.csv+data/canonical/PT_VECTOR_BEAMS_G6_PATCH_v1.csv,EFFECTIVE_PT_BEAM,INF_FROM_CANONICAL_FACE_NODES,CURRENT_WITH_PROVENANCE,ORDINARY_STRUCTURAL_MEMBER,Inherited documentary continuity/section claim; metric span kept separate from topology.
M0G-M-G1-B-002,ORDINARY_BEAM,B-002,G1,G1,G1,a,17,M0G-F-G1-AN-003,M0G-F-G1-AN-004,3.0500,,,70x25,,,DOC,DOC_SECTION_BOUND,data/canonical/PT_VECTOR_BEAMS_v2.csv+data/canonical/PT_VECTOR_BEAMS_G6_PATCH_v1.csv,EFFECTIVE_PT_BEAM,INF_FROM_CANONICAL_FACE_NODES,CURRENT_WITH_PROVENANCE,ORDINARY_STRUCTURAL_MEMBER,Inherited documentary continuity/section claim; metric span kept separate from topology.
M0G-M-G1-B-003,ORDINARY_BEAM,B-003,G1,G1,G1,17,9,M0G-F-G1-AN-005,M0G-F-G1-AN-006,5.0500,,,,,,ND,DOC_CONTINUITY,data/canonical/PT_VECTOR_BEAMS_v2.csv+data/canonical/PT_VECTOR_BEAMS_G6_PATCH_v1.csv,EFFECTIVE_PT_BEAM,INF_FROM_CANONICAL_FACE_NODES,CURRENT_WITH_PROVENANCE,ORDINARY_STRUCTURAL_MEMBER,Inherited documentary continuity/section claim; metric span kept separate from topology.
M0G-M-G1-B-004,ORDINARY_BEAM,B-004,G1,G1,G1,9,1,M0G-F-G1-AN-007,M0G-F-G1-AN-008,5.2000,,,,,,ND,DOC_CONTINUITY,data/canonical/PT_VECTOR_BEAMS_v2.csv+data/canonical/PT_VECTOR_BEAMS_G6_PATCH_v1.csv,EFFECTIVE_PT_BEAM,INF_FROM_CANONICAL_FACE_NODES,CURRENT_WITH_PROVENANCE,ORDINARY_STRUCTURAL_MEMBER,Inherited documentary continuity/section claim; metric span kept separate from topology.
M0G-M-G1-B-005,ORDINARY_BEAM,B-005,G1,G1,G1,d,b,M0G-F-G1-AN-009,M0G-F-G1-AN-010,3.1500,,,,,,ND,DOC_CONTINUITY,data/canonical/PT_VECTOR_BEAMS_v2.csv+data/canonical/PT_VECTOR_BEAMS_G6_PATCH_v1.csv,EFFECTIVE_PT_BEAM,INF_FROM_CANONICAL_FACE_NODES,CURRENT_WITH_PROVENANCE,ORDINARY_STRUCTURAL_MEMBER,Inherited documentary continuity/section claim; metric span kept separate from topology.
M0G-M-G1-B-006,ORDINARY_BEAM,B-006,G1,G1,G1,b,18,M0G-F-G1-AN-011,M0G-F-G1-AN-012,3.0740,,,,,,ND,DOC_CONTINUITY,data/canonical/PT_VECTOR_BEAMS_v2.csv+data/canonical/PT_VECTOR_BEAMS_G6_PATCH_v1.csv,EFFECTIVE_PT_BEAM,INF_FROM_CANONICAL_FACE_NODES,CURRENT_WITH_PROVENANCE,ORDINARY_STRUCTURAL_MEMBER,Extended P18 terminates at physical face rather than centroid.
M0G-M-G1-B-007,ORDINARY_BEAM,B-007,G1,G1,G1,1,2,M0G-F-G1-AN-013,M0G-F-G1-AN-014,4.2500,,,,,,ND,DOC_CONTINUITY,data/canonical/PT_VECTOR_BEAMS_v2.csv+data/canonical/PT_VECTOR_BEAMS_G6_PATCH_v1.csv,EFFECTIVE_PT_BEAM,INF_FROM_CANONICAL_FACE_NODES,CURRENT_WITH_PROVENANCE,ORDINARY_STRUCTURAL_MEMBER,Inherited documentary continuity/section claim; metric span kept separate from topology.
M0G-M-G1-B-008,ORDINARY_BEAM,B-008,G1,G1,G1,2,3,M0G-F-G1-AN-015,M0G-F-G1-AN-016,4.7000,,,,,,ND,DOC_CONTINUITY,data/canonical/PT_VECTOR_BEAMS_v2.csv+data/canonical/PT_VECTOR_BEAMS_G6_PATCH_v1.csv,EFFECTIVE_PT_BEAM,INF_FROM_CANONICAL_FACE_NODES,CURRENT_WITH_PROVENANCE,ORDINARY_STRUCTURAL_MEMBER,Inherited documentary continuity/section claim; metric span kept separate from topology.
M0G-M-G1-B-009,ORDINARY_BEAM,B-009,G1,G1,G1,3,4,M0G-F-G1-AN-017,M0G-F-G1-AN-018,3.7000,,,70x25,,,DOC,DOC_SECTION_BOUND,data/canonical/PT_VECTOR_BEAMS_v2.csv+data/canonical/PT_VECTOR_BEAMS_G6_PATCH_v1.csv,EFFECTIVE_PT_BEAM,INF_FROM_CANONICAL_FACE_NODES,CURRENT_WITH_PROVENANCE,ORDINARY_STRUCTURAL_MEMBER,Inherited documentary continuity/section claim; metric span kept separate from topology.
M0G-M-G1-B-010,ORDINARY_BEAM,B-010,G1,G1,G1,5,6,M0G-F-G1-AN-019,M0G-F-G1-AN-020,3.7000,,,70x25,,,DOC,DOC_SECTION_BOUND,data/canonical/PT_VECTOR_BEAMS_v2.csv+data/canonical/PT_VECTOR_BEAMS_G6_PATCH_v1.csv,EFFECTIVE_PT_BEAM,INF_FROM_CANONICAL_FACE_NODES,CURRENT_WITH_PROVENANCE,ORDINARY_STRUCTURAL_MEMBER,Direct r3_c3 review corrected former P4-P6 binding to P5-P6.
M0G-M-G1-B-011,ORDINARY_BEAM,B-011,G1,G1,G1,6,7,M0G-F-G1-AN-021,M0G-F-G1-AN-022,4.9000,,,70x25,,,DOC,DOC_SECTION_BOUND,data/canonical/PT_VECTOR_BEAMS_v2.csv+data/canonical/PT_VECTOR_BEAMS_G6_PATCH_v1.csv,EFFECTIVE_PT_BEAM,INF_FROM_CANONICAL_FACE_NODES,CURRENT_WITH_PROVENANCE,ORDINARY_STRUCTURAL_MEMBER,Inherited documentary continuity/section claim; metric span kept separate from topology.
M0G-M-G1-B-012,ORDINARY_BEAM,B-012,G1,G1,G1,7,8,M0G-F-G1-AN-023,M0G-F-G1-AN-024,4.2500,,,,,,ND,DOC_CONTINUITY,data/canonical/PT_VECTOR_BEAMS_v2.csv+data/canonical/PT_VECTOR_BEAMS_G6_PATCH_v1.csv,EFFECTIVE_PT_BEAM,INF_FROM_CANONICAL_FACE_NODES,CURRENT_WITH_PROVENANCE,ORDINARY_STRUCTURAL_MEMBER,Inherited documentary continuity/section claim; metric span kept separate from topology.
M0G-M-G1-B-013,ORDINARY_BEAM,B-013,G1,G1,G1,5,4,M0G-F-G1-AN-025,M0G-F-G1-AN-026,1.5000,,,,,,ND,DOC_CONTINUITY,data/canonical/PT_VECTOR_BEAMS_v2.csv+data/canonical/PT_VECTOR_BEAMS_G6_PATCH_v1.csv,EFFECTIVE_PT_BEAM,INF_FROM_CANONICAL_FACE_NODES,CURRENT_WITH_PROVENANCE,ORDINARY_STRUCTURAL_MEMBER,Direct local P5-P4 segment.
M0G-M-G1-B-014,ORDINARY_BEAM,B-014,G1,G1,G1,31,28,M0G-F-G1-AN-027,M0G-F-G1-AN-028,4.2000,,,,,,ND,DOC_CONTINUITY,data/canonical/PT_VECTOR_BEAMS_v2.csv+data/canonical/PT_VECTOR_BEAMS_G6_PATCH_v1.csv,EFFECTIVE_PT_BEAM,INF_FROM_CANONICAL_FACE_NODES,CURRENT_WITH_PROVENANCE,ORDINARY_STRUCTURAL_MEMBER,Inherited documentary continuity/section claim.
M0G-M-G1-B-015,ORDINARY_BEAM,B-015,G1,G1,G1,28,25,M0G-F-G1-AN-029,M0G-F-G1-AN-030,2.9500,,,,,,ND,DOC_CONTINUITY,data/canonical/PT_VECTOR_BEAMS_v2.csv+data/canonical/PT_VECTOR_BEAMS_G6_PATCH_v1.csv,EFFECTIVE_PT_BEAM,INF_FROM_CANONICAL_FACE_NODES,CURRENT_WITH_PROVENANCE,ORDINARY_STRUCTURAL_MEMBER,Inherited documentary continuity/section claim.
M0G-M-G1-B-016,ORDINARY_BEAM,B-016,G1,G1,G1,25,19,M0G-F-G1-AN-031,M0G-F-G1-AN-032,3.7318,,,,,,ND,DOC_CONTINUITY,data/canonical/PT_VECTOR_BEAMS_v2.csv+data/canonical/PT_VECTOR_BEAMS_G6_PATCH_v1.csv,EFFECTIVE_PT_BEAM,INF_FROM_CANONICAL_FACE_NODES,CURRENT_WITH_PROVENANCE,ORDINARY_STRUCTURAL_MEMBER,P25-P19 continuity retained; former 2.10 m attribution revoked.
M0G-M-G1-B-017,ORDINARY_BEAM,B-017,G1,G1,G1,32,29,M0G-F-G1-AN-033,M0G-F-G1-AN-034,4.2500,,,,,,ND,DOC_CONTINUITY,data/canonical/PT_VECTOR_BEAMS_v2.csv+data/canonical/PT_VECTOR_BEAMS_G6_PATCH_v1.csv,EFFECTIVE_PT_BEAM,INF_FROM_CANONICAL_FACE_NODES,CURRENT_WITH_PROVENANCE,ORDINARY_STRUCTURAL_MEMBER,Inherited documentary continuity/section claim.
M0G-M-G1-B-018,ORDINARY_BEAM,B-018,G1,G1,G1,29,26,M0G-F-G1-AN-035,M0G-F-G1-AN-036,2.9500,,,,,,ND,DOC_CONTINUITY,data/canonical/PT_VECTOR_BEAMS_v2.csv+data/canonical/PT_VECTOR_BEAMS_G6_PATCH_v1.csv,EFFECTIVE_PT_BEAM,INF_FROM_CANONICAL_FACE_NODES,CURRENT_WITH_PROVENANCE,ORDINARY_STRUCTURAL_MEMBER,Inherited documentary continuity/section claim.
M0G-M-G1-B-019,ORDINARY_BEAM,B-019,G1,G1,G1,26,21,M0G-F-G1-AN-037,M0G-F-G1-AN-038,1.6500,,,,,,ND,DOC_CONTINUITY,data/canonical/PT_VECTOR_BEAMS_v2.csv+data/canonical/PT_VECTOR_BEAMS_G6_PATCH_v1.csv,EFFECTIVE_PT_BEAM,INF_FROM_CANONICAL_FACE_NODES,CURRENT_WITH_PROVENANCE,ORDINARY_STRUCTURAL_MEMBER,Inherited documentary continuity/section claim.
M0G-M-G1-B-020,ORDINARY_BEAM,B-020,G1,G1,G1,33,30,M0G-F-G1-AN-039,M0G-F-G1-AN-040,4.3500,,,,,,ND,DOC_CONTINUITY,data/canonical/PT_VECTOR_BEAMS_v2.csv+data/canonical/PT_VECTOR_BEAMS_G6_PATCH_v1.csv,EFFECTIVE_PT_BEAM,INF_FROM_CANONICAL_FACE_NODES,CURRENT_WITH_PROVENANCE,ORDINARY_STRUCTURAL_MEMBER,P33 row intersects P30 left face at its own beam elevation; no centroid snapping.
M0G-M-G1-B-021,ORDINARY_BEAM,B-021,G1,G1,G1,30,27,M0G-F-G1-AN-041,M0G-F-G1-AN-042,3.0500,,,,,,ND,DOC_CONTINUITY,data/canonical/PT_VECTOR_BEAMS_v2.csv+data/canonical/PT_VECTOR_BEAMS_G6_PATCH_v1.csv,EFFECTIVE_PT_BEAM,INF_FROM_CANONICAL_FACE_NODES,CURRENT_WITH_PROVENANCE,ORDINARY_STRUCTURAL_MEMBER,P27 row intersects P30 right face at a different point from B-020.
M0G-M-G1-B-022,ORDINARY_BEAM,B-022,G1,G1,G1,27,22',M0G-F-G1-AN-043,M0G-F-G1-AN-044,1.6000,,,,,,ND,DOC_CONTINUITY_REBOUND,data/canonical/PT_VECTOR_BEAMS_v2.csv+data/canonical/PT_VECTOR_BEAMS_G6_PATCH_v1.csv,EFFECTIVE_PT_BEAM,INF_FROM_CANONICAL_FACE_NODES,CURRENT_WITH_PROVENANCE,ORDINARY_STRUCTURAL_MEMBER,P27 connects to P22-prime; no 2.10 m span asserted.
M0G-M-G1-B-023,ORDINARY_BEAM,B-023,G1,G1,G1,31,32,M0G-F-G1-AN-045,M0G-F-G1-AN-046,5.8000,,,70x25,,,DOC,DOC_SECTION_BOUND,data/canonical/PT_VECTOR_BEAMS_v2.csv+data/canonical/PT_VECTOR_BEAMS_G6_PATCH_v1.csv,EFFECTIVE_PT_BEAM,INF_FROM_CANONICAL_FACE_NODES,CURRENT_WITH_PROVENANCE,ORDINARY_STRUCTURAL_MEMBER,Section callout retained as beam section.
M0G-M-G1-B-024,ORDINARY_BEAM,B-024,G1,G1,G1,32,33,M0G-F-G1-AN-047,M0G-F-G1-AN-048,4.4500,,,70x25,,,DOC,DOC_SECTION_BOUND,data/canonical/PT_VECTOR_BEAMS_v2.csv+data/canonical/PT_VECTOR_BEAMS_G6_PATCH_v1.csv,EFFECTIVE_PT_BEAM,INF_FROM_CANONICAL_FACE_NODES,CURRENT_WITH_PROVENANCE,ORDINARY_STRUCTURAL_MEMBER,Section callout retained as beam section.
M0G-M-G1-B-025,ORDINARY_BEAM,B-025,G1,G1,G1,28,29,M0G-F-G1-AN-049,M0G-F-G1-AN-050,5.8500,,,,,,ND,DOC_CONTINUITY,data/canonical/PT_VECTOR_BEAMS_v2.csv+data/canonical/PT_VECTOR_BEAMS_G6_PATCH_v1.csv,EFFECTIVE_PT_BEAM,INF_FROM_CANONICAL_FACE_NODES,CURRENT_WITH_PROVENANCE,ORDINARY_STRUCTURAL_MEMBER,Inherited documentary continuity/section claim.
M0G-M-G1-B-026,ORDINARY_BEAM,B-026,G1,G1,G1,29,30,M0G-F-G1-AN-051,M0G-F-G1-AN-052,3.7834,,,,,,ND,DOC_CONTINUITY,data/canonical/PT_VECTOR_BEAMS_v2.csv+data/canonical/PT_VECTOR_BEAMS_G6_PATCH_v1.csv,EFFECTIVE_PT_BEAM,INF_FROM_CANONICAL_FACE_NODES,CURRENT_WITH_PROVENANCE,ORDINARY_STRUCTURAL_MEMBER,Longitudinal run terminates on P30 physical face.
M0G-M-G1-B-027,ORDINARY_BEAM,B-027,G1,G1,G1,25,26,M0G-F-G1-AN-053,M0G-F-G1-AN-054,5.8500,,,,,,ND,DOC_CONTINUITY,data/canonical/PT_VECTOR_BEAMS_v2.csv+data/canonical/PT_VECTOR_BEAMS_G6_PATCH_v1.csv,EFFECTIVE_PT_BEAM,INF_FROM_CANONICAL_FACE_NODES,CURRENT_WITH_PROVENANCE,ORDINARY_STRUCTURAL_MEMBER,Inherited documentary continuity/section claim.
M0G-M-G1-B-028,ORDINARY_BEAM,B-028,G1,G1,G1,26,27,M0G-F-G1-AN-055,M0G-F-G1-AN-056,3.6800,,,,,,ND,DOC_CONTINUITY,data/canonical/PT_VECTOR_BEAMS_v2.csv+data/canonical/PT_VECTOR_BEAMS_G6_PATCH_v1.csv,EFFECTIVE_PT_BEAM,INF_FROM_CANONICAL_FACE_NODES,CURRENT_WITH_PROVENANCE,ORDINARY_STRUCTURAL_MEMBER,Inherited documentary continuity/section claim.
M0G-M-G1-B-030,ORDINARY_BEAM,B-030,G1,G1,G1,21,22,M0G-F-G1-AN-057,M0G-F-G1-AN-058,2.4500,,,,,,ND,DOC_CONTINUITY,data/canonical/PT_VECTOR_BEAMS_v2.csv+data/canonical/PT_VECTOR_BEAMS_G6_PATCH_v1.csv,EFFECTIVE_PT_BEAM,INF_FROM_CANONICAL_FACE_NODES,CURRENT_WITH_PROVENANCE,ORDINARY_STRUCTURAL_MEMBER,Inherited documentary continuity/section claim.
M0G-M-G1-B-031,ORDINARY_BEAM,B-031,G1,G1,G1,23,15,M0G-F-G1-AN-059,M0G-F-G1-AN-060,5.4211,,,,,,ND,DOC_CONTINUITY,data/canonical/PT_VECTOR_BEAMS_v2.csv+data/canonical/PT_VECTOR_BEAMS_G6_PATCH_v1.csv,EFFECTIVE_PT_BEAM,INF_FROM_CANONICAL_FACE_NODES,CURRENT_WITH_PROVENANCE,ORDINARY_STRUCTURAL_MEMBER,P23-P15 continuity retained; former 6.45 m attribution revoked.
M0G-M-G1-B-032,ORDINARY_BEAM,B-032,G1,G1,G1,15,7,M0G-F-G1-AN-061,M0G-F-G1-AN-062,4.1500,,,,,,ND,DOC_CONTINUITY,data/canonical/PT_VECTOR_BEAMS_v2.csv+data/canonical/PT_VECTOR_BEAMS_G6_PATCH_v1.csv,EFFECTIVE_PT_BEAM,INF_FROM_CANONICAL_FACE_NODES,CURRENT_WITH_PROVENANCE,ORDINARY_STRUCTURAL_MEMBER,Inherited documentary continuity/section claim.
M0G-M-G1-B-033,ORDINARY_BEAM,B-033,G1,G1,G1,24,16,M0G-F-G1-AN-063,M0G-F-G1-AN-064,6.0000,,,,,,ND,DOC_CONTINUITY,data/canonical/PT_VECTOR_BEAMS_v2.csv+data/canonical/PT_VECTOR_BEAMS_G6_PATCH_v1.csv,EFFECTIVE_PT_BEAM,INF_FROM_CANONICAL_FACE_NODES,CURRENT_WITH_PROVENANCE,ORDINARY_STRUCTURAL_MEMBER,Documented 6.45 m axis spacing remains separate from clear beam length.
M0G-M-G1-B-034,ORDINARY_BEAM,B-034,G1,G1,G1,16,8,M0G-F-G1-AN-065,M0G-F-G1-AN-066,4.2000,,,,,,ND,DOC_CONTINUITY,data/canonical/PT_VECTOR_BEAMS_v2.csv+data/canonical/PT_VECTOR_BEAMS_G6_PATCH_v1.csv,EFFECTIVE_PT_BEAM,INF_FROM_CANONICAL_FACE_NODES,CURRENT_WITH_PROVENANCE,ORDINARY_STRUCTURAL_MEMBER,Inherited documentary continuity/section claim.
M0G-M-G1-B-035,ORDINARY_BEAM,B-035,G1,G1,G1,23,24,M0G-F-G1-AN-067,M0G-F-G1-AN-068,4.3000,,,,,,ND,DOC_CONTINUITY,data/canonical/PT_VECTOR_BEAMS_v2.csv+data/canonical/PT_VECTOR_BEAMS_G6_PATCH_v1.csv,EFFECTIVE_PT_BEAM,INF_FROM_CANONICAL_FACE_NODES,CURRENT_WITH_PROVENANCE,ORDINARY_STRUCTURAL_MEMBER,Documentary column axis intersects P23 face at X=5.00; centroid remains distinct.
M0G-M-G1-B-036,ORDINARY_BEAM,B-036,G1,G1,G1,15,16,M0G-F-G1-AN-069,M0G-F-G1-AN-070,4.3000,,,,,,ND,DOC_CONTINUITY,data/canonical/PT_VECTOR_BEAMS_v2.csv+data/canonical/PT_VECTOR_BEAMS_G6_PATCH_v1.csv,EFFECTIVE_PT_BEAM,INF_FROM_CANONICAL_FACE_NODES,CURRENT_WITH_PROVENANCE,ORDINARY_STRUCTURAL_MEMBER,Inherited documentary continuity/section claim.
M0G-M-G1-B-038,ORDINARY_BEAM,B-038,G1,G1,G1,18,10,M0G-F-G1-AN-071,M0G-F-G1-AN-072,4.3760,,,,,,ND,DOC_CONTINUITY,data/canonical/PT_VECTOR_BEAMS_v2.csv+data/canonical/PT_VECTOR_BEAMS_G6_PATCH_v1.csv,EFFECTIVE_PT_BEAM,INF_FROM_CANONICAL_FACE_NODES,CURRENT_WITH_PROVENANCE,ORDINARY_STRUCTURAL_MEMBER,P18 physical-face endpoint used.
M0G-M-G1-B-039,ORDINARY_BEAM,B-039,G1,G1,G1,10,2,M0G-F-G1-AN-073,M0G-F-G1-AN-074,5.1000,,,,,,ND,DOC_CONTINUITY,data/canonical/PT_VECTOR_BEAMS_v2.csv+data/canonical/PT_VECTOR_BEAMS_G6_PATCH_v1.csv,EFFECTIVE_PT_BEAM,INF_FROM_CANONICAL_FACE_NODES,CURRENT_WITH_PROVENANCE,ORDINARY_STRUCTURAL_MEMBER,Inherited documentary continuity/section claim.
M0G-M-G1-B-040,ORDINARY_BEAM,B-040,G1,G1,G1,20,11,M0G-F-G1-AN-075,M0G-F-G1-AN-076,4.2682,,,,,,ND,DOC_CONTINUITY,data/canonical/PT_VECTOR_BEAMS_v2.csv+data/canonical/PT_VECTOR_BEAMS_G6_PATCH_v1.csv,EFFECTIVE_PT_BEAM,INF_FROM_CANONICAL_FACE_NODES,CURRENT_WITH_PROVENANCE,ORDINARY_STRUCTURAL_MEMBER,P20 X remains MIS_WATCH; vector existence inherited from source claim.
M0G-M-G1-B-041,ORDINARY_BEAM,B-041,G1,G1,G1,11,3,M0G-F-G1-AN-077,M0G-F-G1-AN-078,5.0500,,,,,,ND,DOC_CONTINUITY,data/canonical/PT_VECTOR_BEAMS_v2.csv+data/canonical/PT_VECTOR_BEAMS_G6_PATCH_v1.csv,EFFECTIVE_PT_BEAM,INF_FROM_CANONICAL_FACE_NODES,CURRENT_WITH_PROVENANCE,ORDINARY_STRUCTURAL_MEMBER,Inherited documentary continuity/section claim.
M0G-M-G1-B-042,ORDINARY_BEAM,B-042,G1,G1,G1,9,10,M0G-F-G1-AN-079,M0G-F-G1-AN-080,4.2500,,,,,,ND,DOC_CONTINUITY,data/canonical/PT_VECTOR_BEAMS_v2.csv+data/canonical/PT_VECTOR_BEAMS_G6_PATCH_v1.csv,EFFECTIVE_PT_BEAM,INF_FROM_CANONICAL_FACE_NODES,CURRENT_WITH_PROVENANCE,ORDINARY_STRUCTURAL_MEMBER,Inherited documentary continuity/section claim.
M0G-M-G1-B-043,ORDINARY_BEAM,B-043,G1,G1,G1,10,11,M0G-F-G1-AN-081,M0G-F-G1-AN-082,4.7000,,,,,,ND,DOC_CONTINUITY,data/canonical/PT_VECTOR_BEAMS_v2.csv+data/canonical/PT_VECTOR_BEAMS_G6_PATCH_v1.csv,EFFECTIVE_PT_BEAM,INF_FROM_CANONICAL_FACE_NODES,CURRENT_WITH_PROVENANCE,ORDINARY_STRUCTURAL_MEMBER,Inherited documentary continuity/section claim.
M0G-M-G1-B-045,ORDINARY_BEAM,B-045,G1,G1,G1,14,6,M0G-F-G1-AN-083,M0G-F-G1-AN-084,4.1500,,,,,,ND,DOC_CONTINUITY,data/canonical/PT_VECTOR_BEAMS_v2.csv+data/canonical/PT_VECTOR_BEAMS_G6_PATCH_v1.csv,EFFECTIVE_PT_BEAM,INF_FROM_CANONICAL_FACE_NODES,CURRENT_WITH_PROVENANCE,ORDINARY_STRUCTURAL_MEMBER,Inherited documentary continuity/section claim.
M0G-M-G1-B-046,ORDINARY_BEAM,B-046,G1,G1,G1,14,15,M0G-F-G1-AN-085,M0G-F-G1-AN-086,4.9000,,,65x30,,,DOC,DOC_SECTION_BOUND,data/canonical/PT_VECTOR_BEAMS_v2.csv+data/canonical/PT_VECTOR_BEAMS_G6_PATCH_v1.csv,EFFECTIVE_PT_BEAM,INF_FROM_CANONICAL_FACE_NODES,CURRENT_WITH_PROVENANCE,ORDINARY_STRUCTURAL_MEMBER,Section callout retained as beam section.
M0G-M-G1-B-047,ORDINARY_BEAM,B-047,G1,G1,G1,22,22',M0G-F-G1-AN-087,M0G-F-G1-AN-088,0.7800,,,,,,ND,DOC_CONTINUITY_MIS_LENGTH,data/canonical/PT_VECTOR_BEAMS_v2.csv+data/canonical/PT_VECTOR_BEAMS_G6_PATCH_v1.csv,EFFECTIVE_PT_BEAM,INF_FROM_CANONICAL_FACE_NODES,CURRENT_WITH_PROVENANCE,ORDINARY_STRUCTURAL_MEMBER,Beam existence documentary; center spacing remains MIS-supported rather than DOC.
M0G-M-G1-B-048,ORDINARY_BEAM,B-048,G1,G1,G1,11,12,M0G-F-G1-AN-089,M0G-F-G1-AN-090,2.8225,,,120x20,,,DOC,DOC_SECTION_BOUND,data/canonical/PT_VECTOR_BEAMS_v2.csv+data/canonical/PT_VECTOR_BEAMS_G6_PATCH_v1.csv,EFFECTIVE_PT_BEAM,INF_FROM_CANONICAL_FACE_NODES,CURRENT_WITH_PROVENANCE,ORDINARY_STRUCTURAL_MEMBER,P12 Y includes MIS completion; 120x20 is beam section.
M0G-M-G1-B-049,ORDINARY_BEAM,B-049,G1,G1,G1,12,13,M0G-F-G1-AN-091,M0G-F-G1-AN-092,1.8372,,,120x20,,,DOC,DOC_SECTION_BOUND,data/canonical/PT_VECTOR_BEAMS_v2.csv+data/canonical/PT_VECTOR_BEAMS_G6_PATCH_v1.csv,EFFECTIVE_PT_BEAM,INF_FROM_CANONICAL_FACE_NODES,CURRENT_WITH_PROVENANCE,ORDINARY_STRUCTURAL_MEMBER,Inclined documentary segment; 120x20 is beam section.
M0G-M-G1-B-050,ORDINARY_BEAM,B-050,G1,G1,G1,13,14,M0G-F-G1-AN-093,M0G-F-G1-AN-094,2.5000,,,120x20,,,DOC,DOC_SECTION_BOUND,data/canonical/PT_VECTOR_BEAMS_v2.csv+data/canonical/PT_VECTOR_BEAMS_G6_PATCH_v1.csv,EFFECTIVE_PT_BEAM,INF_FROM_CANONICAL_FACE_NODES,CURRENT_WITH_PROVENANCE,ORDINARY_STRUCTURAL_MEMBER,Section callout retained as beam section.
M0G-M-G1-B-051,ORDINARY_BEAM,B-051,G1,G1,G1,20,21,M0G-F-G1-AN-095,M0G-F-G1-AN-096,5.3051,,,65x30,,,DOC,DOC_SECTION_BOUND,data/canonical/PT_VECTOR_BEAMS_v2.csv+data/canonical/PT_VECTOR_BEAMS_G6_PATCH_v1.csv,EFFECTIVE_PT_BEAM,INF_FROM_CANONICAL_FACE_NODES,CURRENT_WITH_PROVENANCE,ORDINARY_STRUCTURAL_MEMBER,Direct r3_c2 diagonal P20-P21 with 65x30 beam section.
M0G-M-G1-B-052,ORDINARY_BEAM,B-052,G1,G1,G1,19,20,M0G-F-G1-AN-097,M0G-F-G1-AN-098,0.4000,,,,,,ND,DOC_DIRECT_SOURCE_PATCH,data/canonical/PT_VECTOR_BEAMS_v2.csv+data/canonical/PT_VECTOR_BEAMS_G6_PATCH_v1.csv,EFFECTIVE_PT_BEAM,INF_FROM_CANONICAL_FACE_NODES,CURRENT_WITH_PROVENANCE,ORDINARY_STRUCTURAL_MEMBER,Direct P19-P20 member; endpoints are the facing support boundaries.
M0G-M-G1-B-053,ORDINARY_BEAM,B-053,G1,G1,G1,18,19,M0G-F-G1-AN-099,M0G-F-G1-AN-100,3.8677,,,50x20,,,DOC,DOC_DIRECT_SOURCE_PATCH,data/canonical/PT_VECTOR_BEAMS_v2.csv+data/canonical/PT_VECTOR_BEAMS_G6_PATCH_v1.csv,EFFECTIVE_PT_BEAM,INF_FROM_CANONICAL_FACE_NODES,CURRENT_WITH_PROVENANCE,ORDINARY_STRUCTURAL_MEMBER,Formal M0G local reopen: direct 18-19 carpenteria line; TAV-02A sequence 18-19-20 crosscheck.
M0G-M-G1-B-054,ORDINARY_BEAM,B-054,G1,G1,G1,23,22',M0G-F-G1-AN-101,M0G-F-G1-AN-102,3.7814,,,50x20,,,DOC,DOC_DIRECT_SOURCE_PATCH,data/canonical/PT_VECTOR_BEAMS_v2.csv+data/canonical/PT_VECTOR_BEAMS_G6_PATCH_v1.csv,EFFECTIVE_PT_BEAM,INF_FROM_CANONICAL_FACE_NODES,CURRENT_WITH_PROVENANCE,ORDINARY_STRUCTURAL_MEMBER,Formal M0G local reopen: direct 23-22-prime carpenteria line; TAV-02A sequence 23-22-prime-22-21 crosscheck.
M0G-M-G2-B001,ORDINARY_BEAM,G2-B001,G2,G2,G2,1,2,M0G-F-G2-B001-FROM,M0G-F-G2-B001-TO,4.2750,,,25x70,,,DOC,DOC,data/canonical/STOREY_BEAMS_G2_v1.csv,ORDINARY_BEAM,INF_FROM_CANONICAL_FACE_NODES,CURRENT_WITH_PROVENANCE,ORDINARY_STRUCTURAL_MEMBER,
M0G-M-G2-B002,ORDINARY_BEAM,G2-B002,G2,G2,G2,2,3,M0G-F-G2-B002-FROM,M0G-F-G2-B002-TO,4.7000,,,25x70,,,DOC,DOC,data/canonical/STOREY_BEAMS_G2_v1.csv,ORDINARY_BEAM,INF_FROM_CANONICAL_FACE_NODES,CURRENT_WITH_PROVENANCE,ORDINARY_STRUCTURAL_MEMBER,
M0G-M-G2-B003,ORDINARY_BEAM,G2-B003,G2,G2,G2,3,4,M0G-F-G2-B003-FROM,M0G-F-G2-B003-TO,3.7250,,,25x70,,,DOC,DOC,data/canonical/STOREY_BEAMS_G2_v1.csv,ORDINARY_BEAM,INF_FROM_CANONICAL_FACE_NODES,CURRENT_WITH_PROVENANCE,ORDINARY_STRUCTURAL_MEMBER,
M0G-M-G2-B004,ORDINARY_BEAM,G2-B004,G2,G2,G2,4,5,M0G-F-G2-B004-FROM,M0G-F-G2-B004-TO,1.5000,,,25x70,,,DOC,DOC,data/canonical/STOREY_BEAMS_G2_v1.csv,ORDINARY_BEAM,INF_FROM_CANONICAL_FACE_NODES,CURRENT_WITH_PROVENANCE,ORDINARY_STRUCTURAL_MEMBER,
M0G-M-G2-B005,ORDINARY_BEAM,G2-B005,G2,G2,G2,5,6,M0G-F-G2-B005-FROM,M0G-F-G2-B005-TO,3.7250,,,25x70,,,DOC,DOC,data/canonical/STOREY_BEAMS_G2_v1.csv,ORDINARY_BEAM,INF_FROM_CANONICAL_FACE_NODES,CURRENT_WITH_PROVENANCE,ORDINARY_STRUCTURAL_MEMBER,
M0G-M-G2-B006,ORDINARY_BEAM,G2-B006,G2,G2,G2,6,7,M0G-F-G2-B006-FROM,M0G-F-G2-B006-TO,4.9000,,,25x70,,,DOC,DOC,data/canonical/STOREY_BEAMS_G2_v1.csv,ORDINARY_BEAM,INF_FROM_CANONICAL_FACE_NODES,CURRENT_WITH_PROVENANCE,ORDINARY_STRUCTURAL_MEMBER,
M0G-M-G2-B007,ORDINARY_BEAM,G2-B007,G2,G2,G2,7,8,M0G-F-G2-B007-FROM,M0G-F-G2-B007-TO,4.2750,,,25x70,,,DOC,DOC,data/canonical/STOREY_BEAMS_G2_v1.csv,ORDINARY_BEAM,INF_FROM_CANONICAL_FACE_NODES,CURRENT_WITH_PROVENANCE,ORDINARY_STRUCTURAL_MEMBER,
M0G-M-G2-B008,ORDINARY_BEAM,G2-B008,G2,G2,G2,1,9,M0G-F-G2-B008-FROM,M0G-F-G2-B008-TO,5.2000,,,25x70,,,DOC,DOC,data/canonical/STOREY_BEAMS_G2_v1.csv,ORDINARY_BEAM,INF_FROM_CANONICAL_FACE_NODES,CURRENT_WITH_PROVENANCE,ORDINARY_STRUCTURAL_MEMBER,
M0G-M-G2-B009,ORDINARY_BEAM,G2-B009,G2,G2,G2,2,10,M0G-F-G2-B009-FROM,M0G-F-G2-B009-TO,5.1250,,,50x20,,,DOC,DOC,data/canonical/STOREY_BEAMS_G2_v1.csv,ORDINARY_BEAM,INF_FROM_CANONICAL_FACE_NODES,CURRENT_WITH_PROVENANCE,ORDINARY_STRUCTURAL_MEMBER,
M0G-M-G2-B010,ORDINARY_BEAM,G2-B010,G2,G2,G2,3,11,M0G-F-G2-B010-FROM,M0G-F-G2-B010-TO,5.1250,,,50x20,,,DOC,DOC,data/canonical/STOREY_BEAMS_G2_v1.csv,ORDINARY_BEAM,INF_FROM_CANONICAL_FACE_NODES,CURRENT_WITH_PROVENANCE,ORDINARY_STRUCTURAL_MEMBER,
M0G-M-G2-B011,ORDINARY_BEAM,G2-B011,G2,G2,G2,6,14,M0G-F-G2-B011-FROM,M0G-F-G2-B011-TO,4.1750,,,50x20,,,DOC,DOC,data/canonical/STOREY_BEAMS_G2_v1.csv,ORDINARY_BEAM,INF_FROM_CANONICAL_FACE_NODES,CURRENT_WITH_PROVENANCE,ORDINARY_STRUCTURAL_MEMBER,
M0G-M-G2-B012,ORDINARY_BEAM,G2-B012,G2,G2,G2,7,15,M0G-F-G2-B012-FROM,M0G-F-G2-B012-TO,4.1750,,,50x20,,,DOC,DOC,data/canonical/STOREY_BEAMS_G2_v1.csv,ORDINARY_BEAM,INF_FROM_CANONICAL_FACE_NODES,CURRENT_WITH_PROVENANCE,ORDINARY_STRUCTURAL_MEMBER,
M0G-M-G2-B013,ORDINARY_BEAM,G2-B013,G2,G2,G2,8,16,M0G-F-G2-B013-FROM,M0G-F-G2-B013-TO,4.2500,,,25x70,,,DOC,DOC,data/canonical/STOREY_BEAMS_G2_v1.csv,ORDINARY_BEAM,INF_FROM_CANONICAL_FACE_NODES,CURRENT_WITH_PROVENANCE,ORDINARY_STRUCTURAL_MEMBER,
M0G-M-G2-B014,ORDINARY_BEAM,G2-B014,G2,G2,G2,9,10,M0G-F-G2-B014-FROM,M0G-F-G2-B014-TO,4.3000,,,140x20,,,DOC,DOC,data/canonical/STOREY_BEAMS_G2_v1.csv,ORDINARY_BEAM,INF_FROM_CANONICAL_FACE_NODES,CURRENT_WITH_PROVENANCE,ORDINARY_STRUCTURAL_MEMBER,
M0G-M-G2-B015,ORDINARY_BEAM,G2-B015,G2,G2,G2,10,11,M0G-F-G2-B015-FROM,M0G-F-G2-B015-TO,4.7500,,,140x20,,,DOC,DOC,data/canonical/STOREY_BEAMS_G2_v1.csv,ORDINARY_BEAM,INF_FROM_CANONICAL_FACE_NODES,CURRENT_WITH_PROVENANCE,ORDINARY_STRUCTURAL_MEMBER,
M0G-M-G2-B016,ORDINARY_BEAM,G2-B016,G2,G2,G2,11,12,M0G-F-G2-B016-FROM,M0G-F-G2-B016-TO,2.8475,,,140x20,,,DOC,DOC,data/canonical/STOREY_BEAMS_G2_v1.csv,ORDINARY_BEAM,INF_FROM_CANONICAL_FACE_NODES,CURRENT_WITH_PROVENANCE,ORDINARY_STRUCTURAL_MEMBER,
M0G-M-G2-B017,ORDINARY_BEAM,G2-B017,G2,G2,G2,13,14,M0G-F-G2-B017-FROM,M0G-F-G2-B017-TO,2.5500,,,140x20,,,DOC,DOC,data/canonical/STOREY_BEAMS_G2_v1.csv,ORDINARY_BEAM,INF_FROM_CANONICAL_FACE_NODES,CURRENT_WITH_PROVENANCE,ORDINARY_STRUCTURAL_MEMBER,
M0G-M-G2-B018,ORDINARY_BEAM,G2-B018,G2,G2,G2,14,15,M0G-F-G2-B018-FROM,M0G-F-G2-B018-TO,4.9500,,,140x20,,,DOC,DOC,data/canonical/STOREY_BEAMS_G2_v1.csv,ORDINARY_BEAM,INF_FROM_CANONICAL_FACE_NODES,CURRENT_WITH_PROVENANCE,ORDINARY_STRUCTURAL_MEMBER,
M0G-M-G2-B019,ORDINARY_BEAM,G2-B019,G2,G2,G2,15,16,M0G-F-G2-B019-FROM,M0G-F-G2-B019-TO,4.3000,,,140x20,,,DOC,DOC,data/canonical/STOREY_BEAMS_G2_v1.csv,ORDINARY_BEAM,INF_FROM_CANONICAL_FACE_NODES,CURRENT_WITH_PROVENANCE,ORDINARY_STRUCTURAL_MEMBER,
M0G-M-G2-B020,ORDINARY_BEAM,G2-B020,G2,G2,G2,11,20,M0G-F-G2-B020-FROM,M0G-F-G2-B020-TO,4.2932,,,50x20,,,DOC,DOC,data/canonical/STOREY_BEAMS_G2_v1.csv,ORDINARY_BEAM,INF_FROM_CANONICAL_FACE_NODES,CURRENT_WITH_PROVENANCE,ORDINARY_STRUCTURAL_MEMBER,
M0G-M-G2-B021,ORDINARY_BEAM,G2-B021,G2,G2,G2,10,18,M0G-F-G2-B021-FROM,M0G-F-G2-B021-TO,4.7760,,,50x20,,,DOC,DOC,data/canonical/STOREY_BEAMS_G2_v1.csv,ORDINARY_BEAM,INF_FROM_CANONICAL_FACE_NODES,CURRENT_WITH_PROVENANCE,ORDINARY_STRUCTURAL_MEMBER,Direct source beam trace is slightly oblique in registered common XY; incidence face uses dominant documented run direction.
M0G-M-G2-B022,ORDINARY_BEAM,G2-B022,G2,G2,G2,9,17,M0G-F-G2-B022-FROM,M0G-F-G2-B022-TO,5.1000,,,25x70,,,DOC,DOC,data/canonical/STOREY_BEAMS_G2_v1.csv,ORDINARY_BEAM,INF_FROM_CANONICAL_FACE_NODES,CURRENT_WITH_PROVENANCE,ORDINARY_STRUCTURAL_MEMBER,
M0G-M-G2-B023,ORDINARY_BEAM,G2-B023,G2,G2,G2,13,21,M0G-F-G2-B023-FROM,M0G-F-G2-B023-TO,5.4750,,,50x20,,,DOC,DOC,data/canonical/STOREY_BEAMS_G2_v1.csv,ORDINARY_BEAM,INF_FROM_CANONICAL_FACE_NODES,CURRENT_WITH_PROVENANCE,ORDINARY_STRUCTURAL_MEMBER,
M0G-M-G2-B024,ORDINARY_BEAM,G2-B024,G2,G2,G2,14,22,M0G-F-G2-B024-FROM,M0G-F-G2-B024-TO,5.4750,,,50x20,,,DOC,DOC,data/canonical/STOREY_BEAMS_G2_v1.csv,ORDINARY_BEAM,INF_FROM_CANONICAL_FACE_NODES,CURRENT_WITH_PROVENANCE,ORDINARY_STRUCTURAL_MEMBER,
M0G-M-G2-B025,ORDINARY_BEAM,G2-B025,G2,G2,G2,15,23,M0G-F-G2-B025-FROM,M0G-F-G2-B025-TO,5.8211,,,50x20,,,DOC,DOC,data/canonical/STOREY_BEAMS_G2_v1.csv,ORDINARY_BEAM,INF_FROM_CANONICAL_FACE_NODES,CURRENT_WITH_PROVENANCE,ORDINARY_STRUCTURAL_MEMBER,Direct source beam trace is slightly oblique in registered common XY; incidence face uses dominant documented run direction.
M0G-M-G2-B026,ORDINARY_BEAM,G2-B026,G2,G2,G2,16,24,M0G-F-G2-B026-FROM,M0G-F-G2-B026-TO,6.0500,,,25x70,,,DOC,DOC,data/canonical/STOREY_BEAMS_G2_v1.csv,ORDINARY_BEAM,INF_FROM_CANONICAL_FACE_NODES,CURRENT_WITH_PROVENANCE,ORDINARY_STRUCTURAL_MEMBER,Direct source beam trace is slightly oblique in registered common XY; incidence face uses dominant documented run direction.
M0G-M-G2-B027,ORDINARY_BEAM,G2-B027,G2,G2,G2,19,20,M0G-F-G2-B027-FROM,M0G-F-G2-B027-TO,0.4250,,,25x70,,,DOC,DOC,data/canonical/STOREY_BEAMS_G2_v1.csv,ORDINARY_BEAM,INF_FROM_CANONICAL_FACE_NODES,CURRENT_WITH_PROVENANCE,ORDINARY_STRUCTURAL_MEMBER,Short support-to-support span on a continuous TAV-03S beam run; section carried only along the same directly traced member with no change symbol.
M0G-M-G2-B028,ORDINARY_BEAM,G2-B028,G2,G2,G2,18,19,M0G-F-G2-B028-FROM,M0G-F-G2-B028-TO,3.4910,,,25x70,,,DOC,DOC,data/canonical/STOREY_BEAMS_G2_v1.csv,ORDINARY_BEAM,INF_FROM_CANONICAL_FACE_NODES,CURRENT_WITH_PROVENANCE,ORDINARY_STRUCTURAL_MEMBER,Direct source beam trace is slightly oblique in registered common XY; incidence face uses dominant documented run direction.
M0G-M-G2-B029,ORDINARY_BEAM,G2-B029,G2,G2,G2,17,18,M0G-F-G2-B029-FROM,M0G-F-G2-B029-TO,3.9343,,,25x70,,,DOC,DOC,data/canonical/STOREY_BEAMS_G2_v1.csv,ORDINARY_BEAM,INF_FROM_CANONICAL_FACE_NODES,CURRENT_WITH_PROVENANCE,ORDINARY_STRUCTURAL_MEMBER,Direct source beam trace is slightly oblique in registered common XY; incidence face uses dominant documented run direction.
M0G-M-G2-B030,ORDINARY_BEAM,G2-B030,G2,G2,G2,19,25,M0G-F-G2-B030-FROM,M0G-F-G2-B030-TO,3.7818,,,25x70,,,DOC,DOC,data/canonical/STOREY_BEAMS_G2_v1.csv,ORDINARY_BEAM,INF_FROM_CANONICAL_FACE_NODES,CURRENT_WITH_PROVENANCE,ORDINARY_STRUCTURAL_MEMBER,
M0G-M-G2-B031,ORDINARY_BEAM,G2-B031,G2,G2,G2,21,22,M0G-F-G2-B031-FROM,M0G-F-G2-B031-TO,2.4000,,,50x20,,,DOC,DOC,data/canonical/STOREY_BEAMS_G2_v1.csv,ORDINARY_BEAM,INF_FROM_CANONICAL_FACE_NODES,CURRENT_WITH_PROVENANCE,ORDINARY_STRUCTURAL_MEMBER,
M0G-M-G2-B032,ORDINARY_BEAM,G2-B032,G2,G2,G2,22,22',M0G-F-G2-B032-FROM,M0G-F-G2-B032-TO,0.7300,,,50x20,,,DOC,DOC,data/canonical/STOREY_BEAMS_G2_v1.csv,ORDINARY_BEAM,INF_FROM_CANONICAL_FACE_NODES,CURRENT_WITH_PROVENANCE,ORDINARY_STRUCTURAL_MEMBER,Short support-to-support span on a continuous TAV-03S beam run; section carried only along the same directly traced member with no change symbol.
M0G-M-G2-B033,ORDINARY_BEAM,G2-B033,G2,G2,G2,22',23,M0G-F-G2-B033-FROM,M0G-F-G2-B033-TO,3.3802,,,25x70,,,DOC,DOC,data/canonical/STOREY_BEAMS_G2_v1.csv,ORDINARY_BEAM,INF_FROM_CANONICAL_FACE_NODES,CURRENT_WITH_PROVENANCE,ORDINARY_STRUCTURAL_MEMBER,Direct source beam trace is slightly oblique in registered common XY; incidence face uses dominant documented run direction.
M0G-M-G2-B034,ORDINARY_BEAM,G2-B034,G2,G2,G2,23,24,M0G-F-G2-B034-FROM,M0G-F-G2-B034-TO,3.9296,,,25x70,,,DOC,DOC,data/canonical/STOREY_BEAMS_G2_v1.csv,ORDINARY_BEAM,INF_FROM_CANONICAL_FACE_NODES,CURRENT_WITH_PROVENANCE,ORDINARY_STRUCTURAL_MEMBER,Direct source beam trace is slightly oblique in registered common XY; incidence face uses dominant documented run direction.
M0G-M-G2-B035,ORDINARY_BEAM,G2-B035,G2,G2,G2,21,26,M0G-F-G2-B035-FROM,M0G-F-G2-B035-TO,1.7500,,,140x20,,,DOC,DOC,data/canonical/STOREY_BEAMS_G2_v1.csv,ORDINARY_BEAM,INF_FROM_CANONICAL_FACE_NODES,CURRENT_WITH_PROVENANCE,ORDINARY_STRUCTURAL_MEMBER,
M0G-M-G2-B036,ORDINARY_BEAM,G2-B036,G2,G2,G2,22',27,M0G-F-G2-B036-FROM,M0G-F-G2-B036-TO,1.6750,,,25x70,,,DOC,DOC,data/canonical/STOREY_BEAMS_G2_v1.csv,ORDINARY_BEAM,INF_FROM_CANONICAL_FACE_NODES,CURRENT_WITH_PROVENANCE,ORDINARY_STRUCTURAL_MEMBER,
M0G-M-G2-B037,ORDINARY_BEAM,G2-B037,G2,G2,G2,25,26,M0G-F-G2-B037-FROM,M0G-F-G2-B037-TO,5.7750,,,50x20,,,DOC,DOC,data/canonical/STOREY_BEAMS_G2_v1.csv,ORDINARY_BEAM,INF_FROM_CANONICAL_FACE_NODES,CURRENT_WITH_PROVENANCE,ORDINARY_STRUCTURAL_MEMBER,
M0G-M-G2-B038,ORDINARY_BEAM,G2-B038,G2,G2,G2,26,27,M0G-F-G2-B038-FROM,M0G-F-G2-B038-TO,3.6050,,,50x20,,,DOC,DOC,data/canonical/STOREY_BEAMS_G2_v1.csv,ORDINARY_BEAM,INF_FROM_CANONICAL_FACE_NODES,CURRENT_WITH_PROVENANCE,ORDINARY_STRUCTURAL_MEMBER,
M0G-M-G2-B039,ORDINARY_BEAM,G2-B039,G2,G2,G2,25,28,M0G-F-G2-B039-FROM,M0G-F-G2-B039-TO,3.0500,,,25x70,,,DOC,DOC,data/canonical/STOREY_BEAMS_G2_v1.csv,ORDINARY_BEAM,INF_FROM_CANONICAL_FACE_NODES,CURRENT_WITH_PROVENANCE,ORDINARY_STRUCTURAL_MEMBER,
M0G-M-G2-B040,ORDINARY_BEAM,G2-B040,G2,G2,G2,26,29,M0G-F-G2-B040-FROM,M0G-F-G2-B040-TO,3.1000,,,140x20,,,DOC,DOC,data/canonical/STOREY_BEAMS_G2_v1.csv,ORDINARY_BEAM,INF_FROM_CANONICAL_FACE_NODES,CURRENT_WITH_PROVENANCE,ORDINARY_STRUCTURAL_MEMBER,
M0G-M-G2-B041,ORDINARY_BEAM,G2-B041,G2,G2,G2,27,30,M0G-F-G2-B041-FROM,M0G-F-G2-B041-TO,2.7232,,,25x70,,,DOC,DOC,data/canonical/STOREY_BEAMS_G2_v1.csv,ORDINARY_BEAM,INF_FROM_CANONICAL_FACE_NODES,CURRENT_WITH_PROVENANCE,ORDINARY_STRUCTURAL_MEMBER,Direct source beam trace is slightly oblique in registered common XY; incidence face uses dominant documented run direction.
M0G-M-G2-B042,ORDINARY_BEAM,G2-B042,G2,G2,G2,28,29,M0G-F-G2-B042-FROM,M0G-F-G2-B042-TO,5.7750,,,50x20,,,DOC,DOC,data/canonical/STOREY_BEAMS_G2_v1.csv,ORDINARY_BEAM,INF_FROM_CANONICAL_FACE_NODES,CURRENT_WITH_PROVENANCE,ORDINARY_STRUCTURAL_MEMBER,
M0G-M-G2-B043,ORDINARY_BEAM,G2-B043,G2,G2,G2,29,30,M0G-F-G2-B043-FROM,M0G-F-G2-B043-TO,4.1334,,,50x20,,,DOC,DOC,data/canonical/STOREY_BEAMS_G2_v1.csv,ORDINARY_BEAM,INF_FROM_CANONICAL_FACE_NODES,CURRENT_WITH_PROVENANCE,ORDINARY_STRUCTURAL_MEMBER,Direct source beam trace is slightly oblique in registered common XY; incidence face uses dominant documented run direction.
M0G-M-G2-B044,ORDINARY_BEAM,G2-B044,G2,G2,G2,28,31,M0G-F-G2-B044-FROM,M0G-F-G2-B044-TO,4.3000,,,25x70,,,DOC,DOC,data/canonical/STOREY_BEAMS_G2_v1.csv,ORDINARY_BEAM,INF_FROM_CANONICAL_FACE_NODES,CURRENT_WITH_PROVENANCE,ORDINARY_STRUCTURAL_MEMBER,
M0G-M-G2-B045,ORDINARY_BEAM,G2-B045,G2,G2,G2,29,32,M0G-F-G2-B045-FROM,M0G-F-G2-B045-TO,4.3000,,,140x20,,,DOC,DOC,data/canonical/STOREY_BEAMS_G2_v1.csv,ORDINARY_BEAM,INF_FROM_CANONICAL_FACE_NODES,CURRENT_WITH_PROVENANCE,ORDINARY_STRUCTURAL_MEMBER,
M0G-M-G2-B046,ORDINARY_BEAM,G2-B046,G2,G2,G2,30,33,M0G-F-G2-B046-FROM,M0G-F-G2-B046-TO,3.9655,,,25x70,,,DOC,DOC,data/canonical/STOREY_BEAMS_G2_v1.csv,ORDINARY_BEAM,INF_FROM_CANONICAL_FACE_NODES,CURRENT_WITH_PROVENANCE,ORDINARY_STRUCTURAL_MEMBER,Direct source beam trace is slightly oblique in registered common XY; incidence face uses dominant documented run direction.
M0G-M-G2-B047,ORDINARY_BEAM,G2-B047,G2,G2,G2,31,32,M0G-F-G2-B047-FROM,M0G-F-G2-B047-TO,5.8250,,,25x70,,,DOC,DOC,data/canonical/STOREY_BEAMS_G2_v1.csv,ORDINARY_BEAM,INF_FROM_CANONICAL_FACE_NODES,CURRENT_WITH_PROVENANCE,ORDINARY_STRUCTURAL_MEMBER,
M0G-M-G2-B048,ORDINARY_BEAM,G2-B048,G2,G2,G2,32,33,M0G-F-G2-B048-FROM,M0G-F-G2-B048-TO,4.5250,,,25x70,,,DOC,DOC,data/canonical/STOREY_BEAMS_G2_v1.csv,ORDINARY_BEAM,INF_FROM_CANONICAL_FACE_NODES,CURRENT_WITH_PROVENANCE,ORDINARY_STRUCTURAL_MEMBER,
M0G-M-G3-B001,ORDINARY_BEAM,G3-B001,G3,G3,G3,1,2,M0G-F-G3-B001-FROM,M0G-F-G3-B001-TO,4.3000,,,25x70,,,DOC,DOC,data/canonical/STOREY_BEAMS_G3_v1.csv,ORDINARY_BEAM,INF_FROM_CANONICAL_FACE_NODES,CURRENT_WITH_PROVENANCE,ORDINARY_STRUCTURAL_MEMBER,
M0G-M-G3-B002,ORDINARY_BEAM,G3-B002,G3,G3,G3,2,3,M0G-F-G3-B002-FROM,M0G-F-G3-B002-TO,4.7000,,,25x70,,,DOC,DOC,data/canonical/STOREY_BEAMS_G3_v1.csv,ORDINARY_BEAM,INF_FROM_CANONICAL_FACE_NODES,CURRENT_WITH_PROVENANCE,ORDINARY_STRUCTURAL_MEMBER,
M0G-M-G3-B003,ORDINARY_BEAM,G3-B003,G3,G3,G3,3,4,M0G-F-G3-B003-FROM,M0G-F-G3-B003-TO,3.7500,,,25x70,,,DOC,DOC,data/canonical/STOREY_BEAMS_G3_v1.csv,ORDINARY_BEAM,INF_FROM_CANONICAL_FACE_NODES,CURRENT_WITH_PROVENANCE,ORDINARY_STRUCTURAL_MEMBER,
M0G-M-G3-B004,ORDINARY_BEAM,G3-B004,G3,G3,G3,4,5,M0G-F-G3-B004-FROM,M0G-F-G3-B004-TO,1.5000,,,25x70,,,DOC,DOC,data/canonical/STOREY_BEAMS_G3_v1.csv,ORDINARY_BEAM,INF_FROM_CANONICAL_FACE_NODES,CURRENT_WITH_PROVENANCE,ORDINARY_STRUCTURAL_MEMBER,
M0G-M-G3-B005,ORDINARY_BEAM,G3-B005,G3,G3,G3,5,6,M0G-F-G3-B005-FROM,M0G-F-G3-B005-TO,3.7500,,,25x70,,,DOC,DOC,data/canonical/STOREY_BEAMS_G3_v1.csv,ORDINARY_BEAM,INF_FROM_CANONICAL_FACE_NODES,CURRENT_WITH_PROVENANCE,ORDINARY_STRUCTURAL_MEMBER,
M0G-M-G3-B006,ORDINARY_BEAM,G3-B006,G3,G3,G3,6,7,M0G-F-G3-B006-FROM,M0G-F-G3-B006-TO,4.9000,,,25x70,,,DOC,DOC,data/canonical/STOREY_BEAMS_G3_v1.csv,ORDINARY_BEAM,INF_FROM_CANONICAL_FACE_NODES,CURRENT_WITH_PROVENANCE,ORDINARY_STRUCTURAL_MEMBER,
M0G-M-G3-B007,ORDINARY_BEAM,G3-B007,G3,G3,G3,7,8,M0G-F-G3-B007-FROM,M0G-F-G3-B007-TO,4.3000,,,25x70,,,DOC,DOC,data/canonical/STOREY_BEAMS_G3_v1.csv,ORDINARY_BEAM,INF_FROM_CANONICAL_FACE_NODES,CURRENT_WITH_PROVENANCE,ORDINARY_STRUCTURAL_MEMBER,
M0G-M-G3-B008,ORDINARY_BEAM,G3-B008,G3,G3,G3,1,9,M0G-F-G3-B008-FROM,M0G-F-G3-B008-TO,5.2000,,,25x70,,,DOC,DOC,data/canonical/STOREY_BEAMS_G3_v1.csv,ORDINARY_BEAM,INF_FROM_CANONICAL_FACE_NODES,CURRENT_WITH_PROVENANCE,ORDINARY_STRUCTURAL_MEMBER,
M0G-M-G3-B009,ORDINARY_BEAM,G3-B009,G3,G3,G3,2,10,M0G-F-G3-B009-FROM,M0G-F-G3-B009-TO,5.1500,,,50x20,,,DOC,DOC,data/canonical/STOREY_BEAMS_G3_v1.csv,ORDINARY_BEAM,INF_FROM_CANONICAL_FACE_NODES,CURRENT_WITH_PROVENANCE,ORDINARY_STRUCTURAL_MEMBER,
M0G-M-G3-B010,ORDINARY_BEAM,G3-B010,G3,G3,G3,3,11,M0G-F-G3-B010-FROM,M0G-F-G3-B010-TO,5.1500,,,50x20,,,DOC,DOC,data/canonical/STOREY_BEAMS_G3_v1.csv,ORDINARY_BEAM,INF_FROM_CANONICAL_FACE_NODES,CURRENT_WITH_PROVENANCE,ORDINARY_STRUCTURAL_MEMBER,
M0G-M-G3-B011,ORDINARY_BEAM,G3-B011,G3,G3,G3,6,14,M0G-F-G3-B011-FROM,M0G-F-G3-B011-TO,4.2000,,,50x20,,,DOC,DOC,data/canonical/STOREY_BEAMS_G3_v1.csv,ORDINARY_BEAM,INF_FROM_CANONICAL_FACE_NODES,CURRENT_WITH_PROVENANCE,ORDINARY_STRUCTURAL_MEMBER,
M0G-M-G3-B012,ORDINARY_BEAM,G3-B012,G3,G3,G3,7,15,M0G-F-G3-B012-FROM,M0G-F-G3-B012-TO,4.2000,,,50x20,,,DOC,DOC,data/canonical/STOREY_BEAMS_G3_v1.csv,ORDINARY_BEAM,INF_FROM_CANONICAL_FACE_NODES,CURRENT_WITH_PROVENANCE,ORDINARY_STRUCTURAL_MEMBER,
M0G-M-G3-B013,ORDINARY_BEAM,G3-B013,G3,G3,G3,8,16,M0G-F-G3-B013-FROM,M0G-F-G3-B013-TO,4.2500,,,25x70,,,DOC,DOC,data/canonical/STOREY_BEAMS_G3_v1.csv,ORDINARY_BEAM,INF_FROM_CANONICAL_FACE_NODES,CURRENT_WITH_PROVENANCE,ORDINARY_STRUCTURAL_MEMBER,
M0G-M-G3-B014,ORDINARY_BEAM,G3-B014,G3,G3,G3,9,10,M0G-F-G3-B014-FROM,M0G-F-G3-B014-TO,4.3500,,,140x20,,,DOC,DOC,data/canonical/STOREY_BEAMS_G3_v1.csv,ORDINARY_BEAM,INF_FROM_CANONICAL_FACE_NODES,CURRENT_WITH_PROVENANCE,ORDINARY_STRUCTURAL_MEMBER,
M0G-M-G3-B015,ORDINARY_BEAM,G3-B015,G3,G3,G3,10,11,M0G-F-G3-B015-FROM,M0G-F-G3-B015-TO,4.8000,,,140x20,,,DOC,DOC,data/canonical/STOREY_BEAMS_G3_v1.csv,ORDINARY_BEAM,INF_FROM_CANONICAL_FACE_NODES,CURRENT_WITH_PROVENANCE,ORDINARY_STRUCTURAL_MEMBER,
M0G-M-G3-B016,ORDINARY_BEAM,G3-B016,G3,G3,G3,11,12,M0G-F-G3-B016-FROM,M0G-F-G3-B016-TO,2.8725,,,140x20,,,DOC,DOC,data/canonical/STOREY_BEAMS_G3_v1.csv,ORDINARY_BEAM,INF_FROM_CANONICAL_FACE_NODES,CURRENT_WITH_PROVENANCE,ORDINARY_STRUCTURAL_MEMBER,
M0G-M-G3-B017,ORDINARY_BEAM,G3-B017,G3,G3,G3,13,14,M0G-F-G3-B017-FROM,M0G-F-G3-B017-TO,2.6000,,,140x20,,,DOC,DOC,data/canonical/STOREY_BEAMS_G3_v1.csv,ORDINARY_BEAM,INF_FROM_CANONICAL_FACE_NODES,CURRENT_WITH_PROVENANCE,ORDINARY_STRUCTURAL_MEMBER,
M0G-M-G3-B018,ORDINARY_BEAM,G3-B018,G3,G3,G3,14,15,M0G-F-G3-B018-FROM,M0G-F-G3-B018-TO,5.0000,,,140x20,,,DOC,DOC,data/canonical/STOREY_BEAMS_G3_v1.csv,ORDINARY_BEAM,INF_FROM_CANONICAL_FACE_NODES,CURRENT_WITH_PROVENANCE,ORDINARY_STRUCTURAL_MEMBER,
M0G-M-G3-B019,ORDINARY_BEAM,G3-B019,G3,G3,G3,15,16,M0G-F-G3-B019-FROM,M0G-F-G3-B019-TO,4.3500,,,140x20,,,DOC,DOC,data/canonical/STOREY_BEAMS_G3_v1.csv,ORDINARY_BEAM,INF_FROM_CANONICAL_FACE_NODES,CURRENT_WITH_PROVENANCE,ORDINARY_STRUCTURAL_MEMBER,
M0G-M-G3-B020,ORDINARY_BEAM,G3-B020,G3,G3,G3,11,20,M0G-F-G3-B020-FROM,M0G-F-G3-B020-TO,4.2682,,,50x20,,,DOC,DOC,data/canonical/STOREY_BEAMS_G3_v1.csv,ORDINARY_BEAM,INF_FROM_CANONICAL_FACE_NODES,CURRENT_WITH_PROVENANCE,ORDINARY_STRUCTURAL_MEMBER,
M0G-M-G3-B021,ORDINARY_BEAM,G3-B021,G3,G3,G3,10,18,M0G-F-G3-B021-FROM,M0G-F-G3-B021-TO,4.7760,,,50x20,,,DOC,DOC,data/canonical/STOREY_BEAMS_G3_v1.csv,ORDINARY_BEAM,INF_FROM_CANONICAL_FACE_NODES,CURRENT_WITH_PROVENANCE,ORDINARY_STRUCTURAL_MEMBER,Direct TAV-04S beam trace is slightly oblique in registered common XY; incidence face uses dominant documented run direction.
M0G-M-G3-B022,ORDINARY_BEAM,G3-B022,G3,G3,G3,9,17,M0G-F-G3-B022-FROM,M0G-F-G3-B022-TO,5.1000,,,25x70,,,DOC,DOC,data/canonical/STOREY_BEAMS_G3_v1.csv,ORDINARY_BEAM,INF_FROM_CANONICAL_FACE_NODES,CURRENT_WITH_PROVENANCE,ORDINARY_STRUCTURAL_MEMBER,
M0G-M-G3-B023,ORDINARY_BEAM,G3-B023,G3,G3,G3,13,21,M0G-F-G3-B023-FROM,M0G-F-G3-B023-TO,5.5000,,,50x20,,,DOC,DOC,data/canonical/STOREY_BEAMS_G3_v1.csv,ORDINARY_BEAM,INF_FROM_CANONICAL_FACE_NODES,CURRENT_WITH_PROVENANCE,ORDINARY_STRUCTURAL_MEMBER,
M0G-M-G3-B024,ORDINARY_BEAM,G3-B024,G3,G3,G3,14,22,M0G-F-G3-B024-FROM,M0G-F-G3-B024-TO,5.5000,,,50x20,,,DOC,DOC,data/canonical/STOREY_BEAMS_G3_v1.csv,ORDINARY_BEAM,INF_FROM_CANONICAL_FACE_NODES,CURRENT_WITH_PROVENANCE,ORDINARY_STRUCTURAL_MEMBER,
M0G-M-G3-B025,ORDINARY_BEAM,G3-B025,G3,G3,G3,15,23,M0G-F-G3-B025-FROM,M0G-F-G3-B025-TO,5.8211,,,50x20,,,DOC,DOC,data/canonical/STOREY_BEAMS_G3_v1.csv,ORDINARY_BEAM,INF_FROM_CANONICAL_FACE_NODES,CURRENT_WITH_PROVENANCE,ORDINARY_STRUCTURAL_MEMBER,Direct TAV-04S beam trace is slightly oblique in registered common XY; incidence face uses dominant documented run direction.
M0G-M-G3-B026,ORDINARY_BEAM,G3-B026,G3,G3,G3,16,24,M0G-F-G3-B026-FROM,M0G-F-G3-B026-TO,6.0500,,,25x70,,,DOC,DOC,data/canonical/STOREY_BEAMS_G3_v1.csv,ORDINARY_BEAM,INF_FROM_CANONICAL_FACE_NODES,CURRENT_WITH_PROVENANCE,ORDINARY_STRUCTURAL_MEMBER,Direct TAV-04S beam trace is slightly oblique in registered common XY; incidence face uses dominant documented run direction.
M0G-M-G3-B027,ORDINARY_BEAM,G3-B027,G3,G3,G3,19,20,M0G-F-G3-B027-FROM,M0G-F-G3-B027-TO,0.5000,,,25x70,,,DOC,DOC,data/canonical/STOREY_BEAMS_G3_v1.csv,ORDINARY_BEAM,INF_FROM_CANONICAL_FACE_NODES,CURRENT_WITH_PROVENANCE,ORDINARY_STRUCTURAL_MEMBER,Short support-to-support span on a continuous TAV-04S beam run; section carried only along the same directly traced member with no change symbol.
M0G-M-G3-B028,ORDINARY_BEAM,G3-B028,G3,G3,G3,18,19,M0G-F-G3-B028-FROM,M0G-F-G3-B028-TO,3.5161,,,25x70,,,DOC,DOC,data/canonical/STOREY_BEAMS_G3_v1.csv,ORDINARY_BEAM,INF_FROM_CANONICAL_FACE_NODES,CURRENT_WITH_PROVENANCE,ORDINARY_STRUCTURAL_MEMBER,Direct TAV-04S beam trace is slightly oblique in registered common XY; incidence face uses dominant documented run direction.
M0G-M-G3-B029,ORDINARY_BEAM,G3-B029,G3,G3,G3,17,18,M0G-F-G3-B029-FROM,M0G-F-G3-B029-TO,3.9594,,,25x70,,,DOC,DOC,data/canonical/STOREY_BEAMS_G3_v1.csv,ORDINARY_BEAM,INF_FROM_CANONICAL_FACE_NODES,CURRENT_WITH_PROVENANCE,ORDINARY_STRUCTURAL_MEMBER,Direct TAV-04S beam trace is slightly oblique in registered common XY; incidence face uses dominant documented run direction.
M0G-M-G3-B030,ORDINARY_BEAM,G3-B030,G3,G3,G3,19,25,M0G-F-G3-B030-FROM,M0G-F-G3-B030-TO,3.7818,,,25x70,,,DOC,DOC,data/canonical/STOREY_BEAMS_G3_v1.csv,ORDINARY_BEAM,INF_FROM_CANONICAL_FACE_NODES,CURRENT_WITH_PROVENANCE,ORDINARY_STRUCTURAL_MEMBER,
M0G-M-G3-B031,ORDINARY_BEAM,G3-B031,G3,G3,G3,21,22,M0G-F-G3-B031-FROM,M0G-F-G3-B031-TO,2.4000,,,50x20,,,DOC,DOC,data/canonical/STOREY_BEAMS_G3_v1.csv,ORDINARY_BEAM,INF_FROM_CANONICAL_FACE_NODES,CURRENT_WITH_PROVENANCE,ORDINARY_STRUCTURAL_MEMBER,
M0G-M-G3-B032,ORDINARY_BEAM,G3-B032,G3,G3,G3,22,22',M0G-F-G3-B032-FROM,M0G-F-G3-B032-TO,0.7300,,,50x20,,,DOC,DOC,data/canonical/STOREY_BEAMS_G3_v1.csv,ORDINARY_BEAM,INF_FROM_CANONICAL_FACE_NODES,CURRENT_WITH_PROVENANCE,ORDINARY_STRUCTURAL_MEMBER,Short support-to-support span on a continuous TAV-04S beam run; section carried only along the same directly traced member with no change symbol.
M0G-M-G3-B033,ORDINARY_BEAM,G3-B033,G3,G3,G3,22',23,M0G-F-G3-B033-FROM,M0G-F-G3-B033-TO,3.3802,,,25x70,,,DOC,DOC,data/canonical/STOREY_BEAMS_G3_v1.csv,ORDINARY_BEAM,INF_FROM_CANONICAL_FACE_NODES,CURRENT_WITH_PROVENANCE,ORDINARY_STRUCTURAL_MEMBER,Direct TAV-04S beam trace is slightly oblique in registered common XY; incidence face uses dominant documented run direction.
M0G-M-G3-B034,ORDINARY_BEAM,G3-B034,G3,G3,G3,23,24,M0G-F-G3-B034-FROM,M0G-F-G3-B034-TO,3.9547,,,25x70,,,DOC,DOC,data/canonical/STOREY_BEAMS_G3_v1.csv,ORDINARY_BEAM,INF_FROM_CANONICAL_FACE_NODES,CURRENT_WITH_PROVENANCE,ORDINARY_STRUCTURAL_MEMBER,Direct TAV-04S beam trace is slightly oblique in registered common XY; incidence face uses dominant documented run direction.
M0G-M-G3-B035,ORDINARY_BEAM,G3-B035,G3,G3,G3,21,26,M0G-F-G3-B035-FROM,M0G-F-G3-B035-TO,1.8000,,,140x20,,,DOC,DOC,data/canonical/STOREY_BEAMS_G3_v1.csv,ORDINARY_BEAM,INF_FROM_CANONICAL_FACE_NODES,CURRENT_WITH_PROVENANCE,ORDINARY_STRUCTURAL_MEMBER,
M0G-M-G3-B036,ORDINARY_BEAM,G3-B036,G3,G3,G3,22',27,M0G-F-G3-B036-FROM,M0G-F-G3-B036-TO,1.7000,,,25x70,,,DOC,DOC,data/canonical/STOREY_BEAMS_G3_v1.csv,ORDINARY_BEAM,INF_FROM_CANONICAL_FACE_NODES,CURRENT_WITH_PROVENANCE,ORDINARY_STRUCTURAL_MEMBER,
M0G-M-G3-B037,ORDINARY_BEAM,G3-B037,G3,G3,G3,25,26,M0G-F-G3-B037-FROM,M0G-F-G3-B037-TO,5.8000,,,50x20,,,DOC,DOC,data/canonical/STOREY_BEAMS_G3_v1.csv,ORDINARY_BEAM,INF_FROM_CANONICAL_FACE_NODES,CURRENT_WITH_PROVENANCE,ORDINARY_STRUCTURAL_MEMBER,
M0G-M-G3-B038,ORDINARY_BEAM,G3-B038,G3,G3,G3,26,27,M0G-F-G3-B038-FROM,M0G-F-G3-B038-TO,3.6300,,,50x20,,,DOC,DOC,data/canonical/STOREY_BEAMS_G3_v1.csv,ORDINARY_BEAM,INF_FROM_CANONICAL_FACE_NODES,CURRENT_WITH_PROVENANCE,ORDINARY_STRUCTURAL_MEMBER,
M0G-M-G3-B039,ORDINARY_BEAM,G3-B039,G3,G3,G3,25,28,M0G-F-G3-B039-FROM,M0G-F-G3-B039-TO,3.0500,,,25x70,,,DOC,DOC,data/canonical/STOREY_BEAMS_G3_v1.csv,ORDINARY_BEAM,INF_FROM_CANONICAL_FACE_NODES,CURRENT_WITH_PROVENANCE,ORDINARY_STRUCTURAL_MEMBER,
M0G-M-G3-B040,ORDINARY_BEAM,G3-B040,G3,G3,G3,26,29,M0G-F-G3-B040-FROM,M0G-F-G3-B040-TO,3.1500,,,140x20,,,DOC,DOC,data/canonical/STOREY_BEAMS_G3_v1.csv,ORDINARY_BEAM,INF_FROM_CANONICAL_FACE_NODES,CURRENT_WITH_PROVENANCE,ORDINARY_STRUCTURAL_MEMBER,
M0G-M-G3-B041,ORDINARY_BEAM,G3-B041,G3,G3,G3,27,30,M0G-F-G3-B041-FROM,M0G-F-G3-B041-TO,2.7232,,,25x70,,,DOC,DOC,data/canonical/STOREY_BEAMS_G3_v1.csv,ORDINARY_BEAM,INF_FROM_CANONICAL_FACE_NODES,CURRENT_WITH_PROVENANCE,ORDINARY_STRUCTURAL_MEMBER,Direct TAV-04S beam trace is slightly oblique in registered common XY; incidence face uses dominant documented run direction.
M0G-M-G3-B042,ORDINARY_BEAM,G3-B042,G3,G3,G3,28,29,M0G-F-G3-B042-FROM,M0G-F-G3-B042-TO,5.8000,,,50x20,,,DOC,DOC,data/canonical/STOREY_BEAMS_G3_v1.csv,ORDINARY_BEAM,INF_FROM_CANONICAL_FACE_NODES,CURRENT_WITH_PROVENANCE,ORDINARY_STRUCTURAL_MEMBER,
M0G-M-G3-B043,ORDINARY_BEAM,G3-B043,G3,G3,G3,29,30,M0G-F-G3-B043-FROM,M0G-F-G3-B043-TO,4.1334,,,50x20,,,DOC,DOC,data/canonical/STOREY_BEAMS_G3_v1.csv,ORDINARY_BEAM,INF_FROM_CANONICAL_FACE_NODES,CURRENT_WITH_PROVENANCE,ORDINARY_STRUCTURAL_MEMBER,Direct TAV-04S beam trace is slightly oblique in registered common XY; incidence face uses dominant documented run direction.
M0G-M-G3-B044,ORDINARY_BEAM,G3-B044,G3,G3,G3,28,31,M0G-F-G3-B044-FROM,M0G-F-G3-B044-TO,4.3000,,,25x70,,,DOC,DOC,data/canonical/STOREY_BEAMS_G3_v1.csv,ORDINARY_BEAM,INF_FROM_CANONICAL_FACE_NODES,CURRENT_WITH_PROVENANCE,ORDINARY_STRUCTURAL_MEMBER,
M0G-M-G3-B045,ORDINARY_BEAM,G3-B045,G3,G3,G3,29,32,M0G-F-G3-B045-FROM,M0G-F-G3-B045-TO,4.3500,,,140x20,,,DOC,DOC,data/canonical/STOREY_BEAMS_G3_v1.csv,ORDINARY_BEAM,INF_FROM_CANONICAL_FACE_NODES,CURRENT_WITH_PROVENANCE,ORDINARY_STRUCTURAL_MEMBER,
M0G-M-G3-B046,ORDINARY_BEAM,G3-B046,G3,G3,G3,30,33,M0G-F-G3-B046-FROM,M0G-F-G3-B046-TO,3.9655,,,25x70,,,DOC,DOC,data/canonical/STOREY_BEAMS_G3_v1.csv,ORDINARY_BEAM,INF_FROM_CANONICAL_FACE_NODES,CURRENT_WITH_PROVENANCE,ORDINARY_STRUCTURAL_MEMBER,Direct TAV-04S beam trace is slightly oblique in registered common XY; incidence face uses dominant documented run direction.
M0G-M-G3-B047,ORDINARY_BEAM,G3-B047,G3,G3,G3,31,32,M0G-F-G3-B047-FROM,M0G-F-G3-B047-TO,5.8500,,,25x70,,,DOC,DOC,data/canonical/STOREY_BEAMS_G3_v1.csv,ORDINARY_BEAM,INF_FROM_CANONICAL_FACE_NODES,CURRENT_WITH_PROVENANCE,ORDINARY_STRUCTURAL_MEMBER,
M0G-M-G3-B048,ORDINARY_BEAM,G3-B048,G3,G3,G3,32,33,M0G-F-G3-B048-FROM,M0G-F-G3-B048-TO,4.5500,,,25x70,,,DOC,DOC,data/canonical/STOREY_BEAMS_G3_v1.csv,ORDINARY_BEAM,INF_FROM_CANONICAL_FACE_NODES,CURRENT_WITH_PROVENANCE,ORDINARY_STRUCTURAL_MEMBER,
M0G-M-G4-B001,ORDINARY_BEAM,G4-B001,G4,G4,G4,1,2,M0G-F-G4-B001-FROM,M0G-F-G4-B001-TO,4.3000,,,25x70,,,DOC,DOC,data/canonical/STOREY_BEAMS_G4_v1.csv,ORDINARY_BEAM,INF_FROM_CANONICAL_FACE_NODES,CURRENT_WITH_PROVENANCE,ORDINARY_STRUCTURAL_MEMBER,
M0G-M-G4-B002,ORDINARY_BEAM,G4-B002,G4,G4,G4,2,3,M0G-F-G4-B002-FROM,M0G-F-G4-B002-TO,4.7000,,,25x70,,,DOC,DOC,data/canonical/STOREY_BEAMS_G4_v1.csv,ORDINARY_BEAM,INF_FROM_CANONICAL_FACE_NODES,CURRENT_WITH_PROVENANCE,ORDINARY_STRUCTURAL_MEMBER,
M0G-M-G4-B003,ORDINARY_BEAM,G4-B003,G4,G4,G4,3,4,M0G-F-G4-B003-FROM,M0G-F-G4-B003-TO,3.7500,,,25x70,,,DOC,DOC,data/canonical/STOREY_BEAMS_G4_v1.csv,ORDINARY_BEAM,INF_FROM_CANONICAL_FACE_NODES,CURRENT_WITH_PROVENANCE,ORDINARY_STRUCTURAL_MEMBER,
M0G-M-G4-B004,ORDINARY_BEAM,G4-B004,G4,G4,G4,4,5,M0G-F-G4-B004-FROM,M0G-F-G4-B004-TO,1.5000,,,25x70,,,DOC,DOC,data/canonical/STOREY_BEAMS_G4_v1.csv,ORDINARY_BEAM,INF_FROM_CANONICAL_FACE_NODES,CURRENT_WITH_PROVENANCE,ORDINARY_STRUCTURAL_MEMBER,
M0G-M-G4-B005,ORDINARY_BEAM,G4-B005,G4,G4,G4,5,6,M0G-F-G4-B005-FROM,M0G-F-G4-B005-TO,3.7500,,,25x70,,,DOC,DOC,data/canonical/STOREY_BEAMS_G4_v1.csv,ORDINARY_BEAM,INF_FROM_CANONICAL_FACE_NODES,CURRENT_WITH_PROVENANCE,ORDINARY_STRUCTURAL_MEMBER,
M0G-M-G4-B006,ORDINARY_BEAM,G4-B006,G4,G4,G4,6,7,M0G-F-G4-B006-FROM,M0G-F-G4-B006-TO,4.9000,,,25x70,,,DOC,DOC,data/canonical/STOREY_BEAMS_G4_v1.csv,ORDINARY_BEAM,INF_FROM_CANONICAL_FACE_NODES,CURRENT_WITH_PROVENANCE,ORDINARY_STRUCTURAL_MEMBER,
M0G-M-G4-B007,ORDINARY_BEAM,G4-B007,G4,G4,G4,7,8,M0G-F-G4-B007-FROM,M0G-F-G4-B007-TO,4.3000,,,25x70,,,DOC,DOC,data/canonical/STOREY_BEAMS_G4_v1.csv,ORDINARY_BEAM,INF_FROM_CANONICAL_FACE_NODES,CURRENT_WITH_PROVENANCE,ORDINARY_STRUCTURAL_MEMBER,
M0G-M-G4-B008,ORDINARY_BEAM,G4-B008,G4,G4,G4,1,9,M0G-F-G4-B008-FROM,M0G-F-G4-B008-TO,5.2000,,,25x70,,,DOC,DOC,data/canonical/STOREY_BEAMS_G4_v1.csv,ORDINARY_BEAM,INF_FROM_CANONICAL_FACE_NODES,CURRENT_WITH_PROVENANCE,ORDINARY_STRUCTURAL_MEMBER,
M0G-M-G4-B009,ORDINARY_BEAM,G4-B009,G4,G4,G4,2,10,M0G-F-G4-B009-FROM,M0G-F-G4-B009-TO,5.1750,,,50x20,,,DOC,DOC,data/canonical/STOREY_BEAMS_G4_v1.csv,ORDINARY_BEAM,INF_FROM_CANONICAL_FACE_NODES,CURRENT_WITH_PROVENANCE,ORDINARY_STRUCTURAL_MEMBER,
M0G-M-G4-B010,ORDINARY_BEAM,G4-B010,G4,G4,G4,3,11,M0G-F-G4-B010-FROM,M0G-F-G4-B010-TO,5.1750,,,50x20,,,DOC,DOC,data/canonical/STOREY_BEAMS_G4_v1.csv,ORDINARY_BEAM,INF_FROM_CANONICAL_FACE_NODES,CURRENT_WITH_PROVENANCE,ORDINARY_STRUCTURAL_MEMBER,
M0G-M-G4-B011,ORDINARY_BEAM,G4-B011,G4,G4,G4,6,14,M0G-F-G4-B011-FROM,M0G-F-G4-B011-TO,4.2250,,,50x20,,,DOC,DOC,data/canonical/STOREY_BEAMS_G4_v1.csv,ORDINARY_BEAM,INF_FROM_CANONICAL_FACE_NODES,CURRENT_WITH_PROVENANCE,ORDINARY_STRUCTURAL_MEMBER,
M0G-M-G4-B012,ORDINARY_BEAM,G4-B012,G4,G4,G4,7,15,M0G-F-G4-B012-FROM,M0G-F-G4-B012-TO,4.2250,,,50x20,,,DOC,DOC,data/canonical/STOREY_BEAMS_G4_v1.csv,ORDINARY_BEAM,INF_FROM_CANONICAL_FACE_NODES,CURRENT_WITH_PROVENANCE,ORDINARY_STRUCTURAL_MEMBER,
M0G-M-G4-B013,ORDINARY_BEAM,G4-B013,G4,G4,G4,8,16,M0G-F-G4-B013-FROM,M0G-F-G4-B013-TO,4.2500,,,25x70,,,DOC,DOC,data/canonical/STOREY_BEAMS_G4_v1.csv,ORDINARY_BEAM,INF_FROM_CANONICAL_FACE_NODES,CURRENT_WITH_PROVENANCE,ORDINARY_STRUCTURAL_MEMBER,
M0G-M-G4-B014,ORDINARY_BEAM,G4-B014,G4,G4,G4,9,10,M0G-F-G4-B014-FROM,M0G-F-G4-B014-TO,4.3500,,,120x20,,,DOC,DOC,data/canonical/STOREY_BEAMS_G4_v1.csv,ORDINARY_BEAM,INF_FROM_CANONICAL_FACE_NODES,CURRENT_WITH_PROVENANCE,ORDINARY_STRUCTURAL_MEMBER,TAV-05S directly labels this in-slab beam class 120x20.
M0G-M-G4-B015,ORDINARY_BEAM,G4-B015,G4,G4,G4,10,11,M0G-F-G4-B015-FROM,M0G-F-G4-B015-TO,4.8000,,,120x20,,,DOC,DOC,data/canonical/STOREY_BEAMS_G4_v1.csv,ORDINARY_BEAM,INF_FROM_CANONICAL_FACE_NODES,CURRENT_WITH_PROVENANCE,ORDINARY_STRUCTURAL_MEMBER,TAV-05S directly labels this in-slab beam class 120x20.
M0G-M-G4-B016,ORDINARY_BEAM,G4-B016,G4,G4,G4,11,12,M0G-F-G4-B016-FROM,M0G-F-G4-B016-TO,2.8975,,,120x20,,,DOC,DOC,data/canonical/STOREY_BEAMS_G4_v1.csv,ORDINARY_BEAM,INF_FROM_CANONICAL_FACE_NODES,CURRENT_WITH_PROVENANCE,ORDINARY_STRUCTURAL_MEMBER,TAV-05S directly labels this in-slab beam class 120x20.
M0G-M-G4-B017,ORDINARY_BEAM,G4-B017,G4,G4,G4,13,14,M0G-F-G4-B017-FROM,M0G-F-G4-B017-TO,2.6000,,,120x20,,,DOC,DOC,data/canonical/STOREY_BEAMS_G4_v1.csv,ORDINARY_BEAM,INF_FROM_CANONICAL_FACE_NODES,CURRENT_WITH_PROVENANCE,ORDINARY_STRUCTURAL_MEMBER,TAV-05S directly labels this in-slab beam class 120x20.
M0G-M-G4-B018,ORDINARY_BEAM,G4-B018,G4,G4,G4,14,15,M0G-F-G4-B018-FROM,M0G-F-G4-B018-TO,5.0000,,,120x20,,,DOC,DOC,data/canonical/STOREY_BEAMS_G4_v1.csv,ORDINARY_BEAM,INF_FROM_CANONICAL_FACE_NODES,CURRENT_WITH_PROVENANCE,ORDINARY_STRUCTURAL_MEMBER,TAV-05S directly labels this in-slab beam class 120x20.
M0G-M-G4-B019,ORDINARY_BEAM,G4-B019,G4,G4,G4,15,16,M0G-F-G4-B019-FROM,M0G-F-G4-B019-TO,4.3500,,,120x20,,,DOC,DOC,data/canonical/STOREY_BEAMS_G4_v1.csv,ORDINARY_BEAM,INF_FROM_CANONICAL_FACE_NODES,CURRENT_WITH_PROVENANCE,ORDINARY_STRUCTURAL_MEMBER,TAV-05S directly labels this in-slab beam class 120x20.
M0G-M-G4-B020,ORDINARY_BEAM,G4-B020,G4,G4,G4,11,20,M0G-F-G4-B020-FROM,M0G-F-G4-B020-TO,4.3432,,,50x20,,,DOC,DOC,data/canonical/STOREY_BEAMS_G4_v1.csv,ORDINARY_BEAM,INF_FROM_CANONICAL_FACE_NODES,CURRENT_WITH_PROVENANCE,ORDINARY_STRUCTURAL_MEMBER,
M0G-M-G4-B021,ORDINARY_BEAM,G4-B021,G4,G4,G4,10,18,M0G-F-G4-B021-FROM,M0G-F-G4-B021-TO,4.8010,,,50x20,,,DOC,DOC,data/canonical/STOREY_BEAMS_G4_v1.csv,ORDINARY_BEAM,INF_FROM_CANONICAL_FACE_NODES,CURRENT_WITH_PROVENANCE,ORDINARY_STRUCTURAL_MEMBER,
M0G-M-G4-B022,ORDINARY_BEAM,G4-B022,G4,G4,G4,9,17,M0G-F-G4-B022-FROM,M0G-F-G4-B022-TO,5.1000,,,25x70,,,DOC,DOC,data/canonical/STOREY_BEAMS_G4_v1.csv,ORDINARY_BEAM,INF_FROM_CANONICAL_FACE_NODES,CURRENT_WITH_PROVENANCE,ORDINARY_STRUCTURAL_MEMBER,
M0G-M-G4-B023,ORDINARY_BEAM,G4-B023,G4,G4,G4,13,21,M0G-F-G4-B023-FROM,M0G-F-G4-B023-TO,5.5250,,,50x20,,,DOC,DOC,data/canonical/STOREY_BEAMS_G4_v1.csv,ORDINARY_BEAM,INF_FROM_CANONICAL_FACE_NODES,CURRENT_WITH_PROVENANCE,ORDINARY_STRUCTURAL_MEMBER,
M0G-M-G4-B024,ORDINARY_BEAM,G4-B024,G4,G4,G4,14,22,M0G-F-G4-B024-FROM,M0G-F-G4-B024-TO,5.5250,,,50x20,,,DOC,DOC,data/canonical/STOREY_BEAMS_G4_v1.csv,ORDINARY_BEAM,INF_FROM_CANONICAL_FACE_NODES,CURRENT_WITH_PROVENANCE,ORDINARY_STRUCTURAL_MEMBER,
M0G-M-G4-B025,ORDINARY_BEAM,G4-B025,G4,G4,G4,15,23,M0G-F-G4-B025-FROM,M0G-F-G4-B025-TO,5.8461,,,50x20,,,DOC,DOC,data/canonical/STOREY_BEAMS_G4_v1.csv,ORDINARY_BEAM,INF_FROM_CANONICAL_FACE_NODES,CURRENT_WITH_PROVENANCE,ORDINARY_STRUCTURAL_MEMBER,
M0G-M-G4-B026,ORDINARY_BEAM,G4-B026,G4,G4,G4,16,24,M0G-F-G4-B026-FROM,M0G-F-G4-B026-TO,6.0500,,,25x70,,,DOC,DOC,data/canonical/STOREY_BEAMS_G4_v1.csv,ORDINARY_BEAM,INF_FROM_CANONICAL_FACE_NODES,CURRENT_WITH_PROVENANCE,ORDINARY_STRUCTURAL_MEMBER,
M0G-M-G4-B027,ORDINARY_BEAM,G4-B027,G4,G4,G4,19,20,M0G-F-G4-B027-FROM,M0G-F-G4-B027-TO,0.4500,,,25x70,,,DOC,DOC,data/canonical/STOREY_BEAMS_G4_v1.csv,ORDINARY_BEAM,INF_FROM_CANONICAL_FACE_NODES,CURRENT_WITH_PROVENANCE,ORDINARY_STRUCTURAL_MEMBER,Short span on an uninterrupted TAV-05S beam run; same-member callout only.
M0G-M-G4-B028,ORDINARY_BEAM,G4-B028,G4,G4,G4,18,19,M0G-F-G4-B028-FROM,M0G-F-G4-B028-TO,3.5161,,,25x70,,,DOC,DOC,data/canonical/STOREY_BEAMS_G4_v1.csv,ORDINARY_BEAM,INF_FROM_CANONICAL_FACE_NODES,CURRENT_WITH_PROVENANCE,ORDINARY_STRUCTURAL_MEMBER,
M0G-M-G4-B029,ORDINARY_BEAM,G4-B029,G4,G4,G4,17,18,M0G-F-G4-B029-FROM,M0G-F-G4-B029-TO,3.9594,,,25x70,,,DOC,DOC,data/canonical/STOREY_BEAMS_G4_v1.csv,ORDINARY_BEAM,INF_FROM_CANONICAL_FACE_NODES,CURRENT_WITH_PROVENANCE,ORDINARY_STRUCTURAL_MEMBER,
M0G-M-G4-B030,ORDINARY_BEAM,G4-B030,G4,G4,G4,19,25,M0G-F-G4-B030-FROM,M0G-F-G4-B030-TO,3.7818,,,25x70,,,DOC,DOC,data/canonical/STOREY_BEAMS_G4_v1.csv,ORDINARY_BEAM,INF_FROM_CANONICAL_FACE_NODES,CURRENT_WITH_PROVENANCE,ORDINARY_STRUCTURAL_MEMBER,
M0G-M-G4-B031,ORDINARY_BEAM,G4-B031,G4,G4,G4,21,22,M0G-F-G4-B031-FROM,M0G-F-G4-B031-TO,2.4500,,,50x20,,,DOC,DOC,data/canonical/STOREY_BEAMS_G4_v1.csv,ORDINARY_BEAM,INF_FROM_CANONICAL_FACE_NODES,CURRENT_WITH_PROVENANCE,ORDINARY_STRUCTURAL_MEMBER,
M0G-M-G4-B032,ORDINARY_BEAM,G4-B032,G4,G4,G4,22,22',M0G-F-G4-B032-FROM,M0G-F-G4-B032-TO,0.7550,,,50x20,,,DOC,DOC,data/canonical/STOREY_BEAMS_G4_v1.csv,ORDINARY_BEAM,INF_FROM_CANONICAL_FACE_NODES,CURRENT_WITH_PROVENANCE,ORDINARY_STRUCTURAL_MEMBER,Short span on an uninterrupted TAV-05S beam run; same-member callout only.
M0G-M-G4-B033,ORDINARY_BEAM,G4-B033,G4,G4,G4,22',23,M0G-F-G4-B033-FROM,M0G-F-G4-B033-TO,3.3802,,,25x70,,,DOC,DOC,data/canonical/STOREY_BEAMS_G4_v1.csv,ORDINARY_BEAM,INF_FROM_CANONICAL_FACE_NODES,CURRENT_WITH_PROVENANCE,ORDINARY_STRUCTURAL_MEMBER,
M0G-M-G4-B034,ORDINARY_BEAM,G4-B034,G4,G4,G4,23,24,M0G-F-G4-B034-FROM,M0G-F-G4-B034-TO,3.9547,,,25x70,,,DOC,DOC,data/canonical/STOREY_BEAMS_G4_v1.csv,ORDINARY_BEAM,INF_FROM_CANONICAL_FACE_NODES,CURRENT_WITH_PROVENANCE,ORDINARY_STRUCTURAL_MEMBER,
M0G-M-G4-B035,ORDINARY_BEAM,G4-B035,G4,G4,G4,21,26,M0G-F-G4-B035-FROM,M0G-F-G4-B035-TO,1.8000,,,120x20,,,DOC,DOC,data/canonical/STOREY_BEAMS_G4_v1.csv,ORDINARY_BEAM,INF_FROM_CANONICAL_FACE_NODES,CURRENT_WITH_PROVENANCE,ORDINARY_STRUCTURAL_MEMBER,TAV-05S directly labels this in-slab beam class 120x20.
M0G-M-G4-B036,ORDINARY_BEAM,G4-B036,G4,G4,G4,22',27,M0G-F-G4-B036-FROM,M0G-F-G4-B036-TO,1.7000,,,25x70,,,DOC,DOC,data/canonical/STOREY_BEAMS_G4_v1.csv,ORDINARY_BEAM,INF_FROM_CANONICAL_FACE_NODES,CURRENT_WITH_PROVENANCE,ORDINARY_STRUCTURAL_MEMBER,
M0G-M-G4-B037,ORDINARY_BEAM,G4-B037,G4,G4,G4,25,26,M0G-F-G4-B037-FROM,M0G-F-G4-B037-TO,5.8250,,,50x20,,,DOC,DOC,data/canonical/STOREY_BEAMS_G4_v1.csv,ORDINARY_BEAM,INF_FROM_CANONICAL_FACE_NODES,CURRENT_WITH_PROVENANCE,ORDINARY_STRUCTURAL_MEMBER,
M0G-M-G4-B038,ORDINARY_BEAM,G4-B038,G4,G4,G4,26,27,M0G-F-G4-B038-FROM,M0G-F-G4-B038-TO,3.6550,,,50x20,,,DOC,DOC,data/canonical/STOREY_BEAMS_G4_v1.csv,ORDINARY_BEAM,INF_FROM_CANONICAL_FACE_NODES,CURRENT_WITH_PROVENANCE,ORDINARY_STRUCTURAL_MEMBER,
M0G-M-G4-B039,ORDINARY_BEAM,G4-B039,G4,G4,G4,25,28,M0G-F-G4-B039-FROM,M0G-F-G4-B039-TO,3.0500,,,25x70,,,DOC,DOC,data/canonical/STOREY_BEAMS_G4_v1.csv,ORDINARY_BEAM,INF_FROM_CANONICAL_FACE_NODES,CURRENT_WITH_PROVENANCE,ORDINARY_STRUCTURAL_MEMBER,
M0G-M-G4-B040,ORDINARY_BEAM,G4-B040,G4,G4,G4,26,29,M0G-F-G4-B040-FROM,M0G-F-G4-B040-TO,3.1500,,,120x20,,,DOC,DOC,data/canonical/STOREY_BEAMS_G4_v1.csv,ORDINARY_BEAM,INF_FROM_CANONICAL_FACE_NODES,CURRENT_WITH_PROVENANCE,ORDINARY_STRUCTURAL_MEMBER,TAV-05S directly labels this in-slab beam class 120x20.
M0G-M-G4-B041,ORDINARY_BEAM,G4-B041,G4,G4,G4,27,30,M0G-F-G4-B041-FROM,M0G-F-G4-B041-TO,2.7232,,,25x70,,,DOC,DOC,data/canonical/STOREY_BEAMS_G4_v1.csv,ORDINARY_BEAM,INF_FROM_CANONICAL_FACE_NODES,CURRENT_WITH_PROVENANCE,ORDINARY_STRUCTURAL_MEMBER,
M0G-M-G4-B042,ORDINARY_BEAM,G4-B042,G4,G4,G4,28,29,M0G-F-G4-B042-FROM,M0G-F-G4-B042-TO,5.8250,,,50x20,,,DOC,DOC,data/canonical/STOREY_BEAMS_G4_v1.csv,ORDINARY_BEAM,INF_FROM_CANONICAL_FACE_NODES,CURRENT_WITH_PROVENANCE,ORDINARY_STRUCTURAL_MEMBER,
M0G-M-G4-B043,ORDINARY_BEAM,G4-B043,G4,G4,G4,29,30,M0G-F-G4-B043-FROM,M0G-F-G4-B043-TO,4.1584,,,50x20,,,DOC,DOC,data/canonical/STOREY_BEAMS_G4_v1.csv,ORDINARY_BEAM,INF_FROM_CANONICAL_FACE_NODES,CURRENT_WITH_PROVENANCE,ORDINARY_STRUCTURAL_MEMBER,
M0G-M-G4-B044,ORDINARY_BEAM,G4-B044,G4,G4,G4,28,31,M0G-F-G4-B044-FROM,M0G-F-G4-B044-TO,4.3000,,,25x70,,,DOC,DOC,data/canonical/STOREY_BEAMS_G4_v1.csv,ORDINARY_BEAM,INF_FROM_CANONICAL_FACE_NODES,CURRENT_WITH_PROVENANCE,ORDINARY_STRUCTURAL_MEMBER,
M0G-M-G4-B045,ORDINARY_BEAM,G4-B045,G4,G4,G4,29,32,M0G-F-G4-B045-FROM,M0G-F-G4-B045-TO,4.3500,,,120x20,,,DOC,DOC,data/canonical/STOREY_BEAMS_G4_v1.csv,ORDINARY_BEAM,INF_FROM_CANONICAL_FACE_NODES,CURRENT_WITH_PROVENANCE,ORDINARY_STRUCTURAL_MEMBER,TAV-05S directly labels this in-slab beam class 120x20.
M0G-M-G4-B046,ORDINARY_BEAM,G4-B046,G4,G4,G4,30,33,M0G-F-G4-B046-FROM,M0G-F-G4-B046-TO,3.9655,,,25x70,,,DOC,DOC,data/canonical/STOREY_BEAMS_G4_v1.csv,ORDINARY_BEAM,INF_FROM_CANONICAL_FACE_NODES,CURRENT_WITH_PROVENANCE,ORDINARY_STRUCTURAL_MEMBER,
M0G-M-G4-B047,ORDINARY_BEAM,G4-B047,G4,G4,G4,31,32,M0G-F-G4-B047-FROM,M0G-F-G4-B047-TO,5.8500,,,25x70,,,DOC,DOC,data/canonical/STOREY_BEAMS_G4_v1.csv,ORDINARY_BEAM,INF_FROM_CANONICAL_FACE_NODES,CURRENT_WITH_PROVENANCE,ORDINARY_STRUCTURAL_MEMBER,
M0G-M-G4-B048,ORDINARY_BEAM,G4-B048,G4,G4,G4,32,33,M0G-F-G4-B048-FROM,M0G-F-G4-B048-TO,4.5500,,,25x70,,,DOC,DOC,data/canonical/STOREY_BEAMS_G4_v1.csv,ORDINARY_BEAM,INF_FROM_CANONICAL_FACE_NODES,CURRENT_WITH_PROVENANCE,ORDINARY_STRUCTURAL_MEMBER,
M0G-M-G5-B001,ORDINARY_BEAM,G5-B001,G5,G5,G5,2,3,M0G-F-G5-B001-FROM,M0G-F-G5-B001-TO,4.7000,,,30x50,,,DOC,DOC,data/canonical/STOREY_BEAMS_G5_v1.csv,ORDINARY_BEAM,INF_FROM_CANONICAL_FACE_NODES,CURRENT_WITH_PROVENANCE,ORDINARY_STRUCTURAL_MEMBER,
M0G-M-G5-B002,ORDINARY_BEAM,G5-B002,G5,G5,G5,3,4,M0G-F-G5-B002-FROM,M0G-F-G5-B002-TO,3.7500,,,30x50,,,DOC,DOC,data/canonical/STOREY_BEAMS_G5_v1.csv,ORDINARY_BEAM,INF_FROM_CANONICAL_FACE_NODES,CURRENT_WITH_PROVENANCE,ORDINARY_STRUCTURAL_MEMBER,
M0G-M-G5-B003,ORDINARY_BEAM,G5-B003,G5,G5,G5,4,5,M0G-F-G5-B003-FROM,M0G-F-G5-B003-TO,1.5000,,,ND,,,ND,DOC,data/canonical/STOREY_BEAMS_G5_v1.csv,ORDINARY_BEAM,INF_FROM_CANONICAL_FACE_NODES,CURRENT_WITH_SECTION_WATCH,ORDINARY_STRUCTURAL_MEMBER,
M0G-M-G5-B004,ORDINARY_BEAM,G5-B004,G5,G5,G5,5,6,M0G-F-G5-B004-FROM,M0G-F-G5-B004-TO,3.7500,,,30x50,,,DOC,DOC,data/canonical/STOREY_BEAMS_G5_v1.csv,ORDINARY_BEAM,INF_FROM_CANONICAL_FACE_NODES,CURRENT_WITH_PROVENANCE,ORDINARY_STRUCTURAL_MEMBER,
M0G-M-G5-B005,ORDINARY_BEAM,G5-B005,G5,G5,G5,6,7,M0G-F-G5-B005-FROM,M0G-F-G5-B005-TO,4.9000,,,30x50,,,DOC,DOC,data/canonical/STOREY_BEAMS_G5_v1.csv,ORDINARY_BEAM,INF_FROM_CANONICAL_FACE_NODES,CURRENT_WITH_PROVENANCE,ORDINARY_STRUCTURAL_MEMBER,
M0G-M-G5-B006,ORDINARY_BEAM,G5-B006,G5,G5,G5,2,10,M0G-F-G5-B006-FROM,M0G-F-G5-B006-TO,5.2500,,,30x50,,,DOC,DOC,data/canonical/STOREY_BEAMS_G5_v1.csv,ORDINARY_BEAM,INF_FROM_CANONICAL_FACE_NODES,CURRENT_WITH_PROVENANCE,ORDINARY_STRUCTURAL_MEMBER,
M0G-M-G5-B007,ORDINARY_BEAM,G5-B007,G5,G5,G5,3,11,M0G-F-G5-B007-FROM,M0G-F-G5-B007-TO,5.2500,,,30x50,,,DOC,DOC,data/canonical/STOREY_BEAMS_G5_v1.csv,ORDINARY_BEAM,INF_FROM_CANONICAL_FACE_NODES,CURRENT_WITH_PROVENANCE,ORDINARY_STRUCTURAL_MEMBER,
M0G-M-G5-B008,ORDINARY_BEAM,G5-B008,G5,G5,G5,5,13,M0G-F-G5-B008-FROM,M0G-F-G5-B008-TO,4.5722,,,ND,,,ND,DOC,data/canonical/STOREY_BEAMS_G5_v1.csv,ORDINARY_BEAM,INF_FROM_CANONICAL_FACE_NODES,CURRENT_WITH_SECTION_WATCH,ORDINARY_STRUCTURAL_MEMBER,L-offset beam DOC on TAV-06S; preserved as offset polyline.
M0G-M-G5-B009,ORDINARY_BEAM,G5-B009,G5,G5,G5,6,14,M0G-F-G5-B009-FROM,M0G-F-G5-B009-TO,4.3000,,,30x50,,,DOC,DOC,data/canonical/STOREY_BEAMS_G5_v1.csv,ORDINARY_BEAM,INF_FROM_CANONICAL_FACE_NODES,CURRENT_WITH_PROVENANCE,ORDINARY_STRUCTURAL_MEMBER,
M0G-M-G5-B010,ORDINARY_BEAM,G5-B010,G5,G5,G5,7,15,M0G-F-G5-B010-FROM,M0G-F-G5-B010-TO,4.3000,,,30x50,,,DOC,DOC,data/canonical/STOREY_BEAMS_G5_v1.csv,ORDINARY_BEAM,INF_FROM_CANONICAL_FACE_NODES,CURRENT_WITH_PROVENANCE,ORDINARY_STRUCTURAL_MEMBER,
M0G-M-G5-B011,ORDINARY_BEAM,G5-B011,G5,G5,G5,10,11,M0G-F-G5-B011-FROM,M0G-F-G5-B011-TO,4.7000,,,ND,,,ND,DOC,data/canonical/STOREY_BEAMS_G5_v1.csv,ORDINARY_BEAM,INF_FROM_CANONICAL_FACE_NODES,CURRENT_WITH_SECTION_WATCH,ORDINARY_STRUCTURAL_MEMBER,
M0G-M-G5-B012,ORDINARY_BEAM,G5-B012,G5,G5,G5,11,12,M0G-F-G5-B012-FROM,M0G-F-G5-B012-TO,2.8725,,,ND,,,ND,DOC,data/canonical/STOREY_BEAMS_G5_v1.csv,ORDINARY_BEAM,INF_FROM_CANONICAL_FACE_NODES,CURRENT_WITH_SECTION_WATCH,ORDINARY_STRUCTURAL_MEMBER,
M0G-M-G5-B013,ORDINARY_BEAM,G5-B013,G5,G5,G5,13,14,M0G-F-G5-B013-FROM,M0G-F-G5-B013-TO,2.5000,,,30x50,,,DOC,DOC,data/canonical/STOREY_BEAMS_G5_v1.csv,ORDINARY_BEAM,INF_FROM_CANONICAL_FACE_NODES,CURRENT_WITH_PROVENANCE,ORDINARY_STRUCTURAL_MEMBER,
M0G-M-G5-B014,ORDINARY_BEAM,G5-B014,G5,G5,G5,14,15,M0G-F-G5-B014-FROM,M0G-F-G5-B014-TO,4.9000,,,30x50,,,DOC,DOC,data/canonical/STOREY_BEAMS_G5_v1.csv,ORDINARY_BEAM,INF_FROM_CANONICAL_FACE_NODES,CURRENT_WITH_PROVENANCE,ORDINARY_STRUCTURAL_MEMBER,
M0G-M-G5-B015,ORDINARY_BEAM,G5-B015,G5,G5,G5,10,18,M0G-F-G5-B015-FROM,M0G-F-G5-B015-TO,4.8760,,,30x50,,,DOC,DOC,data/canonical/STOREY_BEAMS_G5_v1.csv,ORDINARY_BEAM,INF_FROM_CANONICAL_FACE_NODES,CURRENT_WITH_PROVENANCE,ORDINARY_STRUCTURAL_MEMBER,
M0G-M-G5-B016,ORDINARY_BEAM,G5-B016,G5,G5,G5,11,20,M0G-F-G5-B016-FROM,M0G-F-G5-B016-TO,4.4182,,,30x50,,,DOC,DOC,data/canonical/STOREY_BEAMS_G5_v1.csv,ORDINARY_BEAM,INF_FROM_CANONICAL_FACE_NODES,CURRENT_WITH_PROVENANCE,ORDINARY_STRUCTURAL_MEMBER,
M0G-M-G5-B017,ORDINARY_BEAM,G5-B017,G5,G5,G5,12,19,M0G-F-G5-B017-FROM,M0G-F-G5-B017-TO,5.8406,,,ND,,,ND,DOC,data/canonical/STOREY_BEAMS_G5_v1.csv,ORDINARY_BEAM,INF_FROM_CANONICAL_FACE_NODES,CURRENT_WITH_SECTION_WATCH,ORDINARY_STRUCTURAL_MEMBER,Diagonal beam DOC on TAV-06S; complete section not mapped to labelled TAV-06A family.
M0G-M-G5-B018,ORDINARY_BEAM,G5-B018,G5,G5,G5,18,19,M0G-F-G5-B018-FROM,M0G-F-G5-B018-TO,3.8677,,,ND,,,ND,DOC,data/canonical/STOREY_BEAMS_G5_v1.csv,ORDINARY_BEAM,INF_FROM_CANONICAL_FACE_NODES,CURRENT_WITH_SECTION_WATCH,ORDINARY_STRUCTURAL_MEMBER,
M0G-M-G5-B019,ORDINARY_BEAM,G5-B019,G5,G5,G5,19,20,M0G-F-G5-B019-FROM,M0G-F-G5-B019-TO,0.4500,,,ND,,,ND,DOC,data/canonical/STOREY_BEAMS_G5_v1.csv,ORDINARY_BEAM,INF_FROM_CANONICAL_FACE_NODES,CURRENT_WITH_SECTION_WATCH,ORDINARY_STRUCTURAL_MEMBER,
M0G-M-G5-B020,ORDINARY_BEAM,G5-B020,G5,G5,G5,13,21,M0G-F-G5-B020-FROM,M0G-F-G5-B020-TO,5.6000,,,ND,,,ND,DOC,data/canonical/STOREY_BEAMS_G5_v1.csv,ORDINARY_BEAM,INF_FROM_CANONICAL_FACE_NODES,CURRENT_WITH_SECTION_WATCH,ORDINARY_STRUCTURAL_MEMBER,
M0G-M-G5-B021,ORDINARY_BEAM,G5-B021,G5,G5,G5,14,22,M0G-F-G5-B021-FROM,M0G-F-G5-B021-TO,5.5500,,,30x50,,,DOC,DOC,data/canonical/STOREY_BEAMS_G5_v1.csv,ORDINARY_BEAM,INF_FROM_CANONICAL_FACE_NODES,CURRENT_WITH_PROVENANCE,ORDINARY_STRUCTURAL_MEMBER,
M0G-M-G5-B022,ORDINARY_BEAM,G5-B022,G5,G5,G5,15,23,M0G-F-G5-B022-FROM,M0G-F-G5-B022-TO,5.9211,,,30x50,,,DOC,DOC,data/canonical/STOREY_BEAMS_G5_v1.csv,ORDINARY_BEAM,INF_FROM_CANONICAL_FACE_NODES,CURRENT_WITH_PROVENANCE,ORDINARY_STRUCTURAL_MEMBER,
M0G-M-G5-B023,ORDINARY_BEAM,G5-B023,G5,G5,G5,19,25,M0G-F-G5-B023-FROM,M0G-F-G5-B023-TO,3.7818,,,ND,,,ND,DOC,data/canonical/STOREY_BEAMS_G5_v1.csv,ORDINARY_BEAM,INF_FROM_CANONICAL_FACE_NODES,CURRENT_WITH_SECTION_WATCH,ORDINARY_STRUCTURAL_MEMBER,
M0G-M-G5-B024,ORDINARY_BEAM,G5-B024,G5,G5,G5,21,22,M0G-F-G5-B024-FROM,M0G-F-G5-B024-TO,2.5000,,,ND,,,ND,DOC,data/canonical/STOREY_BEAMS_G5_v1.csv,ORDINARY_BEAM,INF_FROM_CANONICAL_FACE_NODES,CURRENT_WITH_SECTION_WATCH,ORDINARY_STRUCTURAL_MEMBER,
M0G-M-G5-B025,ORDINARY_BEAM,G5-B025,G5,G5,G5,22,22',M0G-F-G5-B025-FROM,M0G-F-G5-B025-TO,0.7800,,,ND,,,ND,DOC,data/canonical/STOREY_BEAMS_G5_v1.csv,ORDINARY_BEAM,INF_FROM_CANONICAL_FACE_NODES,CURRENT_WITH_SECTION_WATCH,ORDINARY_STRUCTURAL_MEMBER,
M0G-M-G5-B026,ORDINARY_BEAM,G5-B026,G5,G5,G5,22',23,M0G-F-G5-B026-FROM,M0G-F-G5-B026-TO,3.7313,,,ND,,,ND,DOC,data/canonical/STOREY_BEAMS_G5_v1.csv,ORDINARY_BEAM,INF_FROM_CANONICAL_FACE_NODES,CURRENT_WITH_SECTION_WATCH,ORDINARY_STRUCTURAL_MEMBER,
M0G-M-G5-B027,ORDINARY_BEAM,G5-B027,G5,G5,G5,21,26,M0G-F-G5-B027-FROM,M0G-F-G5-B027-TO,1.8000,,,ND,,,ND,DOC,data/canonical/STOREY_BEAMS_G5_v1.csv,ORDINARY_BEAM,INF_FROM_CANONICAL_FACE_NODES,CURRENT_WITH_SECTION_WATCH,ORDINARY_STRUCTURAL_MEMBER,
M0G-M-G5-B028,ORDINARY_BEAM,G5-B028,G5,G5,G5,22',27,M0G-F-G5-B028-FROM,M0G-F-G5-B028-TO,1.7000,,,ND,,,ND,DOC,data/canonical/STOREY_BEAMS_G5_v1.csv,ORDINARY_BEAM,INF_FROM_CANONICAL_FACE_NODES,CURRENT_WITH_SECTION_WATCH,ORDINARY_STRUCTURAL_MEMBER,
M0G-M-G5-B029,ORDINARY_BEAM,G5-B029,G5,G5,G5,25,26,M0G-F-G5-B029-FROM,M0G-F-G5-B029-TO,5.8500,,,30x50,,,DOC,DOC,data/canonical/STOREY_BEAMS_G5_v1.csv,ORDINARY_BEAM,INF_FROM_CANONICAL_FACE_NODES,CURRENT_WITH_PROVENANCE,ORDINARY_STRUCTURAL_MEMBER,
M0G-M-G5-B030,ORDINARY_BEAM,G5-B030,G5,G5,G5,26,27,M0G-F-G5-B030-FROM,M0G-F-G5-B030-TO,3.6800,,,30x50,,,DOC,DOC,data/canonical/STOREY_BEAMS_G5_v1.csv,ORDINARY_BEAM,INF_FROM_CANONICAL_FACE_NODES,CURRENT_WITH_PROVENANCE,ORDINARY_STRUCTURAL_MEMBER,
M0G-M-G5-B031,ORDINARY_BEAM,G5-B031,G5,G5,G5,25,28,M0G-F-G5-B031-FROM,M0G-F-G5-B031-TO,3.0500,,,ND,,,ND,DOC,data/canonical/STOREY_BEAMS_G5_v1.csv,ORDINARY_BEAM,INF_FROM_CANONICAL_FACE_NODES,CURRENT_WITH_SECTION_WATCH,ORDINARY_STRUCTURAL_MEMBER,
M0G-M-G5-B032,ORDINARY_BEAM,G5-B032,G5,G5,G5,26,29,M0G-F-G5-B032-FROM,M0G-F-G5-B032-TO,3.1500,,,ND,,,ND,DOC,data/canonical/STOREY_BEAMS_G5_v1.csv,ORDINARY_BEAM,INF_FROM_CANONICAL_FACE_NODES,CURRENT_WITH_SECTION_WATCH,ORDINARY_STRUCTURAL_MEMBER,
M0G-M-G5-B033,ORDINARY_BEAM,G5-B033,G5,G5,G5,27,30,M0G-F-G5-B033-FROM,M0G-F-G5-B033-TO,3.1267,,,ND,,,ND,DOC,data/canonical/STOREY_BEAMS_G5_v1.csv,ORDINARY_BEAM,INF_FROM_CANONICAL_FACE_NODES,CURRENT_WITH_SECTION_WATCH,ORDINARY_STRUCTURAL_MEMBER,
M0G-M-G5-B034,ORDINARY_BEAM,G5-B034,G5,G5,G5,28,29,M0G-F-G5-B034-FROM,M0G-F-G5-B034-TO,5.8500,,,30x50,,,DOC,DOC,data/canonical/STOREY_BEAMS_G5_v1.csv,ORDINARY_BEAM,INF_FROM_CANONICAL_FACE_NODES,CURRENT_WITH_PROVENANCE,ORDINARY_STRUCTURAL_MEMBER,
M0G-M-G5-B035,ORDINARY_BEAM,G5-B035,G5,G5,G5,29,30,M0G-F-G5-B035-FROM,M0G-F-G5-B035-TO,4.1334,,,30x50,,,DOC,DOC,data/canonical/STOREY_BEAMS_G5_v1.csv,ORDINARY_BEAM,INF_FROM_CANONICAL_FACE_NODES,CURRENT_WITH_PROVENANCE,ORDINARY_STRUCTURAL_MEMBER,
M0G-M-G5-B036,ORDINARY_BEAM,G5-B036,G5,G5,G5,19,26,M0G-F-G5-B036-FROM,M0G-F-G5-B036-TO,7.0387,,,30x50,,,DOC,DOC,data/canonical/STOREY_BEAMS_G5_v1.csv,ORDINARY_BEAM,INF_FROM_CANONICAL_FACE_NODES,CURRENT_WITH_PROVENANCE,ORDINARY_STRUCTURAL_MEMBER,TAV-06A explicitly labels endpoints 19 and 26 and section 30x50.
M0G-M-COL-001,COLUMN_SEGMENT,COL-001,G1-G2,G1,G2,1,1,M0G-C-G1-1,M0G-C-G2-1,3.2000,40x50,40x45,,DOC,DOC,SECTION_CHANGE_AT_LEVEL_BOUNDARY,DOC_CONTINUITY_G1_G4,data/canonical/VERTICAL_COLUMN_SEGMENTS_CURRENT_v1.csv,VERTICAL_COLUMN_SEGMENT,DOC_CONTINUITY_PLUS_INF_CORE_NODE_BINDING,CURRENT,ORDINARY_STRUCTURAL_MEMBER,Endpoint sections retained separately; no interpolation or cross-storey section copy.
M0G-M-COL-002,COLUMN_SEGMENT,COL-002,G1-G2,G1,G2,2,2,M0G-C-G1-2,M0G-C-G2-2,3.2000,50x40,45x40,,DOC,DOC,SECTION_CHANGE_AT_LEVEL_BOUNDARY,DOC_CONTINUITY_G1_G4,data/canonical/VERTICAL_COLUMN_SEGMENTS_CURRENT_v1.csv,VERTICAL_COLUMN_SEGMENT,DOC_CONTINUITY_PLUS_INF_CORE_NODE_BINDING,CURRENT,ORDINARY_STRUCTURAL_MEMBER,Endpoint sections retained separately; no interpolation or cross-storey section copy.
M0G-M-COL-003,COLUMN_SEGMENT,COL-003,G1-G2,G1,G2,3,3,M0G-C-G1-3,M0G-C-G2-3,3.2000,60x40,45x40,,DOC,DOC,SECTION_CHANGE_AT_LEVEL_BOUNDARY,DOC_CONTINUITY_G1_G4,data/canonical/VERTICAL_COLUMN_SEGMENTS_CURRENT_v1.csv,VERTICAL_COLUMN_SEGMENT,DOC_CONTINUITY_PLUS_INF_CORE_NODE_BINDING,CURRENT,ORDINARY_STRUCTURAL_MEMBER,Endpoint sections retained separately; no interpolation or cross-storey section copy.
M0G-M-COL-004,COLUMN_SEGMENT,COL-004,G1-G2,G1,G2,4,4,M0G-C-G1-4,M0G-C-G2-4,3.2000,40x50,40x45,,DOC,DOC,SECTION_CHANGE_AT_LEVEL_BOUNDARY,DOC_CONTINUITY_G1_G4,data/canonical/VERTICAL_COLUMN_SEGMENTS_CURRENT_v1.csv,VERTICAL_COLUMN_SEGMENT,DOC_CONTINUITY_PLUS_INF_CORE_NODE_BINDING,CURRENT,ORDINARY_STRUCTURAL_MEMBER,Endpoint sections retained separately; no interpolation or cross-storey section copy.
M0G-M-COL-005,COLUMN_SEGMENT,COL-005,G1-G2,G1,G2,5,5,M0G-C-G1-5,M0G-C-G2-5,3.2000,40x50,40x45,,DOC,DOC,SECTION_CHANGE_AT_LEVEL_BOUNDARY,DOC_CONTINUITY_G1_G4,data/canonical/VERTICAL_COLUMN_SEGMENTS_CURRENT_v1.csv,VERTICAL_COLUMN_SEGMENT,DOC_CONTINUITY_PLUS_INF_CORE_NODE_BINDING,CURRENT,ORDINARY_STRUCTURAL_MEMBER,Endpoint sections retained separately; no interpolation or cross-storey section copy.
M0G-M-COL-006,COLUMN_SEGMENT,COL-006,G1-G2,G1,G2,6,6,M0G-C-G1-6,M0G-C-G2-6,3.2000,50x40,45x40,,DOC,DOC,SECTION_CHANGE_AT_LEVEL_BOUNDARY,DOC_CONTINUITY_G1_G4,data/canonical/VERTICAL_COLUMN_SEGMENTS_CURRENT_v1.csv,VERTICAL_COLUMN_SEGMENT,DOC_CONTINUITY_PLUS_INF_CORE_NODE_BINDING,CURRENT,ORDINARY_STRUCTURAL_MEMBER,Endpoint sections retained separately; no interpolation or cross-storey section copy.
M0G-M-COL-007,COLUMN_SEGMENT,COL-007,G1-G2,G1,G2,7,7,M0G-C-G1-7,M0G-C-G2-7,3.2000,50x40,45x40,,DOC,DOC,SECTION_CHANGE_AT_LEVEL_BOUNDARY,DOC_CONTINUITY_G1_G4,data/canonical/VERTICAL_COLUMN_SEGMENTS_CURRENT_v1.csv,VERTICAL_COLUMN_SEGMENT,DOC_CONTINUITY_PLUS_INF_CORE_NODE_BINDING,CURRENT,ORDINARY_STRUCTURAL_MEMBER,Endpoint sections retained separately; no interpolation or cross-storey section copy.
M0G-M-COL-008,COLUMN_SEGMENT,COL-008,G1-G2,G1,G2,8,8,M0G-C-G1-8,M0G-C-G2-8,3.2000,40x50,40x45,,DOC,DOC,SECTION_CHANGE_AT_LEVEL_BOUNDARY,DOC_CONTINUITY_G1_G4,data/canonical/VERTICAL_COLUMN_SEGMENTS_CURRENT_v1.csv,VERTICAL_COLUMN_SEGMENT,DOC_CONTINUITY_PLUS_INF_CORE_NODE_BINDING,CURRENT,ORDINARY_STRUCTURAL_MEMBER,Endpoint sections retained separately; no interpolation or cross-storey section copy.
M0G-M-COL-009,COLUMN_SEGMENT,COL-009,G1-G2,G1,G2,9,9,M0G-C-G1-9,M0G-C-G2-9,3.2000,40x50,40x45,,DOC,DOC,SECTION_CHANGE_AT_LEVEL_BOUNDARY,DOC_CONTINUITY_G1_G4,data/canonical/VERTICAL_COLUMN_SEGMENTS_CURRENT_v1.csv,VERTICAL_COLUMN_SEGMENT,DOC_CONTINUITY_PLUS_INF_CORE_NODE_BINDING,CURRENT,ORDINARY_STRUCTURAL_MEMBER,Endpoint sections retained separately; no interpolation or cross-storey section copy.
M0G-M-COL-010,COLUMN_SEGMENT,COL-010,G1-G2,G1,G2,10,10,M0G-C-G1-10,M0G-C-G2-10,3.2000,50x40,50x35,,DOC,DOC,SECTION_CHANGE_AT_LEVEL_BOUNDARY,DOC_CONTINUITY_G1_G4,data/canonical/VERTICAL_COLUMN_SEGMENTS_CURRENT_v1.csv,VERTICAL_COLUMN_SEGMENT,DOC_CONTINUITY_PLUS_INF_CORE_NODE_BINDING,CURRENT,ORDINARY_STRUCTURAL_MEMBER,Endpoint sections retained separately; no interpolation or cross-storey section copy.
M0G-M-COL-011,COLUMN_SEGMENT,COL-011,G1-G2,G1,G2,11,11,M0G-C-G1-11,M0G-C-G2-11,3.2000,50x40,50x35,,DOC,DOC,SECTION_CHANGE_AT_LEVEL_BOUNDARY,DOC_CONTINUITY_G1_G4,data/canonical/VERTICAL_COLUMN_SEGMENTS_CURRENT_v1.csv,VERTICAL_COLUMN_SEGMENT,DOC_CONTINUITY_PLUS_INF_CORE_NODE_BINDING,CURRENT,ORDINARY_STRUCTURAL_MEMBER,Endpoint sections retained separately; no interpolation or cross-storey section copy.
M0G-M-COL-012,COLUMN_SEGMENT,COL-012,G1-G2,G1,G2,12,12,M0G-C-G1-12,M0G-C-G2-12,3.2000,40x50,35x50,,DOC,DOC,SECTION_CHANGE_AT_LEVEL_BOUNDARY,DOC_CONTINUITY_G1_G4,data/canonical/VERTICAL_COLUMN_SEGMENTS_CURRENT_v1.csv,VERTICAL_COLUMN_SEGMENT,DOC_CONTINUITY_PLUS_INF_CORE_NODE_BINDING,CURRENT,ORDINARY_STRUCTURAL_MEMBER,Endpoint sections retained separately; no interpolation or cross-storey section copy.
M0G-M-COL-013,COLUMN_SEGMENT,COL-013,G1-G2,G1,G2,13,13,M0G-C-G1-13,M0G-C-G2-13,3.2000,50x40,50x35,,DOC,DOC,SECTION_CHANGE_AT_LEVEL_BOUNDARY,DOC_CONTINUITY_G1_G4,data/canonical/VERTICAL_COLUMN_SEGMENTS_CURRENT_v1.csv,VERTICAL_COLUMN_SEGMENT,DOC_CONTINUITY_PLUS_INF_CORE_NODE_BINDING,CURRENT,ORDINARY_STRUCTURAL_MEMBER,Endpoint sections retained separately; no interpolation or cross-storey section copy.
M0G-M-COL-014,COLUMN_SEGMENT,COL-014,G1-G2,G1,G2,14,14,M0G-C-G1-14,M0G-C-G2-14,3.2000,50x40,50x35,,DOC,DOC,SECTION_CHANGE_AT_LEVEL_BOUNDARY,DOC_CONTINUITY_G1_G4,data/canonical/VERTICAL_COLUMN_SEGMENTS_CURRENT_v1.csv,VERTICAL_COLUMN_SEGMENT,DOC_CONTINUITY_PLUS_INF_CORE_NODE_BINDING,CURRENT,ORDINARY_STRUCTURAL_MEMBER,Endpoint sections retained separately; no interpolation or cross-storey section copy.
M0G-M-COL-015,COLUMN_SEGMENT,COL-015,G1-G2,G1,G2,15,15,M0G-C-G1-15,M0G-C-G2-15,3.2000,50x40,50x35,,DOC,DOC,SECTION_CHANGE_AT_LEVEL_BOUNDARY,DOC_CONTINUITY_G1_G4,data/canonical/VERTICAL_COLUMN_SEGMENTS_CURRENT_v1.csv,VERTICAL_COLUMN_SEGMENT,DOC_CONTINUITY_PLUS_INF_CORE_NODE_BINDING,CURRENT,ORDINARY_STRUCTURAL_MEMBER,Endpoint sections retained separately; no interpolation or cross-storey section copy.
M0G-M-COL-016,COLUMN_SEGMENT,COL-016,G1-G2,G1,G2,16,16,M0G-C-G1-16,M0G-C-G2-16,3.2000,50x40,40x45,,DOC,DOC,SECTION_CHANGE_AT_LEVEL_BOUNDARY,DOC_CONTINUITY_G1_G4,data/canonical/VERTICAL_COLUMN_SEGMENTS_CURRENT_v1.csv,VERTICAL_COLUMN_SEGMENT,DOC_CONTINUITY_PLUS_INF_CORE_NODE_BINDING,CURRENT,ORDINARY_STRUCTURAL_MEMBER,Endpoint sections retained separately; no interpolation or cross-storey section copy.
M0G-M-COL-017,COLUMN_SEGMENT,COL-017,G1-G2,G1,G2,17,17,M0G-C-G1-17,M0G-C-G2-17,3.2000,50x40,40x45,,DOC,DOC,SECTION_CHANGE_AT_LEVEL_BOUNDARY,DOC_CONTINUITY_G1_G4,data/canonical/VERTICAL_COLUMN_SEGMENTS_CURRENT_v1.csv,VERTICAL_COLUMN_SEGMENT,DOC_CONTINUITY_PLUS_INF_CORE_NODE_BINDING,CURRENT,ORDINARY_STRUCTURAL_MEMBER,Endpoint sections retained separately; no interpolation or cross-storey section copy.
M0G-M-COL-018,COLUMN_SEGMENT,COL-018,G1-G2,G1,G2,18,18,M0G-C-G1-18,M0G-C-G2-18,3.2000,110x30,30x110,,DOC,DOC,SECTION_CHANGE_AT_LEVEL_BOUNDARY,DOC_CONTINUITY_G1_G4,data/canonical/VERTICAL_COLUMN_SEGMENTS_CURRENT_v1.csv,VERTICAL_COLUMN_SEGMENT,DOC_CONTINUITY_PLUS_INF_CORE_NODE_BINDING,CURRENT,ORDINARY_STRUCTURAL_MEMBER,Endpoint sections retained separately; no interpolation or cross-storey section copy.
M0G-M-COL-019,COLUMN_SEGMENT,COL-019,G1-G2,G1,G2,19,19,M0G-C-G1-19,M0G-C-G2-19,3.2000,40x50,40x45,,DOC,DOC,SECTION_CHANGE_AT_LEVEL_BOUNDARY,DOC_CONTINUITY_G1_G4,data/canonical/VERTICAL_COLUMN_SEGMENTS_CURRENT_v1.csv,VERTICAL_COLUMN_SEGMENT,DOC_CONTINUITY_PLUS_INF_CORE_NODE_BINDING,CURRENT,ORDINARY_STRUCTURAL_MEMBER,Endpoint sections retained separately; no interpolation or cross-storey section copy.
M0G-M-COL-020,COLUMN_SEGMENT,COL-020,G1-G2,G1,G2,20,20,M0G-C-G1-20,M0G-C-G2-20,3.2000,50x40,45x40,,DOC,DOC,SECTION_CHANGE_AT_LEVEL_BOUNDARY,DOC_CONTINUITY_G1_G4,data/canonical/VERTICAL_COLUMN_SEGMENTS_CURRENT_v1.csv,VERTICAL_COLUMN_SEGMENT,DOC_CONTINUITY_PLUS_INF_CORE_NODE_BINDING,CURRENT,ORDINARY_STRUCTURAL_MEMBER,Endpoint sections retained separately; no interpolation or cross-storey section copy.
M0G-M-COL-021,COLUMN_SEGMENT,COL-021,G1-G2,G1,G2,21,21,M0G-C-G1-21,M0G-C-G2-21,3.2000,40x50,35x50,,DOC,DOC,SECTION_CHANGE_AT_LEVEL_BOUNDARY,DOC_CONTINUITY_G1_G4,data/canonical/VERTICAL_COLUMN_SEGMENTS_CURRENT_v1.csv,VERTICAL_COLUMN_SEGMENT,DOC_CONTINUITY_PLUS_INF_CORE_NODE_BINDING,CURRENT,ORDINARY_STRUCTURAL_MEMBER,Endpoint sections retained separately; no interpolation or cross-storey section copy.
M0G-M-COL-022,COLUMN_SEGMENT,COL-022,G1-G2,G1,G2,22,22,M0G-C-G1-22,M0G-C-G2-22,3.2000,50x40,35x50,,DOC,DOC,SECTION_CHANGE_AT_LEVEL_BOUNDARY,DOC_CONTINUITY_G1_G4,data/canonical/VERTICAL_COLUMN_SEGMENTS_CURRENT_v1.csv,VERTICAL_COLUMN_SEGMENT,DOC_CONTINUITY_PLUS_INF_CORE_NODE_BINDING,CURRENT,ORDINARY_STRUCTURAL_MEMBER,Endpoint sections retained separately; no interpolation or cross-storey section copy.
M0G-M-COL-023,COLUMN_SEGMENT,COL-023,G1-G2,G1,G2,22',22',M0G-C-G1-22PRIME,M0G-C-G2-22PRIME,3.2000,50x40,45x40,,DOC,DOC,SECTION_CHANGE_AT_LEVEL_BOUNDARY,DOC_CONTINUITY_G1_G4,data/canonical/VERTICAL_COLUMN_SEGMENTS_CURRENT_v1.csv,VERTICAL_COLUMN_SEGMENT,DOC_CONTINUITY_PLUS_INF_CORE_NODE_BINDING,CURRENT,ORDINARY_STRUCTURAL_MEMBER,Endpoint sections retained separately; no interpolation or cross-storey section copy.
M0G-M-COL-024,COLUMN_SEGMENT,COL-024,G1-G2,G1,G2,23,23,M0G-C-G1-23,M0G-C-G2-23,3.2000,30x110,30x110,,DOC,DOC,UNCHANGED,DOC_CONTINUITY_G1_G4,data/canonical/VERTICAL_COLUMN_SEGMENTS_CURRENT_v1.csv,VERTICAL_COLUMN_SEGMENT,DOC_CONTINUITY_PLUS_INF_CORE_NODE_BINDING,CURRENT,ORDINARY_STRUCTURAL_MEMBER,Endpoint sections retained separately; no interpolation or cross-storey section copy.
M0G-M-COL-025,COLUMN_SEGMENT,COL-025,G1-G2,G1,G2,24,24,M0G-C-G1-24,M0G-C-G2-24,3.2000,40x50,40x45,,DOC,DOC,SECTION_CHANGE_AT_LEVEL_BOUNDARY,DOC_CONTINUITY_G1_G4,data/canonical/VERTICAL_COLUMN_SEGMENTS_CURRENT_v1.csv,VERTICAL_COLUMN_SEGMENT,DOC_CONTINUITY_PLUS_INF_CORE_NODE_BINDING,CURRENT,ORDINARY_STRUCTURAL_MEMBER,Endpoint sections retained separately; no interpolation or cross-storey section copy.
M0G-M-COL-026,COLUMN_SEGMENT,COL-026,G1-G2,G1,G2,25,25,M0G-C-G1-25,M0G-C-G2-25,3.2000,50x40,40x45,,DOC,DOC,SECTION_CHANGE_AT_LEVEL_BOUNDARY,DOC_CONTINUITY_G1_G4,data/canonical/VERTICAL_COLUMN_SEGMENTS_CURRENT_v1.csv,VERTICAL_COLUMN_SEGMENT,DOC_CONTINUITY_PLUS_INF_CORE_NODE_BINDING,CURRENT,ORDINARY_STRUCTURAL_MEMBER,Endpoint sections retained separately; no interpolation or cross-storey section copy.
M0G-M-COL-027,COLUMN_SEGMENT,COL-027,G1-G2,G1,G2,26,26,M0G-C-G1-26,M0G-C-G2-26,3.2000,50x40,35x50,,DOC,DOC,SECTION_CHANGE_AT_LEVEL_BOUNDARY,DOC_CONTINUITY_G1_G4,data/canonical/VERTICAL_COLUMN_SEGMENTS_CURRENT_v1.csv,VERTICAL_COLUMN_SEGMENT,DOC_CONTINUITY_PLUS_INF_CORE_NODE_BINDING,CURRENT,ORDINARY_STRUCTURAL_MEMBER,Endpoint sections retained separately; no interpolation or cross-storey section copy.
M0G-M-COL-028,COLUMN_SEGMENT,COL-028,G1-G2,G1,G2,27,27,M0G-C-G1-27,M0G-C-G2-27,3.2000,50x40,40x45,,DOC,DOC,SECTION_CHANGE_AT_LEVEL_BOUNDARY,DOC_CONTINUITY_G1_G4,data/canonical/VERTICAL_COLUMN_SEGMENTS_CURRENT_v1.csv,VERTICAL_COLUMN_SEGMENT,DOC_CONTINUITY_PLUS_INF_CORE_NODE_BINDING,CURRENT,ORDINARY_STRUCTURAL_MEMBER,Endpoint sections retained separately; no interpolation or cross-storey section copy.
M0G-M-COL-029,COLUMN_SEGMENT,COL-029,G1-G2,G1,G2,28,28,M0G-C-G1-28,M0G-C-G2-28,3.2000,50x40,40x45,,DOC,DOC,SECTION_CHANGE_AT_LEVEL_BOUNDARY,DOC_CONTINUITY_G1_G4,data/canonical/VERTICAL_COLUMN_SEGMENTS_CURRENT_v1.csv,VERTICAL_COLUMN_SEGMENT,DOC_CONTINUITY_PLUS_INF_CORE_NODE_BINDING,CURRENT,ORDINARY_STRUCTURAL_MEMBER,Endpoint sections retained separately; no interpolation or cross-storey section copy.
M0G-M-COL-030,COLUMN_SEGMENT,COL-030,G1-G2,G1,G2,29,29,M0G-C-G1-29,M0G-C-G2-29,3.2000,50x40,35x50,,DOC,DOC,SECTION_CHANGE_AT_LEVEL_BOUNDARY,DOC_CONTINUITY_G1_G4,data/canonical/VERTICAL_COLUMN_SEGMENTS_CURRENT_v1.csv,VERTICAL_COLUMN_SEGMENT,DOC_CONTINUITY_PLUS_INF_CORE_NODE_BINDING,CURRENT,ORDINARY_STRUCTURAL_MEMBER,Endpoint sections retained separately; no interpolation or cross-storey section copy.
M0G-M-COL-031,COLUMN_SEGMENT,COL-031,G1-G2,G1,G2,30,30,M0G-C-G1-30,M0G-C-G2-30,3.2000,30x110,110x30,,DOC,DOC,SECTION_CHANGE_AT_LEVEL_BOUNDARY,DOC_CONTINUITY_G1_G4,data/canonical/VERTICAL_COLUMN_SEGMENTS_CURRENT_v1.csv,VERTICAL_COLUMN_SEGMENT,DOC_CONTINUITY_PLUS_INF_CORE_NODE_BINDING,CURRENT,ORDINARY_STRUCTURAL_MEMBER,Endpoint sections retained separately; no interpolation or cross-storey section copy.
M0G-M-COL-032,COLUMN_SEGMENT,COL-032,G1-G2,G1,G2,31,31,M0G-C-G1-31,M0G-C-G2-31,3.2000,50x40,40x45,,DOC,DOC,SECTION_CHANGE_AT_LEVEL_BOUNDARY,DOC_CONTINUITY_G1_G4,data/canonical/VERTICAL_COLUMN_SEGMENTS_CURRENT_v1.csv,VERTICAL_COLUMN_SEGMENT,DOC_CONTINUITY_PLUS_INF_CORE_NODE_BINDING,CURRENT,ORDINARY_STRUCTURAL_MEMBER,Endpoint sections retained separately; no interpolation or cross-storey section copy.
M0G-M-COL-033,COLUMN_SEGMENT,COL-033,G1-G2,G1,G2,32,32,M0G-C-G1-32,M0G-C-G2-32,3.2000,40x50,45x40,,DOC,DOC,SECTION_CHANGE_AT_LEVEL_BOUNDARY,DOC_CONTINUITY_G1_G4,data/canonical/VERTICAL_COLUMN_SEGMENTS_CURRENT_v1.csv,VERTICAL_COLUMN_SEGMENT,DOC_CONTINUITY_PLUS_INF_CORE_NODE_BINDING,CURRENT,ORDINARY_STRUCTURAL_MEMBER,Endpoint sections retained separately; no interpolation or cross-storey section copy.
M0G-M-COL-034,COLUMN_SEGMENT,COL-034,G1-G2,G1,G2,33,33,M0G-C-G1-33,M0G-C-G2-33,3.2000,40x50,40x45,,DOC,DOC,SECTION_CHANGE_AT_LEVEL_BOUNDARY,DOC_CONTINUITY_G1_G4,data/canonical/VERTICAL_COLUMN_SEGMENTS_CURRENT_v1.csv,VERTICAL_COLUMN_SEGMENT,DOC_CONTINUITY_PLUS_INF_CORE_NODE_BINDING,CURRENT,ORDINARY_STRUCTURAL_MEMBER,Endpoint sections retained separately; no interpolation or cross-storey section copy.
M0G-M-COL-035,COLUMN_SEGMENT,COL-035,G2-G3,G2,G3,1,1,M0G-C-G2-1,M0G-C-G3-1,3.2000,40x45,40x40,,DOC,DOC,SECTION_CHANGE_AT_LEVEL_BOUNDARY,DOC_CONTINUITY_G1_G4,data/canonical/VERTICAL_COLUMN_SEGMENTS_CURRENT_v1.csv,VERTICAL_COLUMN_SEGMENT,DOC_CONTINUITY_PLUS_INF_CORE_NODE_BINDING,CURRENT,ORDINARY_STRUCTURAL_MEMBER,Endpoint sections retained separately; no interpolation or cross-storey section copy.
M0G-M-COL-036,COLUMN_SEGMENT,COL-036,G2-G3,G2,G3,2,2,M0G-C-G2-2,M0G-C-G3-2,3.2000,45x40,40x40,,DOC,DOC,SECTION_CHANGE_AT_LEVEL_BOUNDARY,DOC_CONTINUITY_G1_G4,data/canonical/VERTICAL_COLUMN_SEGMENTS_CURRENT_v1.csv,VERTICAL_COLUMN_SEGMENT,DOC_CONTINUITY_PLUS_INF_CORE_NODE_BINDING,CURRENT,ORDINARY_STRUCTURAL_MEMBER,Endpoint sections retained separately; no interpolation or cross-storey section copy.
M0G-M-COL-037,COLUMN_SEGMENT,COL-037,G2-G3,G2,G3,3,3,M0G-C-G2-3,M0G-C-G3-3,3.2000,45x40,40x40,,DOC,DOC,SECTION_CHANGE_AT_LEVEL_BOUNDARY,DOC_CONTINUITY_G1_G4,data/canonical/VERTICAL_COLUMN_SEGMENTS_CURRENT_v1.csv,VERTICAL_COLUMN_SEGMENT,DOC_CONTINUITY_PLUS_INF_CORE_NODE_BINDING,CURRENT,ORDINARY_STRUCTURAL_MEMBER,Endpoint sections retained separately; no interpolation or cross-storey section copy.
M0G-M-COL-038,COLUMN_SEGMENT,COL-038,G2-G3,G2,G3,4,4,M0G-C-G2-4,M0G-C-G3-4,3.2000,40x45,40x40,,DOC,DOC,SECTION_CHANGE_AT_LEVEL_BOUNDARY,DOC_CONTINUITY_G1_G4,data/canonical/VERTICAL_COLUMN_SEGMENTS_CURRENT_v1.csv,VERTICAL_COLUMN_SEGMENT,DOC_CONTINUITY_PLUS_INF_CORE_NODE_BINDING,CURRENT,ORDINARY_STRUCTURAL_MEMBER,Endpoint sections retained separately; no interpolation or cross-storey section copy.
M0G-M-COL-039,COLUMN_SEGMENT,COL-039,G2-G3,G2,G3,5,5,M0G-C-G2-5,M0G-C-G3-5,3.2000,40x45,40x40,,DOC,DOC,SECTION_CHANGE_AT_LEVEL_BOUNDARY,DOC_CONTINUITY_G1_G4,data/canonical/VERTICAL_COLUMN_SEGMENTS_CURRENT_v1.csv,VERTICAL_COLUMN_SEGMENT,DOC_CONTINUITY_PLUS_INF_CORE_NODE_BINDING,CURRENT,ORDINARY_STRUCTURAL_MEMBER,Endpoint sections retained separately; no interpolation or cross-storey section copy.
M0G-M-COL-040,COLUMN_SEGMENT,COL-040,G2-G3,G2,G3,6,6,M0G-C-G2-6,M0G-C-G3-6,3.2000,45x40,40x40,,DOC,DOC,SECTION_CHANGE_AT_LEVEL_BOUNDARY,DOC_CONTINUITY_G1_G4,data/canonical/VERTICAL_COLUMN_SEGMENTS_CURRENT_v1.csv,VERTICAL_COLUMN_SEGMENT,DOC_CONTINUITY_PLUS_INF_CORE_NODE_BINDING,CURRENT,ORDINARY_STRUCTURAL_MEMBER,Endpoint sections retained separately; no interpolation or cross-storey section copy.
M0G-M-COL-041,COLUMN_SEGMENT,COL-041,G2-G3,G2,G3,7,7,M0G-C-G2-7,M0G-C-G3-7,3.2000,45x40,40x40,,DOC,DOC,SECTION_CHANGE_AT_LEVEL_BOUNDARY,DOC_CONTINUITY_G1_G4,data/canonical/VERTICAL_COLUMN_SEGMENTS_CURRENT_v1.csv,VERTICAL_COLUMN_SEGMENT,DOC_CONTINUITY_PLUS_INF_CORE_NODE_BINDING,CURRENT,ORDINARY_STRUCTURAL_MEMBER,Endpoint sections retained separately; no interpolation or cross-storey section copy.
M0G-M-COL-042,COLUMN_SEGMENT,COL-042,G2-G3,G2,G3,8,8,M0G-C-G2-8,M0G-C-G3-8,3.2000,40x45,40x40,,DOC,DOC,SECTION_CHANGE_AT_LEVEL_BOUNDARY,DOC_CONTINUITY_G1_G4,data/canonical/VERTICAL_COLUMN_SEGMENTS_CURRENT_v1.csv,VERTICAL_COLUMN_SEGMENT,DOC_CONTINUITY_PLUS_INF_CORE_NODE_BINDING,CURRENT,ORDINARY_STRUCTURAL_MEMBER,Endpoint sections retained separately; no interpolation or cross-storey section copy.
M0G-M-COL-043,COLUMN_SEGMENT,COL-043,G2-G3,G2,G3,9,9,M0G-C-G2-9,M0G-C-G3-9,3.2000,40x45,40x40,,DOC,DOC,SECTION_CHANGE_AT_LEVEL_BOUNDARY,DOC_CONTINUITY_G1_G4,data/canonical/VERTICAL_COLUMN_SEGMENTS_CURRENT_v1.csv,VERTICAL_COLUMN_SEGMENT,DOC_CONTINUITY_PLUS_INF_CORE_NODE_BINDING,CURRENT,ORDINARY_STRUCTURAL_MEMBER,Endpoint sections retained separately; no interpolation or cross-storey section copy.
M0G-M-COL-044,COLUMN_SEGMENT,COL-044,G2-G3,G2,G3,10,10,M0G-C-G2-10,M0G-C-G3-10,3.2000,50x35,50x30,,DOC,DOC,SECTION_CHANGE_AT_LEVEL_BOUNDARY,DOC_CONTINUITY_G1_G4,data/canonical/VERTICAL_COLUMN_SEGMENTS_CURRENT_v1.csv,VERTICAL_COLUMN_SEGMENT,DOC_CONTINUITY_PLUS_INF_CORE_NODE_BINDING,CURRENT,ORDINARY_STRUCTURAL_MEMBER,Endpoint sections retained separately; no interpolation or cross-storey section copy.
M0G-M-COL-045,COLUMN_SEGMENT,COL-045,G2-G3,G2,G3,11,11,M0G-C-G2-11,M0G-C-G3-11,3.2000,50x35,50x30,,DOC,DOC,SECTION_CHANGE_AT_LEVEL_BOUNDARY,DOC_CONTINUITY_G1_G4,data/canonical/VERTICAL_COLUMN_SEGMENTS_CURRENT_v1.csv,VERTICAL_COLUMN_SEGMENT,DOC_CONTINUITY_PLUS_INF_CORE_NODE_BINDING,CURRENT,ORDINARY_STRUCTURAL_MEMBER,Endpoint sections retained separately; no interpolation or cross-storey section copy.
M0G-M-COL-046,COLUMN_SEGMENT,COL-046,G2-G3,G2,G3,12,12,M0G-C-G2-12,M0G-C-G3-12,3.2000,35x50,30x50,,DOC,DOC,SECTION_CHANGE_AT_LEVEL_BOUNDARY,DOC_CONTINUITY_G1_G4,data/canonical/VERTICAL_COLUMN_SEGMENTS_CURRENT_v1.csv,VERTICAL_COLUMN_SEGMENT,DOC_CONTINUITY_PLUS_INF_CORE_NODE_BINDING,CURRENT,ORDINARY_STRUCTURAL_MEMBER,Endpoint sections retained separately; no interpolation or cross-storey section copy.
M0G-M-COL-047,COLUMN_SEGMENT,COL-047,G2-G3,G2,G3,13,13,M0G-C-G2-13,M0G-C-G3-13,3.2000,50x35,50x30,,DOC,DOC,SECTION_CHANGE_AT_LEVEL_BOUNDARY,DOC_CONTINUITY_G1_G4,data/canonical/VERTICAL_COLUMN_SEGMENTS_CURRENT_v1.csv,VERTICAL_COLUMN_SEGMENT,DOC_CONTINUITY_PLUS_INF_CORE_NODE_BINDING,CURRENT,ORDINARY_STRUCTURAL_MEMBER,Endpoint sections retained separately; no interpolation or cross-storey section copy.
M0G-M-COL-048,COLUMN_SEGMENT,COL-048,G2-G3,G2,G3,14,14,M0G-C-G2-14,M0G-C-G3-14,3.2000,50x35,50x30,,DOC,DOC,SECTION_CHANGE_AT_LEVEL_BOUNDARY,DOC_CONTINUITY_G1_G4,data/canonical/VERTICAL_COLUMN_SEGMENTS_CURRENT_v1.csv,VERTICAL_COLUMN_SEGMENT,DOC_CONTINUITY_PLUS_INF_CORE_NODE_BINDING,CURRENT,ORDINARY_STRUCTURAL_MEMBER,Endpoint sections retained separately; no interpolation or cross-storey section copy.
M0G-M-COL-049,COLUMN_SEGMENT,COL-049,G2-G3,G2,G3,15,15,M0G-C-G2-15,M0G-C-G3-15,3.2000,50x35,50x30,,DOC,DOC,SECTION_CHANGE_AT_LEVEL_BOUNDARY,DOC_CONTINUITY_G1_G4,data/canonical/VERTICAL_COLUMN_SEGMENTS_CURRENT_v1.csv,VERTICAL_COLUMN_SEGMENT,DOC_CONTINUITY_PLUS_INF_CORE_NODE_BINDING,CURRENT,ORDINARY_STRUCTURAL_MEMBER,Endpoint sections retained separately; no interpolation or cross-storey section copy.
M0G-M-COL-050,COLUMN_SEGMENT,COL-050,G2-G3,G2,G3,16,16,M0G-C-G2-16,M0G-C-G3-16,3.2000,40x45,40x40,,DOC,DOC,SECTION_CHANGE_AT_LEVEL_BOUNDARY,DOC_CONTINUITY_G1_G4,data/canonical/VERTICAL_COLUMN_SEGMENTS_CURRENT_v1.csv,VERTICAL_COLUMN_SEGMENT,DOC_CONTINUITY_PLUS_INF_CORE_NODE_BINDING,CURRENT,ORDINARY_STRUCTURAL_MEMBER,Endpoint sections retained separately; no interpolation or cross-storey section copy.
M0G-M-COL-051,COLUMN_SEGMENT,COL-051,G2-G3,G2,G3,17,17,M0G-C-G2-17,M0G-C-G3-17,3.2000,40x45,40x40,,DOC,DOC,SECTION_CHANGE_AT_LEVEL_BOUNDARY,DOC_CONTINUITY_G1_G4,data/canonical/VERTICAL_COLUMN_SEGMENTS_CURRENT_v1.csv,VERTICAL_COLUMN_SEGMENT,DOC_CONTINUITY_PLUS_INF_CORE_NODE_BINDING,CURRENT,ORDINARY_STRUCTURAL_MEMBER,Endpoint sections retained separately; no interpolation or cross-storey section copy.
M0G-M-COL-052,COLUMN_SEGMENT,COL-052,G2-G3,G2,G3,18,18,M0G-C-G2-18,M0G-C-G3-18,3.2000,30x110,30x110,,DOC,MIS,UNCHANGED,DOC_CONTINUITY_G1_G4,data/canonical/VERTICAL_COLUMN_SEGMENTS_CURRENT_v1.csv,VERTICAL_COLUMN_SEGMENT,DOC_CONTINUITY_PLUS_INF_CORE_NODE_BINDING,CURRENT_WITH_SECTION_WATCH,ORDINARY_STRUCTURAL_MEMBER,Endpoint sections retained separately; no interpolation or cross-storey section copy.
M0G-M-COL-053,COLUMN_SEGMENT,COL-053,G2-G3,G2,G3,19,19,M0G-C-G2-19,M0G-C-G3-19,3.2000,40x45,40x40,,DOC,DOC,SECTION_CHANGE_AT_LEVEL_BOUNDARY,DOC_CONTINUITY_G1_G4,data/canonical/VERTICAL_COLUMN_SEGMENTS_CURRENT_v1.csv,VERTICAL_COLUMN_SEGMENT,DOC_CONTINUITY_PLUS_INF_CORE_NODE_BINDING,CURRENT,ORDINARY_STRUCTURAL_MEMBER,Endpoint sections retained separately; no interpolation or cross-storey section copy.
M0G-M-COL-054,COLUMN_SEGMENT,COL-054,G2-G3,G2,G3,20,20,M0G-C-G2-20,M0G-C-G3-20,3.2000,45x40,50x30,,DOC,DOC,SECTION_CHANGE_AT_LEVEL_BOUNDARY,DOC_CONTINUITY_G1_G4,data/canonical/VERTICAL_COLUMN_SEGMENTS_CURRENT_v1.csv,VERTICAL_COLUMN_SEGMENT,DOC_CONTINUITY_PLUS_INF_CORE_NODE_BINDING,CURRENT,ORDINARY_STRUCTURAL_MEMBER,Endpoint sections retained separately; no interpolation or cross-storey section copy.
M0G-M-COL-055,COLUMN_SEGMENT,COL-055,G2-G3,G2,G3,21,21,M0G-C-G2-21,M0G-C-G3-21,3.2000,35x50,30x50,,DOC,MIS,SECTION_CHANGE_AT_LEVEL_BOUNDARY,DOC_CONTINUITY_G1_G4,data/canonical/VERTICAL_COLUMN_SEGMENTS_CURRENT_v1.csv,VERTICAL_COLUMN_SEGMENT,DOC_CONTINUITY_PLUS_INF_CORE_NODE_BINDING,CURRENT_WITH_SECTION_WATCH,ORDINARY_STRUCTURAL_MEMBER,Endpoint sections retained separately; no interpolation or cross-storey section copy.
M0G-M-COL-056,COLUMN_SEGMENT,COL-056,G2-G3,G2,G3,22,22,M0G-C-G2-22,M0G-C-G3-22,3.2000,35x50,30x50,,DOC,DOC,SECTION_CHANGE_AT_LEVEL_BOUNDARY,DOC_CONTINUITY_G1_G4,data/canonical/VERTICAL_COLUMN_SEGMENTS_CURRENT_v1.csv,VERTICAL_COLUMN_SEGMENT,DOC_CONTINUITY_PLUS_INF_CORE_NODE_BINDING,CURRENT,ORDINARY_STRUCTURAL_MEMBER,Endpoint sections retained separately; no interpolation or cross-storey section copy.
M0G-M-COL-057,COLUMN_SEGMENT,COL-057,G2-G3,G2,G3,22',22',M0G-C-G2-22PRIME,M0G-C-G3-22PRIME,3.2000,45x40,40x40,,DOC,DOC,SECTION_CHANGE_AT_LEVEL_BOUNDARY,DOC_CONTINUITY_G1_G4,data/canonical/VERTICAL_COLUMN_SEGMENTS_CURRENT_v1.csv,VERTICAL_COLUMN_SEGMENT,DOC_CONTINUITY_PLUS_INF_CORE_NODE_BINDING,CURRENT,ORDINARY_STRUCTURAL_MEMBER,Endpoint sections retained separately; no interpolation or cross-storey section copy.
M0G-M-COL-058,COLUMN_SEGMENT,COL-058,G2-G3,G2,G3,23,23,M0G-C-G2-23,M0G-C-G3-23,3.2000,30x110,30x110,,DOC,DOC,UNCHANGED,DOC_CONTINUITY_G1_G4,data/canonical/VERTICAL_COLUMN_SEGMENTS_CURRENT_v1.csv,VERTICAL_COLUMN_SEGMENT,DOC_CONTINUITY_PLUS_INF_CORE_NODE_BINDING,CURRENT,ORDINARY_STRUCTURAL_MEMBER,Endpoint sections retained separately; no interpolation or cross-storey section copy.
M0G-M-COL-059,COLUMN_SEGMENT,COL-059,G2-G3,G2,G3,24,24,M0G-C-G2-24,M0G-C-G3-24,3.2000,40x45,40x40,,DOC,DOC,SECTION_CHANGE_AT_LEVEL_BOUNDARY,DOC_CONTINUITY_G1_G4,data/canonical/VERTICAL_COLUMN_SEGMENTS_CURRENT_v1.csv,VERTICAL_COLUMN_SEGMENT,DOC_CONTINUITY_PLUS_INF_CORE_NODE_BINDING,CURRENT,ORDINARY_STRUCTURAL_MEMBER,Endpoint sections retained separately; no interpolation or cross-storey section copy.
M0G-M-COL-060,COLUMN_SEGMENT,COL-060,G2-G3,G2,G3,25,25,M0G-C-G2-25,M0G-C-G3-25,3.2000,40x45,40x40,,DOC,DOC,SECTION_CHANGE_AT_LEVEL_BOUNDARY,DOC_CONTINUITY_G1_G4,data/canonical/VERTICAL_COLUMN_SEGMENTS_CURRENT_v1.csv,VERTICAL_COLUMN_SEGMENT,DOC_CONTINUITY_PLUS_INF_CORE_NODE_BINDING,CURRENT,ORDINARY_STRUCTURAL_MEMBER,Endpoint sections retained separately; no interpolation or cross-storey section copy.
M0G-M-COL-061,COLUMN_SEGMENT,COL-061,G2-G3,G2,G3,26,26,M0G-C-G2-26,M0G-C-G3-26,3.2000,35x50,30x50,,DOC,DOC,SECTION_CHANGE_AT_LEVEL_BOUNDARY,DOC_CONTINUITY_G1_G4,data/canonical/VERTICAL_COLUMN_SEGMENTS_CURRENT_v1.csv,VERTICAL_COLUMN_SEGMENT,DOC_CONTINUITY_PLUS_INF_CORE_NODE_BINDING,CURRENT,ORDINARY_STRUCTURAL_MEMBER,Endpoint sections retained separately; no interpolation or cross-storey section copy.
M0G-M-COL-062,COLUMN_SEGMENT,COL-062,G2-G3,G2,G3,27,27,M0G-C-G2-27,M0G-C-G3-27,3.2000,40x45,40x40,,DOC,DOC,SECTION_CHANGE_AT_LEVEL_BOUNDARY,DOC_CONTINUITY_G1_G4,data/canonical/VERTICAL_COLUMN_SEGMENTS_CURRENT_v1.csv,VERTICAL_COLUMN_SEGMENT,DOC_CONTINUITY_PLUS_INF_CORE_NODE_BINDING,CURRENT,ORDINARY_STRUCTURAL_MEMBER,Endpoint sections retained separately; no interpolation or cross-storey section copy.
M0G-M-COL-063,COLUMN_SEGMENT,COL-063,G2-G3,G2,G3,28,28,M0G-C-G2-28,M0G-C-G3-28,3.2000,40x45,40x40,,DOC,DOC,SECTION_CHANGE_AT_LEVEL_BOUNDARY,DOC_CONTINUITY_G1_G4,data/canonical/VERTICAL_COLUMN_SEGMENTS_CURRENT_v1.csv,VERTICAL_COLUMN_SEGMENT,DOC_CONTINUITY_PLUS_INF_CORE_NODE_BINDING,CURRENT,ORDINARY_STRUCTURAL_MEMBER,Endpoint sections retained separately; no interpolation or cross-storey section copy.
M0G-M-COL-064,COLUMN_SEGMENT,COL-064,G2-G3,G2,G3,29,29,M0G-C-G2-29,M0G-C-G3-29,3.2000,35x50,30x50,,DOC,DOC,SECTION_CHANGE_AT_LEVEL_BOUNDARY,DOC_CONTINUITY_G1_G4,data/canonical/VERTICAL_COLUMN_SEGMENTS_CURRENT_v1.csv,VERTICAL_COLUMN_SEGMENT,DOC_CONTINUITY_PLUS_INF_CORE_NODE_BINDING,CURRENT,ORDINARY_STRUCTURAL_MEMBER,Endpoint sections retained separately; no interpolation or cross-storey section copy.
M0G-M-COL-065,COLUMN_SEGMENT,COL-065,G2-G3,G2,G3,30,30,M0G-C-G2-30,M0G-C-G3-30,3.2000,110x30,110x30,,DOC,DOC,UNCHANGED,DOC_CONTINUITY_G1_G4,data/canonical/VERTICAL_COLUMN_SEGMENTS_CURRENT_v1.csv,VERTICAL_COLUMN_SEGMENT,DOC_CONTINUITY_PLUS_INF_CORE_NODE_BINDING,CURRENT,ORDINARY_STRUCTURAL_MEMBER,Endpoint sections retained separately; no interpolation or cross-storey section copy.
M0G-M-COL-066,COLUMN_SEGMENT,COL-066,G2-G3,G2,G3,31,31,M0G-C-G2-31,M0G-C-G3-31,3.2000,40x45,40x40,,DOC,DOC,SECTION_CHANGE_AT_LEVEL_BOUNDARY,DOC_CONTINUITY_G1_G4,data/canonical/VERTICAL_COLUMN_SEGMENTS_CURRENT_v1.csv,VERTICAL_COLUMN_SEGMENT,DOC_CONTINUITY_PLUS_INF_CORE_NODE_BINDING,CURRENT,ORDINARY_STRUCTURAL_MEMBER,Endpoint sections retained separately; no interpolation or cross-storey section copy.
M0G-M-COL-067,COLUMN_SEGMENT,COL-067,G2-G3,G2,G3,32,32,M0G-C-G2-32,M0G-C-G3-32,3.2000,45x40,40x40,,DOC,DOC,SECTION_CHANGE_AT_LEVEL_BOUNDARY,DOC_CONTINUITY_G1_G4,data/canonical/VERTICAL_COLUMN_SEGMENTS_CURRENT_v1.csv,VERTICAL_COLUMN_SEGMENT,DOC_CONTINUITY_PLUS_INF_CORE_NODE_BINDING,CURRENT,ORDINARY_STRUCTURAL_MEMBER,Endpoint sections retained separately; no interpolation or cross-storey section copy.
M0G-M-COL-068,COLUMN_SEGMENT,COL-068,G2-G3,G2,G3,33,33,M0G-C-G2-33,M0G-C-G3-33,3.2000,40x45,40x40,,DOC,DOC,SECTION_CHANGE_AT_LEVEL_BOUNDARY,DOC_CONTINUITY_G1_G4,data/canonical/VERTICAL_COLUMN_SEGMENTS_CURRENT_v1.csv,VERTICAL_COLUMN_SEGMENT,DOC_CONTINUITY_PLUS_INF_CORE_NODE_BINDING,CURRENT,ORDINARY_STRUCTURAL_MEMBER,Endpoint sections retained separately; no interpolation or cross-storey section copy.
M0G-M-COL-069,COLUMN_SEGMENT,COL-069,G3-G4,G3,G4,1,1,M0G-C-G3-1,M0G-C-G4-1,3.2000,40x40,40x40,,DOC,DOC,UNCHANGED,DOC_CONTINUITY_G1_G4,data/canonical/VERTICAL_COLUMN_SEGMENTS_CURRENT_v1.csv,VERTICAL_COLUMN_SEGMENT,DOC_CONTINUITY_PLUS_INF_CORE_NODE_BINDING,CURRENT,ORDINARY_STRUCTURAL_MEMBER,Endpoint sections retained separately; no interpolation or cross-storey section copy.
M0G-M-COL-070,COLUMN_SEGMENT,COL-070,G3-G4,G3,G4,2,2,M0G-C-G3-2,M0G-C-G4-2,3.2000,40x40,40x40,,DOC,DOC,UNCHANGED,DOC_CONTINUITY_G1_G4,data/canonical/VERTICAL_COLUMN_SEGMENTS_CURRENT_v1.csv,VERTICAL_COLUMN_SEGMENT,DOC_CONTINUITY_PLUS_INF_CORE_NODE_BINDING,CURRENT,ORDINARY_STRUCTURAL_MEMBER,Endpoint sections retained separately; no interpolation or cross-storey section copy.
M0G-M-COL-071,COLUMN_SEGMENT,COL-071,G3-G4,G3,G4,3,3,M0G-C-G3-3,M0G-C-G4-3,3.2000,40x40,40x40,,DOC,DOC,UNCHANGED,DOC_CONTINUITY_G1_G4,data/canonical/VERTICAL_COLUMN_SEGMENTS_CURRENT_v1.csv,VERTICAL_COLUMN_SEGMENT,DOC_CONTINUITY_PLUS_INF_CORE_NODE_BINDING,CURRENT,ORDINARY_STRUCTURAL_MEMBER,Endpoint sections retained separately; no interpolation or cross-storey section copy.
M0G-M-COL-072,COLUMN_SEGMENT,COL-072,G3-G4,G3,G4,4,4,M0G-C-G3-4,M0G-C-G4-4,3.2000,40x40,40x40,,DOC,DOC,UNCHANGED,DOC_CONTINUITY_G1_G4,data/canonical/VERTICAL_COLUMN_SEGMENTS_CURRENT_v1.csv,VERTICAL_COLUMN_SEGMENT,DOC_CONTINUITY_PLUS_INF_CORE_NODE_BINDING,CURRENT,ORDINARY_STRUCTURAL_MEMBER,Endpoint sections retained separately; no interpolation or cross-storey section copy.
M0G-M-COL-073,COLUMN_SEGMENT,COL-073,G3-G4,G3,G4,5,5,M0G-C-G3-5,M0G-C-G4-5,3.2000,40x40,40x40,,DOC,DOC,UNCHANGED,DOC_CONTINUITY_G1_G4,data/canonical/VERTICAL_COLUMN_SEGMENTS_CURRENT_v1.csv,VERTICAL_COLUMN_SEGMENT,DOC_CONTINUITY_PLUS_INF_CORE_NODE_BINDING,CURRENT,ORDINARY_STRUCTURAL_MEMBER,Endpoint sections retained separately; no interpolation or cross-storey section copy.
M0G-M-COL-074,COLUMN_SEGMENT,COL-074,G3-G4,G3,G4,6,6,M0G-C-G3-6,M0G-C-G4-6,3.2000,40x40,40x40,,DOC,DOC,UNCHANGED,DOC_CONTINUITY_G1_G4,data/canonical/VERTICAL_COLUMN_SEGMENTS_CURRENT_v1.csv,VERTICAL_COLUMN_SEGMENT,DOC_CONTINUITY_PLUS_INF_CORE_NODE_BINDING,CURRENT,ORDINARY_STRUCTURAL_MEMBER,Endpoint sections retained separately; no interpolation or cross-storey section copy.
M0G-M-COL-075,COLUMN_SEGMENT,COL-075,G3-G4,G3,G4,7,7,M0G-C-G3-7,M0G-C-G4-7,3.2000,40x40,40x40,,DOC,DOC,UNCHANGED,DOC_CONTINUITY_G1_G4,data/canonical/VERTICAL_COLUMN_SEGMENTS_CURRENT_v1.csv,VERTICAL_COLUMN_SEGMENT,DOC_CONTINUITY_PLUS_INF_CORE_NODE_BINDING,CURRENT,ORDINARY_STRUCTURAL_MEMBER,Endpoint sections retained separately; no interpolation or cross-storey section copy.
M0G-M-COL-076,COLUMN_SEGMENT,COL-076,G3-G4,G3,G4,8,8,M0G-C-G3-8,M0G-C-G4-8,3.2000,40x40,40x40,,DOC,DOC,UNCHANGED,DOC_CONTINUITY_G1_G4,data/canonical/VERTICAL_COLUMN_SEGMENTS_CURRENT_v1.csv,VERTICAL_COLUMN_SEGMENT,DOC_CONTINUITY_PLUS_INF_CORE_NODE_BINDING,CURRENT,ORDINARY_STRUCTURAL_MEMBER,Endpoint sections retained separately; no interpolation or cross-storey section copy.
M0G-M-COL-077,COLUMN_SEGMENT,COL-077,G3-G4,G3,G4,9,9,M0G-C-G3-9,M0G-C-G4-9,3.2000,40x40,40x40,,DOC,DOC,UNCHANGED,DOC_CONTINUITY_G1_G4,data/canonical/VERTICAL_COLUMN_SEGMENTS_CURRENT_v1.csv,VERTICAL_COLUMN_SEGMENT,DOC_CONTINUITY_PLUS_INF_CORE_NODE_BINDING,CURRENT,ORDINARY_STRUCTURAL_MEMBER,Endpoint sections retained separately; no interpolation or cross-storey section copy.
M0G-M-COL-078,COLUMN_SEGMENT,COL-078,G3-G4,G3,G4,10,10,M0G-C-G3-10,M0G-C-G4-10,3.2000,50x30,45x30,,DOC,DOC,SECTION_CHANGE_AT_LEVEL_BOUNDARY,DOC_CONTINUITY_G1_G4,data/canonical/VERTICAL_COLUMN_SEGMENTS_CURRENT_v1.csv,VERTICAL_COLUMN_SEGMENT,DOC_CONTINUITY_PLUS_INF_CORE_NODE_BINDING,CURRENT,ORDINARY_STRUCTURAL_MEMBER,Endpoint sections retained separately; no interpolation or cross-storey section copy.
M0G-M-COL-079,COLUMN_SEGMENT,COL-079,G3-G4,G3,G4,11,11,M0G-C-G3-11,M0G-C-G4-11,3.2000,50x30,45x30,,DOC,DOC,SECTION_CHANGE_AT_LEVEL_BOUNDARY,DOC_CONTINUITY_G1_G4,data/canonical/VERTICAL_COLUMN_SEGMENTS_CURRENT_v1.csv,VERTICAL_COLUMN_SEGMENT,DOC_CONTINUITY_PLUS_INF_CORE_NODE_BINDING,CURRENT,ORDINARY_STRUCTURAL_MEMBER,Endpoint sections retained separately; no interpolation or cross-storey section copy.
M0G-M-COL-080,COLUMN_SEGMENT,COL-080,G3-G4,G3,G4,12,12,M0G-C-G3-12,M0G-C-G4-12,3.2000,30x50,30x45,,DOC,DOC,SECTION_CHANGE_AT_LEVEL_BOUNDARY,DOC_CONTINUITY_G1_G4,data/canonical/VERTICAL_COLUMN_SEGMENTS_CURRENT_v1.csv,VERTICAL_COLUMN_SEGMENT,DOC_CONTINUITY_PLUS_INF_CORE_NODE_BINDING,CURRENT,ORDINARY_STRUCTURAL_MEMBER,Endpoint sections retained separately; no interpolation or cross-storey section copy.
M0G-M-COL-081,COLUMN_SEGMENT,COL-081,G3-G4,G3,G4,13,13,M0G-C-G3-13,M0G-C-G4-13,3.2000,50x30,45x30,,DOC,DOC,SECTION_CHANGE_AT_LEVEL_BOUNDARY,DOC_CONTINUITY_G1_G4,data/canonical/VERTICAL_COLUMN_SEGMENTS_CURRENT_v1.csv,VERTICAL_COLUMN_SEGMENT,DOC_CONTINUITY_PLUS_INF_CORE_NODE_BINDING,CURRENT,ORDINARY_STRUCTURAL_MEMBER,Endpoint sections retained separately; no interpolation or cross-storey section copy.
M0G-M-COL-082,COLUMN_SEGMENT,COL-082,G3-G4,G3,G4,14,14,M0G-C-G3-14,M0G-C-G4-14,3.2000,50x30,45x30,,DOC,DOC,SECTION_CHANGE_AT_LEVEL_BOUNDARY,DOC_CONTINUITY_G1_G4,data/canonical/VERTICAL_COLUMN_SEGMENTS_CURRENT_v1.csv,VERTICAL_COLUMN_SEGMENT,DOC_CONTINUITY_PLUS_INF_CORE_NODE_BINDING,CURRENT,ORDINARY_STRUCTURAL_MEMBER,Endpoint sections retained separately; no interpolation or cross-storey section copy.
M0G-M-COL-083,COLUMN_SEGMENT,COL-083,G3-G4,G3,G4,15,15,M0G-C-G3-15,M0G-C-G4-15,3.2000,50x30,45x30,,DOC,DOC,SECTION_CHANGE_AT_LEVEL_BOUNDARY,DOC_CONTINUITY_G1_G4,data/canonical/VERTICAL_COLUMN_SEGMENTS_CURRENT_v1.csv,VERTICAL_COLUMN_SEGMENT,DOC_CONTINUITY_PLUS_INF_CORE_NODE_BINDING,CURRENT,ORDINARY_STRUCTURAL_MEMBER,Endpoint sections retained separately; no interpolation or cross-storey section copy.
M0G-M-COL-084,COLUMN_SEGMENT,COL-084,G3-G4,G3,G4,16,16,M0G-C-G3-16,M0G-C-G4-16,3.2000,40x40,40x40,,DOC,DOC,UNCHANGED,DOC_CONTINUITY_G1_G4,data/canonical/VERTICAL_COLUMN_SEGMENTS_CURRENT_v1.csv,VERTICAL_COLUMN_SEGMENT,DOC_CONTINUITY_PLUS_INF_CORE_NODE_BINDING,CURRENT,ORDINARY_STRUCTURAL_MEMBER,Endpoint sections retained separately; no interpolation or cross-storey section copy.
M0G-M-COL-085,COLUMN_SEGMENT,COL-085,G3-G4,G3,G4,17,17,M0G-C-G3-17,M0G-C-G4-17,3.2000,40x40,40x40,,DOC,DOC,UNCHANGED,DOC_CONTINUITY_G1_G4,data/canonical/VERTICAL_COLUMN_SEGMENTS_CURRENT_v1.csv,VERTICAL_COLUMN_SEGMENT,DOC_CONTINUITY_PLUS_INF_CORE_NODE_BINDING,CURRENT,ORDINARY_STRUCTURAL_MEMBER,Endpoint sections retained separately; no interpolation or cross-storey section copy.
M0G-M-COL-086,COLUMN_SEGMENT,COL-086,G3-G4,G3,G4,18,18,M0G-C-G3-18,M0G-C-G4-18,3.2000,30x110,30x110,,MIS,DOC,UNCHANGED,DOC_CONTINUITY_G1_G4,data/canonical/VERTICAL_COLUMN_SEGMENTS_CURRENT_v1.csv,VERTICAL_COLUMN_SEGMENT,DOC_CONTINUITY_PLUS_INF_CORE_NODE_BINDING,CURRENT_WITH_SECTION_WATCH,ORDINARY_STRUCTURAL_MEMBER,Endpoint sections retained separately; no interpolation or cross-storey section copy.
M0G-M-COL-087,COLUMN_SEGMENT,COL-087,G3-G4,G3,G4,19,19,M0G-C-G3-19,M0G-C-G4-19,3.2000,40x40,40x40,,DOC,DOC,UNCHANGED,DOC_CONTINUITY_G1_G4,data/canonical/VERTICAL_COLUMN_SEGMENTS_CURRENT_v1.csv,VERTICAL_COLUMN_SEGMENT,DOC_CONTINUITY_PLUS_INF_CORE_NODE_BINDING,CURRENT,ORDINARY_STRUCTURAL_MEMBER,Endpoint sections retained separately; no interpolation or cross-storey section copy.
M0G-M-COL-088,COLUMN_SEGMENT,COL-088,G3-G4,G3,G4,20,20,M0G-C-G3-20,M0G-C-G4-20,3.2000,50x30,40x40,,DOC,DOC,SECTION_CHANGE_AT_LEVEL_BOUNDARY,DOC_CONTINUITY_G1_G4,data/canonical/VERTICAL_COLUMN_SEGMENTS_CURRENT_v1.csv,VERTICAL_COLUMN_SEGMENT,DOC_CONTINUITY_PLUS_INF_CORE_NODE_BINDING,CURRENT,ORDINARY_STRUCTURAL_MEMBER,Endpoint sections retained separately; no interpolation or cross-storey section copy.
M0G-M-COL-089,COLUMN_SEGMENT,COL-089,G3-G4,G3,G4,21,21,M0G-C-G3-21,M0G-C-G4-21,3.2000,30x50,30x45,,MIS,DOC,SECTION_CHANGE_AT_LEVEL_BOUNDARY,DOC_CONTINUITY_G1_G4,data/canonical/VERTICAL_COLUMN_SEGMENTS_CURRENT_v1.csv,VERTICAL_COLUMN_SEGMENT,DOC_CONTINUITY_PLUS_INF_CORE_NODE_BINDING,CURRENT_WITH_SECTION_WATCH,ORDINARY_STRUCTURAL_MEMBER,Endpoint sections retained separately; no interpolation or cross-storey section copy.
M0G-M-COL-090,COLUMN_SEGMENT,COL-090,G3-G4,G3,G4,22,22,M0G-C-G3-22,M0G-C-G4-22,3.2000,30x50,30x45,,DOC,DOC,SECTION_CHANGE_AT_LEVEL_BOUNDARY,DOC_CONTINUITY_G1_G4,data/canonical/VERTICAL_COLUMN_SEGMENTS_CURRENT_v1.csv,VERTICAL_COLUMN_SEGMENT,DOC_CONTINUITY_PLUS_INF_CORE_NODE_BINDING,CURRENT,ORDINARY_STRUCTURAL_MEMBER,Endpoint sections retained separately; no interpolation or cross-storey section copy.
M0G-M-COL-091,COLUMN_SEGMENT,COL-091,G3-G4,G3,G4,22',22',M0G-C-G3-22PRIME,M0G-C-G4-22PRIME,3.2000,40x40,40x40,,DOC,DOC,UNCHANGED,DOC_CONTINUITY_G1_G4,data/canonical/VERTICAL_COLUMN_SEGMENTS_CURRENT_v1.csv,VERTICAL_COLUMN_SEGMENT,DOC_CONTINUITY_PLUS_INF_CORE_NODE_BINDING,CURRENT,ORDINARY_STRUCTURAL_MEMBER,Endpoint sections retained separately; no interpolation or cross-storey section copy.
M0G-M-COL-092,COLUMN_SEGMENT,COL-092,G3-G4,G3,G4,23,23,M0G-C-G3-23,M0G-C-G4-23,3.2000,30x110,30x110,,DOC,DOC,UNCHANGED,DOC_CONTINUITY_G1_G4,data/canonical/VERTICAL_COLUMN_SEGMENTS_CURRENT_v1.csv,VERTICAL_COLUMN_SEGMENT,DOC_CONTINUITY_PLUS_INF_CORE_NODE_BINDING,CURRENT,ORDINARY_STRUCTURAL_MEMBER,Endpoint sections retained separately; no interpolation or cross-storey section copy.
M0G-M-COL-093,COLUMN_SEGMENT,COL-093,G3-G4,G3,G4,24,24,M0G-C-G3-24,M0G-C-G4-24,3.2000,40x40,40x40,,DOC,DOC,UNCHANGED,DOC_CONTINUITY_G1_G4,data/canonical/VERTICAL_COLUMN_SEGMENTS_CURRENT_v1.csv,VERTICAL_COLUMN_SEGMENT,DOC_CONTINUITY_PLUS_INF_CORE_NODE_BINDING,CURRENT,ORDINARY_STRUCTURAL_MEMBER,Endpoint sections retained separately; no interpolation or cross-storey section copy.
M0G-M-COL-094,COLUMN_SEGMENT,COL-094,G3-G4,G3,G4,25,25,M0G-C-G3-25,M0G-C-G4-25,3.2000,40x40,40x40,,DOC,DOC,UNCHANGED,DOC_CONTINUITY_G1_G4,data/canonical/VERTICAL_COLUMN_SEGMENTS_CURRENT_v1.csv,VERTICAL_COLUMN_SEGMENT,DOC_CONTINUITY_PLUS_INF_CORE_NODE_BINDING,CURRENT,ORDINARY_STRUCTURAL_MEMBER,Endpoint sections retained separately; no interpolation or cross-storey section copy.
M0G-M-COL-095,COLUMN_SEGMENT,COL-095,G3-G4,G3,G4,26,26,M0G-C-G3-26,M0G-C-G4-26,3.2000,30x50,30x45,,DOC,DOC,SECTION_CHANGE_AT_LEVEL_BOUNDARY,DOC_CONTINUITY_G1_G4,data/canonical/VERTICAL_COLUMN_SEGMENTS_CURRENT_v1.csv,VERTICAL_COLUMN_SEGMENT,DOC_CONTINUITY_PLUS_INF_CORE_NODE_BINDING,CURRENT,ORDINARY_STRUCTURAL_MEMBER,Endpoint sections retained separately; no interpolation or cross-storey section copy.
M0G-M-COL-096,COLUMN_SEGMENT,COL-096,G3-G4,G3,G4,27,27,M0G-C-G3-27,M0G-C-G4-27,3.2000,40x40,40x40,,DOC,DOC,UNCHANGED,DOC_CONTINUITY_G1_G4,data/canonical/VERTICAL_COLUMN_SEGMENTS_CURRENT_v1.csv,VERTICAL_COLUMN_SEGMENT,DOC_CONTINUITY_PLUS_INF_CORE_NODE_BINDING,CURRENT,ORDINARY_STRUCTURAL_MEMBER,Endpoint sections retained separately; no interpolation or cross-storey section copy.
M0G-M-COL-097,COLUMN_SEGMENT,COL-097,G3-G4,G3,G4,28,28,M0G-C-G3-28,M0G-C-G4-28,3.2000,40x40,40x40,,DOC,DOC,UNCHANGED,DOC_CONTINUITY_G1_G4,data/canonical/VERTICAL_COLUMN_SEGMENTS_CURRENT_v1.csv,VERTICAL_COLUMN_SEGMENT,DOC_CONTINUITY_PLUS_INF_CORE_NODE_BINDING,CURRENT,ORDINARY_STRUCTURAL_MEMBER,Endpoint sections retained separately; no interpolation or cross-storey section copy.
M0G-M-COL-098,COLUMN_SEGMENT,COL-098,G3-G4,G3,G4,29,29,M0G-C-G3-29,M0G-C-G4-29,3.2000,30x50,30x45,,DOC,DOC,SECTION_CHANGE_AT_LEVEL_BOUNDARY,DOC_CONTINUITY_G1_G4,data/canonical/VERTICAL_COLUMN_SEGMENTS_CURRENT_v1.csv,VERTICAL_COLUMN_SEGMENT,DOC_CONTINUITY_PLUS_INF_CORE_NODE_BINDING,CURRENT,ORDINARY_STRUCTURAL_MEMBER,Endpoint sections retained separately; no interpolation or cross-storey section copy.
M0G-M-COL-099,COLUMN_SEGMENT,COL-099,G3-G4,G3,G4,30,30,M0G-C-G3-30,M0G-C-G4-30,3.2000,110x30,110x30,,DOC,DOC,UNCHANGED,DOC_CONTINUITY_G1_G4,data/canonical/VERTICAL_COLUMN_SEGMENTS_CURRENT_v1.csv,VERTICAL_COLUMN_SEGMENT,DOC_CONTINUITY_PLUS_INF_CORE_NODE_BINDING,CURRENT,ORDINARY_STRUCTURAL_MEMBER,Endpoint sections retained separately; no interpolation or cross-storey section copy.
M0G-M-COL-100,COLUMN_SEGMENT,COL-100,G3-G4,G3,G4,31,31,M0G-C-G3-31,M0G-C-G4-31,3.2000,40x40,40x40,,DOC,DOC,UNCHANGED,DOC_CONTINUITY_G1_G4,data/canonical/VERTICAL_COLUMN_SEGMENTS_CURRENT_v1.csv,VERTICAL_COLUMN_SEGMENT,DOC_CONTINUITY_PLUS_INF_CORE_NODE_BINDING,CURRENT,ORDINARY_STRUCTURAL_MEMBER,Endpoint sections retained separately; no interpolation or cross-storey section copy.
M0G-M-COL-101,COLUMN_SEGMENT,COL-101,G3-G4,G3,G4,32,32,M0G-C-G3-32,M0G-C-G4-32,3.2000,40x40,40x40,,DOC,DOC,UNCHANGED,DOC_CONTINUITY_G1_G4,data/canonical/VERTICAL_COLUMN_SEGMENTS_CURRENT_v1.csv,VERTICAL_COLUMN_SEGMENT,DOC_CONTINUITY_PLUS_INF_CORE_NODE_BINDING,CURRENT,ORDINARY_STRUCTURAL_MEMBER,Endpoint sections retained separately; no interpolation or cross-storey section copy.
M0G-M-COL-102,COLUMN_SEGMENT,COL-102,G3-G4,G3,G4,33,33,M0G-C-G3-33,M0G-C-G4-33,3.2000,40x40,40x40,,DOC,DOC,UNCHANGED,DOC_CONTINUITY_G1_G4,data/canonical/VERTICAL_COLUMN_SEGMENTS_CURRENT_v1.csv,VERTICAL_COLUMN_SEGMENT,DOC_CONTINUITY_PLUS_INF_CORE_NODE_BINDING,CURRENT,ORDINARY_STRUCTURAL_MEMBER,Endpoint sections retained separately; no interpolation or cross-storey section copy.
M0G-M-COL-103,COLUMN_SEGMENT,COL-103,G4-G5,G4,G5,2,2,M0G-C-G4-2,M0G-C-G5-2,2.2000,40x40,40x40,,DOC,DOC,UNCHANGED,DOC_TAV06S_ROOF_PRESENCE,data/canonical/VERTICAL_COLUMN_SEGMENTS_CURRENT_v1.csv,VERTICAL_COLUMN_SEGMENT,DOC_CONTINUITY_PLUS_INF_CORE_NODE_BINDING,CURRENT,ORDINARY_STRUCTURAL_MEMBER,Endpoint sections retained separately; no interpolation or cross-storey section copy. Roof-absent supports have no G4-G5 segment.
M0G-M-COL-104,COLUMN_SEGMENT,COL-104,G4-G5,G4,G5,3,3,M0G-C-G4-3,M0G-C-G5-3,2.2000,40x40,40x40,,DOC,DOC,UNCHANGED,DOC_TAV06S_ROOF_PRESENCE,data/canonical/VERTICAL_COLUMN_SEGMENTS_CURRENT_v1.csv,VERTICAL_COLUMN_SEGMENT,DOC_CONTINUITY_PLUS_INF_CORE_NODE_BINDING,CURRENT,ORDINARY_STRUCTURAL_MEMBER,Endpoint sections retained separately; no interpolation or cross-storey section copy. Roof-absent supports have no G4-G5 segment.
M0G-M-COL-105,COLUMN_SEGMENT,COL-105,G4-G5,G4,G5,4,4,M0G-C-G4-4,M0G-C-G5-4,2.2000,40x40,40x40,,DOC,DOC,UNCHANGED,DOC_TAV06S_ROOF_PRESENCE,data/canonical/VERTICAL_COLUMN_SEGMENTS_CURRENT_v1.csv,VERTICAL_COLUMN_SEGMENT,DOC_CONTINUITY_PLUS_INF_CORE_NODE_BINDING,CURRENT,ORDINARY_STRUCTURAL_MEMBER,Endpoint sections retained separately; no interpolation or cross-storey section copy. Roof-absent supports have no G4-G5 segment.
M0G-M-COL-106,COLUMN_SEGMENT,COL-106,G4-G5,G4,G5,5,5,M0G-C-G4-5,M0G-C-G5-5,2.2000,40x40,40x40,,DOC,DOC,UNCHANGED,DOC_TAV06S_ROOF_PRESENCE,data/canonical/VERTICAL_COLUMN_SEGMENTS_CURRENT_v1.csv,VERTICAL_COLUMN_SEGMENT,DOC_CONTINUITY_PLUS_INF_CORE_NODE_BINDING,CURRENT,ORDINARY_STRUCTURAL_MEMBER,Endpoint sections retained separately; no interpolation or cross-storey section copy. Roof-absent supports have no G4-G5 segment.
M0G-M-COL-107,COLUMN_SEGMENT,COL-107,G4-G5,G4,G5,6,6,M0G-C-G4-6,M0G-C-G5-6,2.2000,40x40,40x40,,DOC,DOC,UNCHANGED,DOC_TAV06S_ROOF_PRESENCE,data/canonical/VERTICAL_COLUMN_SEGMENTS_CURRENT_v1.csv,VERTICAL_COLUMN_SEGMENT,DOC_CONTINUITY_PLUS_INF_CORE_NODE_BINDING,CURRENT,ORDINARY_STRUCTURAL_MEMBER,Endpoint sections retained separately; no interpolation or cross-storey section copy. Roof-absent supports have no G4-G5 segment.
M0G-M-COL-108,COLUMN_SEGMENT,COL-108,G4-G5,G4,G5,7,7,M0G-C-G4-7,M0G-C-G5-7,2.2000,40x40,40x40,,DOC,DOC,UNCHANGED,DOC_TAV06S_ROOF_PRESENCE,data/canonical/VERTICAL_COLUMN_SEGMENTS_CURRENT_v1.csv,VERTICAL_COLUMN_SEGMENT,DOC_CONTINUITY_PLUS_INF_CORE_NODE_BINDING,CURRENT,ORDINARY_STRUCTURAL_MEMBER,Endpoint sections retained separately; no interpolation or cross-storey section copy. Roof-absent supports have no G4-G5 segment.
M0G-M-COL-109,COLUMN_SEGMENT,COL-109,G4-G5,G4,G5,10,10,M0G-C-G4-10,M0G-C-G5-10,2.2000,45x30,30x40,,DOC,DOC,SECTION_CHANGE_AT_LEVEL_BOUNDARY,DOC_TAV06S_ROOF_PRESENCE,data/canonical/VERTICAL_COLUMN_SEGMENTS_CURRENT_v1.csv,VERTICAL_COLUMN_SEGMENT,DOC_CONTINUITY_PLUS_INF_CORE_NODE_BINDING,CURRENT,ORDINARY_STRUCTURAL_MEMBER,Endpoint sections retained separately; no interpolation or cross-storey section copy. Roof-absent supports have no G4-G5 segment.
M0G-M-COL-110,COLUMN_SEGMENT,COL-110,G4-G5,G4,G5,11,11,M0G-C-G4-11,M0G-C-G5-11,2.2000,45x30,30x40,,DOC,DOC,SECTION_CHANGE_AT_LEVEL_BOUNDARY,DOC_TAV06S_ROOF_PRESENCE,data/canonical/VERTICAL_COLUMN_SEGMENTS_CURRENT_v1.csv,VERTICAL_COLUMN_SEGMENT,DOC_CONTINUITY_PLUS_INF_CORE_NODE_BINDING,CURRENT,ORDINARY_STRUCTURAL_MEMBER,Endpoint sections retained separately; no interpolation or cross-storey section copy. Roof-absent supports have no G4-G5 segment.
M0G-M-COL-111,COLUMN_SEGMENT,COL-111,G4-G5,G4,G5,12,12,M0G-C-G4-12,M0G-C-G5-12,2.2000,30x45,30x40,,DOC,DOC,SECTION_CHANGE_AT_LEVEL_BOUNDARY,DOC_TAV06S_ROOF_PRESENCE,data/canonical/VERTICAL_COLUMN_SEGMENTS_CURRENT_v1.csv,VERTICAL_COLUMN_SEGMENT,DOC_CONTINUITY_PLUS_INF_CORE_NODE_BINDING,CURRENT,ORDINARY_STRUCTURAL_MEMBER,Endpoint sections retained separately; no interpolation or cross-storey section copy. Roof-absent supports have no G4-G5 segment.
M0G-M-COL-112,COLUMN_SEGMENT,COL-112,G4-G5,G4,G5,13,13,M0G-C-G4-13,M0G-C-G5-13,2.2000,45x30,30x40,,DOC,DOC,SECTION_CHANGE_AT_LEVEL_BOUNDARY,DOC_TAV06S_ROOF_PRESENCE,data/canonical/VERTICAL_COLUMN_SEGMENTS_CURRENT_v1.csv,VERTICAL_COLUMN_SEGMENT,DOC_CONTINUITY_PLUS_INF_CORE_NODE_BINDING,CURRENT,ORDINARY_STRUCTURAL_MEMBER,Endpoint sections retained separately; no interpolation or cross-storey section copy. Roof-absent supports have no G4-G5 segment.
M0G-M-COL-113,COLUMN_SEGMENT,COL-113,G4-G5,G4,G5,14,14,M0G-C-G4-14,M0G-C-G5-14,2.2000,45x30,30x40,,DOC,DOC,SECTION_CHANGE_AT_LEVEL_BOUNDARY,DOC_TAV06S_ROOF_PRESENCE,data/canonical/VERTICAL_COLUMN_SEGMENTS_CURRENT_v1.csv,VERTICAL_COLUMN_SEGMENT,DOC_CONTINUITY_PLUS_INF_CORE_NODE_BINDING,CURRENT,ORDINARY_STRUCTURAL_MEMBER,Endpoint sections retained separately; no interpolation or cross-storey section copy. Roof-absent supports have no G4-G5 segment.
M0G-M-COL-114,COLUMN_SEGMENT,COL-114,G4-G5,G4,G5,15,15,M0G-C-G4-15,M0G-C-G5-15,2.2000,45x30,30x40,,DOC,DOC,SECTION_CHANGE_AT_LEVEL_BOUNDARY,DOC_TAV06S_ROOF_PRESENCE,data/canonical/VERTICAL_COLUMN_SEGMENTS_CURRENT_v1.csv,VERTICAL_COLUMN_SEGMENT,DOC_CONTINUITY_PLUS_INF_CORE_NODE_BINDING,CURRENT,ORDINARY_STRUCTURAL_MEMBER,Endpoint sections retained separately; no interpolation or cross-storey section copy. Roof-absent supports have no G4-G5 segment.
M0G-M-COL-115,COLUMN_SEGMENT,COL-115,G4-G5,G4,G5,18,18,M0G-C-G4-18,M0G-C-G5-18,2.2000,30x110,30x40,,DOC,DOC,SECTION_CHANGE_AT_LEVEL_BOUNDARY,DOC_TAV06S_ROOF_PRESENCE,data/canonical/VERTICAL_COLUMN_SEGMENTS_CURRENT_v1.csv,VERTICAL_COLUMN_SEGMENT,DOC_CONTINUITY_PLUS_INF_CORE_NODE_BINDING,CURRENT,ORDINARY_STRUCTURAL_MEMBER,Endpoint sections retained separately; no interpolation or cross-storey section copy. Roof-absent supports have no G4-G5 segment.
M0G-M-COL-116,COLUMN_SEGMENT,COL-116,G4-G5,G4,G5,19,19,M0G-C-G4-19,M0G-C-G5-19,2.2000,40x40,40x40,,DOC,DOC,UNCHANGED,DOC_TAV06S_ROOF_PRESENCE,data/canonical/VERTICAL_COLUMN_SEGMENTS_CURRENT_v1.csv,VERTICAL_COLUMN_SEGMENT,DOC_CONTINUITY_PLUS_INF_CORE_NODE_BINDING,CURRENT,ORDINARY_STRUCTURAL_MEMBER,Endpoint sections retained separately; no interpolation or cross-storey section copy. Roof-absent supports have no G4-G5 segment.
M0G-M-COL-117,COLUMN_SEGMENT,COL-117,G4-G5,G4,G5,20,20,M0G-C-G4-20,M0G-C-G5-20,2.2000,40x40,40x40,,DOC,DOC,UNCHANGED,DOC_TAV06S_ROOF_PRESENCE,data/canonical/VERTICAL_COLUMN_SEGMENTS_CURRENT_v1.csv,VERTICAL_COLUMN_SEGMENT,DOC_CONTINUITY_PLUS_INF_CORE_NODE_BINDING,CURRENT,ORDINARY_STRUCTURAL_MEMBER,Endpoint sections retained separately; no interpolation or cross-storey section copy. Roof-absent supports have no G4-G5 segment.
M0G-M-COL-118,COLUMN_SEGMENT,COL-118,G4-G5,G4,G5,21,21,M0G-C-G4-21,M0G-C-G5-21,2.2000,30x45,30x40,,DOC,DOC,SECTION_CHANGE_AT_LEVEL_BOUNDARY,DOC_TAV06S_ROOF_PRESENCE,data/canonical/VERTICAL_COLUMN_SEGMENTS_CURRENT_v1.csv,VERTICAL_COLUMN_SEGMENT,DOC_CONTINUITY_PLUS_INF_CORE_NODE_BINDING,CURRENT,ORDINARY_STRUCTURAL_MEMBER,Endpoint sections retained separately; no interpolation or cross-storey section copy. Roof-absent supports have no G4-G5 segment.
M0G-M-COL-119,COLUMN_SEGMENT,COL-119,G4-G5,G4,G5,22,22,M0G-C-G4-22,M0G-C-G5-22,2.2000,30x45,40x40,,DOC,DOC,SECTION_CHANGE_AT_LEVEL_BOUNDARY,DOC_TAV06S_ROOF_PRESENCE,data/canonical/VERTICAL_COLUMN_SEGMENTS_CURRENT_v1.csv,VERTICAL_COLUMN_SEGMENT,DOC_CONTINUITY_PLUS_INF_CORE_NODE_BINDING,CURRENT,ORDINARY_STRUCTURAL_MEMBER,Endpoint sections retained separately; no interpolation or cross-storey section copy. Roof-absent supports have no G4-G5 segment.
M0G-M-COL-120,COLUMN_SEGMENT,COL-120,G4-G5,G4,G5,22',22',M0G-C-G4-22PRIME,M0G-C-G5-22PRIME,2.2000,40x40,40x40,,DOC,DOC,UNCHANGED,DOC_TAV06S_ROOF_PRESENCE,data/canonical/VERTICAL_COLUMN_SEGMENTS_CURRENT_v1.csv,VERTICAL_COLUMN_SEGMENT,DOC_CONTINUITY_PLUS_INF_CORE_NODE_BINDING,CURRENT,ORDINARY_STRUCTURAL_MEMBER,Endpoint sections retained separately; no interpolation or cross-storey section copy. Roof-absent supports have no G4-G5 segment.
M0G-M-COL-121,COLUMN_SEGMENT,COL-121,G4-G5,G4,G5,23,23,M0G-C-G4-23,M0G-C-G5-23,2.2000,30x110,30x40,,DOC,DOC,SECTION_CHANGE_AT_LEVEL_BOUNDARY,DOC_TAV06S_ROOF_PRESENCE,data/canonical/VERTICAL_COLUMN_SEGMENTS_CURRENT_v1.csv,VERTICAL_COLUMN_SEGMENT,DOC_CONTINUITY_PLUS_INF_CORE_NODE_BINDING,CURRENT,ORDINARY_STRUCTURAL_MEMBER,Endpoint sections retained separately; no interpolation or cross-storey section copy. Roof-absent supports have no G4-G5 segment.
M0G-M-COL-122,COLUMN_SEGMENT,COL-122,G4-G5,G4,G5,25,25,M0G-C-G4-25,M0G-C-G5-25,2.2000,40x40,40x40,,DOC,DOC,UNCHANGED,DOC_TAV06S_ROOF_PRESENCE,data/canonical/VERTICAL_COLUMN_SEGMENTS_CURRENT_v1.csv,VERTICAL_COLUMN_SEGMENT,DOC_CONTINUITY_PLUS_INF_CORE_NODE_BINDING,CURRENT,ORDINARY_STRUCTURAL_MEMBER,Endpoint sections retained separately; no interpolation or cross-storey section copy. Roof-absent supports have no G4-G5 segment.
M0G-M-COL-123,COLUMN_SEGMENT,COL-123,G4-G5,G4,G5,26,26,M0G-C-G4-26,M0G-C-G5-26,2.2000,30x45,30x40,,DOC,DOC,SECTION_CHANGE_AT_LEVEL_BOUNDARY,DOC_TAV06S_ROOF_PRESENCE,data/canonical/VERTICAL_COLUMN_SEGMENTS_CURRENT_v1.csv,VERTICAL_COLUMN_SEGMENT,DOC_CONTINUITY_PLUS_INF_CORE_NODE_BINDING,CURRENT,ORDINARY_STRUCTURAL_MEMBER,Endpoint sections retained separately; no interpolation or cross-storey section copy. Roof-absent supports have no G4-G5 segment.
M0G-M-COL-124,COLUMN_SEGMENT,COL-124,G4-G5,G4,G5,27,27,M0G-C-G4-27,M0G-C-G5-27,2.2000,40x40,40x40,,DOC,DOC,UNCHANGED,DOC_TAV06S_ROOF_PRESENCE,data/canonical/VERTICAL_COLUMN_SEGMENTS_CURRENT_v1.csv,VERTICAL_COLUMN_SEGMENT,DOC_CONTINUITY_PLUS_INF_CORE_NODE_BINDING,CURRENT,ORDINARY_STRUCTURAL_MEMBER,Endpoint sections retained separately; no interpolation or cross-storey section copy. Roof-absent supports have no G4-G5 segment.
M0G-M-COL-125,COLUMN_SEGMENT,COL-125,G4-G5,G4,G5,28,28,M0G-C-G4-28,M0G-C-G5-28,2.2000,40x40,40x40,,DOC,DOC,UNCHANGED,DOC_TAV06S_ROOF_PRESENCE,data/canonical/VERTICAL_COLUMN_SEGMENTS_CURRENT_v1.csv,VERTICAL_COLUMN_SEGMENT,DOC_CONTINUITY_PLUS_INF_CORE_NODE_BINDING,CURRENT,ORDINARY_STRUCTURAL_MEMBER,Endpoint sections retained separately; no interpolation or cross-storey section copy. Roof-absent supports have no G4-G5 segment.
M0G-M-COL-126,COLUMN_SEGMENT,COL-126,G4-G5,G4,G5,29,29,M0G-C-G4-29,M0G-C-G5-29,2.2000,30x45,30x40,,DOC,DOC,SECTION_CHANGE_AT_LEVEL_BOUNDARY,DOC_TAV06S_ROOF_PRESENCE,data/canonical/VERTICAL_COLUMN_SEGMENTS_CURRENT_v1.csv,VERTICAL_COLUMN_SEGMENT,DOC_CONTINUITY_PLUS_INF_CORE_NODE_BINDING,CURRENT,ORDINARY_STRUCTURAL_MEMBER,Endpoint sections retained separately; no interpolation or cross-storey section copy. Roof-absent supports have no G4-G5 segment.
M0G-M-COL-127,COLUMN_SEGMENT,COL-127,G4-G5,G4,G5,30,30,M0G-C-G4-30,M0G-C-G5-30,2.2000,110x30,30x40,,DOC,DOC,SECTION_CHANGE_AT_LEVEL_BOUNDARY,DOC_TAV06S_ROOF_PRESENCE,data/canonical/VERTICAL_COLUMN_SEGMENTS_CURRENT_v1.csv,VERTICAL_COLUMN_SEGMENT,DOC_CONTINUITY_PLUS_INF_CORE_NODE_BINDING,CURRENT,ORDINARY_STRUCTURAL_MEMBER,Endpoint sections retained separately; no interpolation or cross-storey section copy. Roof-absent supports have no G4-G5 segment.
