node_id,level_id,node_role,support_id,source_node_id,beam_id,beam_end,face_ref,x_m,y_m,z_m,section_x_cm,section_y_cm,section_evidence_state,xy_input_provenance,z_input_provenance,topology_evidence_state,coordinate_derivation,coordinate_evidence_state,validation_state,note
M0G-C-G1-1,G1,SUPPORT_CORE,1,,,,,18.0000,0.0000,0.0000,40,50,DOC,DOC_METRIC_OR_AXIS,DOC,DOC,CURRENT_SUPPORT_CENTER_PLUS_REGISTERED_LEVEL_Z,DOC,CURRENT_CORE_NODE,Core/column-axis role only; never substitutes beam-face nodes. Section source=PT_MASTER_CURRENT.
M0G-C-G1-2,G1,SUPPORT_CORE,2,,,,,18.0000,4.7000,0.0000,50,40,DOC,DOC_METRIC_OR_AXIS,DOC,DOC,CURRENT_SUPPORT_CENTER_PLUS_REGISTERED_LEVEL_Z,DOC,CURRENT_CORE_NODE,Core/column-axis role only; never substitutes beam-face nodes. Section source=PT_MASTER_CURRENT.
M0G-C-G1-3,G1,SUPPORT_CORE,3,,,,,18.0000,9.8000,0.0000,60,40,DOC,DOC_METRIC_OR_AXIS,DOC,DOC,CURRENT_SUPPORT_CENTER_PLUS_REGISTERED_LEVEL_Z,DOC,CURRENT_CORE_NODE,Core/column-axis role only; never substitutes beam-face nodes. Section source=PT_MASTER_CURRENT.
M0G-C-G1-4,G1,SUPPORT_CORE,4,,,,,18.0000,13.9500,0.0000,40,50,DOC,DOC_METRIC_OR_AXIS,DOC,DOC,CURRENT_SUPPORT_CENTER_PLUS_REGISTERED_LEVEL_Z,DOC,CURRENT_CORE_NODE,Core/column-axis role only; never substitutes beam-face nodes. Section source=PT_MASTER_CURRENT.
M0G-C-G1-5,G1,SUPPORT_CORE,5,,,,,16.1000,13.9500,0.0000,40,50,DOC,DOC_METRIC_OR_AXIS,DOC,DOC,CURRENT_SUPPORT_CENTER_PLUS_REGISTERED_LEVEL_Z,DOC,CURRENT_CORE_NODE,Core/column-axis role only; never substitutes beam-face nodes. Section source=PT_MASTER_CURRENT.
M0G-C-G1-6,G1,SUPPORT_CORE,6,,,,,16.1000,18.1000,0.0000,50,40,DOC,DOC_METRIC_OR_AXIS,DOC,DOC,CURRENT_SUPPORT_CENTER_PLUS_REGISTERED_LEVEL_Z,DOC,CURRENT_CORE_NODE,Core/column-axis role only; never substitutes beam-face nodes. Section source=PT_MASTER_CURRENT.
M0G-C-G1-7,G1,SUPPORT_CORE,7,,,,,16.1000,23.4000,0.0000,50,40,DOC,DOC_METRIC_OR_AXIS,DOC,DOC,CURRENT_SUPPORT_CENTER_PLUS_REGISTERED_LEVEL_Z,DOC,CURRENT_CORE_NODE,Core/column-axis role only; never substitutes beam-face nodes. Section source=PT_MASTER_CURRENT.
M0G-C-G1-8,G1,SUPPORT_CORE,8,,,,,16.1000,28.1000,0.0000,40,50,DOC,DOC_METRIC_OR_AXIS,DOC,DOC,CURRENT_SUPPORT_CENTER_PLUS_REGISTERED_LEVEL_Z,DOC,CURRENT_CORE_NODE,Core/column-axis role only; never substitutes beam-face nodes. Section source=PT_MASTER_CURRENT.
M0G-C-G1-9,G1,SUPPORT_CORE,9,,,,,12.4000,0.0000,0.0000,40,50,DOC,DOC_METRIC_OR_AXIS,DOC,DOC,CURRENT_SUPPORT_CENTER_PLUS_REGISTERED_LEVEL_Z,DOC,CURRENT_CORE_NODE,Core/column-axis role only; never substitutes beam-face nodes. Section source=PT_MASTER_CURRENT.
M0G-C-G1-10,G1,SUPPORT_CORE,10,,,,,12.4000,4.7000,0.0000,50,40,DOC,DOC_METRIC_OR_AXIS,DOC,DOC,CURRENT_SUPPORT_CENTER_PLUS_REGISTERED_LEVEL_Z,DOC,CURRENT_CORE_NODE,Core/column-axis role only; never substitutes beam-face nodes. Section source=PT_MASTER_CURRENT.
M0G-C-G1-11,G1,SUPPORT_CORE,11,,,,,12.4000,9.8000,0.0000,50,40,DOC,DOC_METRIC_OR_AXIS,DOC,DOC,CURRENT_SUPPORT_CENTER_PLUS_REGISTERED_LEVEL_Z,DOC,CURRENT_CORE_NODE,Core/column-axis role only; never substitutes beam-face nodes. Section source=PT_MASTER_CURRENT.
M0G-C-G1-12,G1,SUPPORT_CORE,12,,,,,12.4000,13.0725,0.0000,40,50,DOC,MIS_AFFINE,DOC,DOC,CURRENT_SUPPORT_CENTER_PLUS_REGISTERED_LEVEL_Z,MIS,CURRENT_WITH_XY_WATCH,Core/column-axis role only; never substitutes beam-face nodes. Section source=PT_MASTER_CURRENT.
M0G-C-G1-13,G1,SUPPORT_CORE,13,,,,,11.4500,15.2000,0.0000,50,40,DOC,DOC_METRIC_OR_AXIS,DOC,DOC,CURRENT_SUPPORT_CENTER_PLUS_REGISTERED_LEVEL_Z,DOC,CURRENT_CORE_NODE,Core/column-axis role only; never substitutes beam-face nodes. Section source=PT_MASTER_CURRENT.
M0G-C-G1-14,G1,SUPPORT_CORE,14,,,,,11.4500,18.1000,0.0000,50,40,DOC,DOC_METRIC_OR_AXIS,DOC,DOC,CURRENT_SUPPORT_CENTER_PLUS_REGISTERED_LEVEL_Z,DOC,CURRENT_CORE_NODE,Core/column-axis role only; never substitutes beam-face nodes. Section source=PT_MASTER_CURRENT.
M0G-C-G1-15,G1,SUPPORT_CORE,15,,,,,11.4500,23.4000,0.0000,50,40,DOC,DOC_METRIC_OR_AXIS,DOC,DOC,CURRENT_SUPPORT_CENTER_PLUS_REGISTERED_LEVEL_Z,DOC,CURRENT_CORE_NODE,Core/column-axis role only; never substitutes beam-face nodes. Section source=PT_MASTER_CURRENT.
M0G-C-G1-16,G1,SUPPORT_CORE,16,,,,,11.4500,28.1000,0.0000,50,40,DOC,DOC_METRIC_OR_AXIS,DOC,DOC,CURRENT_SUPPORT_CENTER_PLUS_REGISTERED_LEVEL_Z,DOC,CURRENT_CORE_NODE,Core/column-axis role only; never substitutes beam-face nodes. Section source=PT_MASTER_CURRENT.
M0G-C-G1-17,G1,SUPPORT_CORE,17,,,,,6.9000,0.0000,0.0000,50,40,DOC,DOC_METRIC_OR_AXIS,DOC,DOC,CURRENT_SUPPORT_CENTER_PLUS_REGISTERED_LEVEL_Z,DOC,CURRENT_CORE_NODE,Core/column-axis role only; never substitutes beam-face nodes. Section source=PT_MASTER_CURRENT.
M0G-C-G1-18,G1,SUPPORT_CORE,18,,,,,7.2240,4.7000,0.0000,110,30,DOC,MIS_AFFINE_EXTENDED,DOC,DOC,CURRENT_SUPPORT_CENTER_PLUS_REGISTERED_LEVEL_Z,MIS,CURRENT_WITH_XY_WATCH,Core/column-axis role only; never substitutes beam-face nodes. Section source=PT_MASTER_CURRENT.
M0G-C-G1-19,G1,SUPPORT_CORE,19,,,,,7.6318,8.9500,0.0000,40,50,DOC,MIS_AFFINE_WATCH,DOC,DOC,CURRENT_SUPPORT_CENTER_PLUS_REGISTERED_LEVEL_Z,MIS,CURRENT_WITH_XY_WATCH,Core/column-axis role only; never substitutes beam-face nodes. Section source=PT_MASTER_CURRENT.
M0G-C-G1-20,G1,SUPPORT_CORE,20,,,,,7.6318,9.8000,0.0000,50,40,DOC,MIS_AFFINE_WATCH,DOC,DOC,CURRENT_SUPPORT_CENTER_PLUS_REGISTERED_LEVEL_Z,MIS,CURRENT_WITH_XY_WATCH,Core/column-axis role only; never substitutes beam-face nodes. Section source=PT_MASTER_CURRENT.
M0G-C-G1-21,G1,SUPPORT_CORE,21,,,,,5.5500,15.2000,0.0000,40,50,DOC,SUPPORTED_REFERENCE_REBOUND,DOC,DOC,CURRENT_SUPPORT_CENTER_PLUS_REGISTERED_LEVEL_Z,MIS,CURRENT_WITH_XY_WATCH,Core/column-axis role only; never substitutes beam-face nodes. Section source=PT_MASTER_CURRENT.
M0G-C-G1-22,G1,SUPPORT_CORE,22,,,,,5.5500,18.1000,0.0000,50,40,DOC,SUPPORTED_REFERENCE_REBOUND,DOC,DOC,CURRENT_SUPPORT_CENTER_PLUS_REGISTERED_LEVEL_Z,MIS,CURRENT_WITH_XY_WATCH,Core/column-axis role only; never substitutes beam-face nodes. Section source=PT_MASTER_CURRENT.
M0G-C-G1-22PRIME,G1,SUPPORT_CORE,22',,,,,5.5500,19.2800,0.0000,50,40,DOC,SUPPORTED_REFERENCE_PLUS_MIS,DOC,DOC,CURRENT_SUPPORT_CENTER_PLUS_REGISTERED_LEVEL_Z,MIS,CURRENT_WITH_XY_WATCH,Core/column-axis role only; never substitutes beam-face nodes. Section source=PT_MASTER_CURRENT.
M0G-C-G1-23,G1,SUPPORT_CORE,23,,,,,5.2289,23.4000,0.0000,110,30,DOC,MIS_AFFINE_EXTENDED,DOC,DOC,CURRENT_SUPPORT_CENTER_PLUS_REGISTERED_LEVEL_Z,MIS,CURRENT_WITH_XY_WATCH,Core/column-axis role only; never substitutes beam-face nodes. Section source=PT_MASTER_CURRENT.
M0G-C-G1-24,G1,SUPPORT_CORE,24,,,,,5.0000,28.1000,0.0000,40,50,DOC,DOC_METRIC_OR_AXIS,DOC,DOC,CURRENT_SUPPORT_CENTER_PLUS_REGISTERED_LEVEL_Z,DOC,CURRENT_CORE_NODE,Core/column-axis role only; never substitutes beam-face nodes. Section source=PT_MASTER_CURRENT.
M0G-C-G1-25,G1,SUPPORT_CORE,25,,,,,3.4500,8.9500,0.0000,50,40,DOC,DOC_METRIC_OR_AXIS,DOC,DOC,CURRENT_SUPPORT_CENTER_PLUS_REGISTERED_LEVEL_Z,DOC,CURRENT_CORE_NODE,Core/column-axis role only; never substitutes beam-face nodes. Section source=PT_MASTER_CURRENT.
M0G-C-G1-26,G1,SUPPORT_CORE,26,,,,,3.4500,15.2000,0.0000,50,40,DOC,DOC_METRIC_OR_AXIS,DOC,DOC,CURRENT_SUPPORT_CENTER_PLUS_REGISTERED_LEVEL_Z,DOC,CURRENT_CORE_NODE,Core/column-axis role only; never substitutes beam-face nodes. Section source=PT_MASTER_CURRENT.
M0G-C-G1-27,G1,SUPPORT_CORE,27,,,,,3.4500,19.2800,0.0000,50,40,DOC,SUPPORTED_MIS_SHARED_ROW,DOC,DOC,CURRENT_SUPPORT_CENTER_PLUS_REGISTERED_LEVEL_Z,MIS,CURRENT_WITH_XY_WATCH,Core/column-axis role only; never substitutes beam-face nodes. Section source=PT_MASTER_CURRENT.
M0G-C-G1-28,G1,SUPPORT_CORE,28,,,,,0.0000,8.9500,0.0000,50,40,DOC,DOC_METRIC_OR_AXIS,DOC,DOC,CURRENT_SUPPORT_CENTER_PLUS_REGISTERED_LEVEL_Z,DOC,CURRENT_CORE_NODE,Core/column-axis role only; never substitutes beam-face nodes. Section source=PT_MASTER_CURRENT.
M0G-C-G1-29,G1,SUPPORT_CORE,29,,,,,0.0000,15.2000,0.0000,50,40,DOC,DOC_METRIC_OR_AXIS,DOC,DOC,CURRENT_SUPPORT_CENTER_PLUS_REGISTERED_LEVEL_Z,DOC,CURRENT_CORE_NODE,Core/column-axis role only; never substitutes beam-face nodes. Section source=PT_MASTER_CURRENT.
M0G-C-G1-30,G1,SUPPORT_CORE,30,,,,,0.0000,19.7334,0.0000,30,110,DOC,SUPPORTED_REFERENCE_PLUS_MIS_EXTENDED,DOC,DOC,CURRENT_SUPPORT_CENTER_PLUS_REGISTERED_LEVEL_Z,MIS,CURRENT_WITH_XY_WATCH,Core/column-axis role only; never substitutes beam-face nodes. Section source=PT_MASTER_CURRENT.
M0G-C-G1-31,G1,SUPPORT_CORE,31,,,,,-4.7000,8.9500,0.0000,50,40,DOC,DOC_METRIC_OR_AXIS,DOC,DOC,CURRENT_SUPPORT_CENTER_PLUS_REGISTERED_LEVEL_Z,DOC,CURRENT_CORE_NODE,Core/column-axis role only; never substitutes beam-face nodes. Section source=PT_MASTER_CURRENT.
M0G-C-G1-32,G1,SUPPORT_CORE,32,,,,,-4.7000,15.2000,0.0000,40,50,DOC,DOC_METRIC_OR_AXIS,DOC,DOC,CURRENT_SUPPORT_CENTER_PLUS_REGISTERED_LEVEL_Z,DOC,CURRENT_CORE_NODE,Core/column-axis role only; never substitutes beam-face nodes. Section source=PT_MASTER_CURRENT.
M0G-C-G1-33,G1,SUPPORT_CORE,33,,,,,-4.7000,20.1500,0.0000,40,50,DOC,DOC_METRIC_OR_AXIS,DOC,DOC,CURRENT_SUPPORT_CENTER_PLUS_REGISTERED_LEVEL_Z,DOC,CURRENT_CORE_NODE,Core/column-axis role only; never substitutes beam-face nodes. Section source=PT_MASTER_CURRENT.
M0G-C-G1-a,G1,SUPPORT_CORE,a,,,,,3.4500,0.0000,0.0000,30,30,DOC,DOC_METRIC_OR_AXIS,DOC,DOC,CURRENT_SUPPORT_CENTER_PLUS_REGISTERED_LEVEL_Z,DOC,CURRENT_CORE_NODE,Core/column-axis role only; never substitutes beam-face nodes. Section source=PT_MASTER_CURRENT.
M0G-C-G1-b,G1,SUPPORT_CORE,b,,,,,3.4500,4.7000,0.0000,30,30,DOC,DOC_METRIC_OR_AXIS,DOC,DOC,CURRENT_SUPPORT_CENTER_PLUS_REGISTERED_LEVEL_Z,DOC,CURRENT_CORE_NODE,Core/column-axis role only; never substitutes beam-face nodes. Section source=PT_MASTER_CURRENT.
M0G-C-G1-c,G1,SUPPORT_CORE,c,,,,,0.0000,0.0000,0.0000,30,30,DOC,DOC_METRIC_OR_AXIS,DOC,DOC,CURRENT_SUPPORT_CENTER_PLUS_REGISTERED_LEVEL_Z,DOC,CURRENT_CORE_NODE,Core/column-axis role only; never substitutes beam-face nodes. Section source=PT_MASTER_CURRENT.
M0G-C-G1-d,G1,SUPPORT_CORE,d,,,,,0.0000,4.7000,0.0000,30,30,DOC,DOC_METRIC_OR_AXIS,DOC,DOC,CURRENT_SUPPORT_CENTER_PLUS_REGISTERED_LEVEL_Z,DOC,CURRENT_CORE_NODE,Core/column-axis role only; never substitutes beam-face nodes. Section source=PT_MASTER_CURRENT.
M0G-C-G2-1,G2,SUPPORT_CORE,1,,,,,18.0000,0.0000,3.2000,40,45,DOC,DOC_METRIC_OR_AXIS,DOC+RIF,DOC,CURRENT_SUPPORT_CENTER_PLUS_REGISTERED_LEVEL_Z,MIS,CURRENT_WITH_XY_WATCH,Core/column-axis role only; never substitutes beam-face nodes. Section source=STOREY_SUPPORT_SECTIONS_G2_v1.csv.
M0G-C-G2-2,G2,SUPPORT_CORE,2,,,,,18.0000,4.7000,3.2000,45,40,DOC,DOC_METRIC_OR_AXIS,DOC+RIF,DOC,CURRENT_SUPPORT_CENTER_PLUS_REGISTERED_LEVEL_Z,MIS,CURRENT_WITH_XY_WATCH,Core/column-axis role only; never substitutes beam-face nodes. Section source=STOREY_SUPPORT_SECTIONS_G2_v1.csv.
M0G-C-G2-3,G2,SUPPORT_CORE,3,,,,,18.0000,9.8000,3.2000,45,40,DOC,DOC_METRIC_OR_AXIS,DOC+RIF,DOC,CURRENT_SUPPORT_CENTER_PLUS_REGISTERED_LEVEL_Z,MIS,CURRENT_WITH_XY_WATCH,Core/column-axis role only; never substitutes beam-face nodes. Section source=STOREY_SUPPORT_SECTIONS_G2_v1.csv.
M0G-C-G2-4,G2,SUPPORT_CORE,4,,,,,18.0000,13.9500,3.2000,40,45,DOC,DOC_METRIC_OR_AXIS,DOC+RIF,DOC,CURRENT_SUPPORT_CENTER_PLUS_REGISTERED_LEVEL_Z,MIS,CURRENT_WITH_XY_WATCH,Core/column-axis role only; never substitutes beam-face nodes. Section source=STOREY_SUPPORT_SECTIONS_G2_v1.csv.
M0G-C-G2-5,G2,SUPPORT_CORE,5,,,,,16.1000,13.9500,3.2000,40,45,DOC,DOC_METRIC_OR_AXIS,DOC+RIF,DOC,CURRENT_SUPPORT_CENTER_PLUS_REGISTERED_LEVEL_Z,MIS,CURRENT_WITH_XY_WATCH,Core/column-axis role only; never substitutes beam-face nodes. Section source=STOREY_SUPPORT_SECTIONS_G2_v1.csv.
M0G-C-G2-6,G2,SUPPORT_CORE,6,,,,,16.1000,18.1000,3.2000,45,40,DOC,DOC_METRIC_OR_AXIS,DOC+RIF,DOC,CURRENT_SUPPORT_CENTER_PLUS_REGISTERED_LEVEL_Z,MIS,CURRENT_WITH_XY_WATCH,Core/column-axis role only; never substitutes beam-face nodes. Section source=STOREY_SUPPORT_SECTIONS_G2_v1.csv.
M0G-C-G2-7,G2,SUPPORT_CORE,7,,,,,16.1000,23.4000,3.2000,45,40,DOC,DOC_METRIC_OR_AXIS,DOC+RIF,DOC,CURRENT_SUPPORT_CENTER_PLUS_REGISTERED_LEVEL_Z,MIS,CURRENT_WITH_XY_WATCH,Core/column-axis role only; never substitutes beam-face nodes. Section source=STOREY_SUPPORT_SECTIONS_G2_v1.csv.
M0G-C-G2-8,G2,SUPPORT_CORE,8,,,,,16.1000,28.1000,3.2000,40,45,DOC,DOC_METRIC_OR_AXIS,DOC+RIF,DOC,CURRENT_SUPPORT_CENTER_PLUS_REGISTERED_LEVEL_Z,MIS,CURRENT_WITH_XY_WATCH,Core/column-axis role only; never substitutes beam-face nodes. Section source=STOREY_SUPPORT_SECTIONS_G2_v1.csv.
M0G-C-G2-9,G2,SUPPORT_CORE,9,,,,,12.4000,0.0000,3.2000,40,45,DOC,DOC_METRIC_OR_AXIS,DOC+RIF,DOC,CURRENT_SUPPORT_CENTER_PLUS_REGISTERED_LEVEL_Z,MIS,CURRENT_WITH_XY_WATCH,Core/column-axis role only; never substitutes beam-face nodes. Section source=STOREY_SUPPORT_SECTIONS_G2_v1.csv.
M0G-C-G2-10,G2,SUPPORT_CORE,10,,,,,12.4000,4.7000,3.2000,50,35,DOC,DOC_METRIC_OR_AXIS,DOC+RIF,DOC,CURRENT_SUPPORT_CENTER_PLUS_REGISTERED_LEVEL_Z,MIS,CURRENT_WITH_XY_WATCH,Core/column-axis role only; never substitutes beam-face nodes. Section source=STOREY_SUPPORT_SECTIONS_G2_v1.csv.
M0G-C-G2-11,G2,SUPPORT_CORE,11,,,,,12.4000,9.8000,3.2000,50,35,DOC,DOC_METRIC_OR_AXIS,DOC+RIF,DOC,CURRENT_SUPPORT_CENTER_PLUS_REGISTERED_LEVEL_Z,MIS,CURRENT_WITH_XY_WATCH,Core/column-axis role only; never substitutes beam-face nodes. Section source=STOREY_SUPPORT_SECTIONS_G2_v1.csv.
M0G-C-G2-12,G2,SUPPORT_CORE,12,,,,,12.4000,13.0725,3.2000,35,50,DOC,MIS_AFFINE,DOC+RIF,DOC,CURRENT_SUPPORT_CENTER_PLUS_REGISTERED_LEVEL_Z,MIS,CURRENT_WITH_XY_WATCH,Core/column-axis role only; never substitutes beam-face nodes. Section source=STOREY_SUPPORT_SECTIONS_G2_v1.csv.
M0G-C-G2-13,G2,SUPPORT_CORE,13,,,,,11.4500,15.2000,3.2000,50,35,DOC,DOC_METRIC_OR_AXIS,DOC+RIF,DOC,CURRENT_SUPPORT_CENTER_PLUS_REGISTERED_LEVEL_Z,MIS,CURRENT_WITH_XY_WATCH,Core/column-axis role only; never substitutes beam-face nodes. Section source=STOREY_SUPPORT_SECTIONS_G2_v1.csv.
M0G-C-G2-14,G2,SUPPORT_CORE,14,,,,,11.4500,18.1000,3.2000,50,35,DOC,DOC_METRIC_OR_AXIS,DOC+RIF,DOC,CURRENT_SUPPORT_CENTER_PLUS_REGISTERED_LEVEL_Z,MIS,CURRENT_WITH_XY_WATCH,Core/column-axis role only; never substitutes beam-face nodes. Section source=STOREY_SUPPORT_SECTIONS_G2_v1.csv.
M0G-C-G2-15,G2,SUPPORT_CORE,15,,,,,11.4500,23.4000,3.2000,50,35,DOC,DOC_METRIC_OR_AXIS,DOC+RIF,DOC,CURRENT_SUPPORT_CENTER_PLUS_REGISTERED_LEVEL_Z,MIS,CURRENT_WITH_XY_WATCH,Core/column-axis role only; never substitutes beam-face nodes. Section source=STOREY_SUPPORT_SECTIONS_G2_v1.csv.
M0G-C-G2-16,G2,SUPPORT_CORE,16,,,,,11.4500,28.1000,3.2000,40,45,DOC,DOC_METRIC_OR_AXIS,DOC+RIF,DOC,CURRENT_SUPPORT_CENTER_PLUS_REGISTERED_LEVEL_Z,MIS,CURRENT_WITH_XY_WATCH,Core/column-axis role only; never substitutes beam-face nodes. Section source=STOREY_SUPPORT_SECTIONS_G2_v1.csv.
M0G-C-G2-17,G2,SUPPORT_CORE,17,,,,,6.9000,0.0000,3.2000,40,45,DOC,DOC_METRIC_OR_AXIS,DOC+RIF,DOC,CURRENT_SUPPORT_CENTER_PLUS_REGISTERED_LEVEL_Z,MIS,CURRENT_WITH_XY_WATCH,Core/column-axis role only; never substitutes beam-face nodes. Section source=STOREY_SUPPORT_SECTIONS_G2_v1.csv.
M0G-C-G2-18,G2,SUPPORT_CORE,18,,,,,7.2240,4.7000,3.2000,30,110,DOC,MIS_AFFINE_EXTENDED,DOC+RIF,DOC,CURRENT_SUPPORT_CENTER_PLUS_REGISTERED_LEVEL_Z,MIS,CURRENT_WITH_XY_WATCH,Core/column-axis role only; never substitutes beam-face nodes. Section source=STOREY_SUPPORT_SECTIONS_G2_v1.csv.
M0G-C-G2-19,G2,SUPPORT_CORE,19,,,,,7.6318,8.9500,3.2000,40,45,DOC,MIS_AFFINE_WATCH,DOC+RIF,DOC,CURRENT_SUPPORT_CENTER_PLUS_REGISTERED_LEVEL_Z,MIS,CURRENT_WITH_XY_WATCH,Core/column-axis role only; never substitutes beam-face nodes. Section source=STOREY_SUPPORT_SECTIONS_G2_v1.csv.
M0G-C-G2-20,G2,SUPPORT_CORE,20,,,,,7.6318,9.8000,3.2000,45,40,DOC,MIS_AFFINE_WATCH,DOC+RIF,DOC,CURRENT_SUPPORT_CENTER_PLUS_REGISTERED_LEVEL_Z,MIS,CURRENT_WITH_XY_WATCH,Core/column-axis role only; never substitutes beam-face nodes. Section source=STOREY_SUPPORT_SECTIONS_G2_v1.csv.
M0G-C-G2-21,G2,SUPPORT_CORE,21,,,,,5.5500,15.2000,3.2000,35,50,DOC,SUPPORTED_REFERENCE_REBOUND,DOC+RIF,DOC,CURRENT_SUPPORT_CENTER_PLUS_REGISTERED_LEVEL_Z,MIS,CURRENT_WITH_XY_WATCH,Core/column-axis role only; never substitutes beam-face nodes. Section source=STOREY_SUPPORT_SECTIONS_G2_v1.csv.
M0G-C-G2-22,G2,SUPPORT_CORE,22,,,,,5.5500,18.1000,3.2000,35,50,DOC,SUPPORTED_REFERENCE_REBOUND,DOC+RIF,DOC,CURRENT_SUPPORT_CENTER_PLUS_REGISTERED_LEVEL_Z,MIS,CURRENT_WITH_XY_WATCH,Core/column-axis role only; never substitutes beam-face nodes. Section source=STOREY_SUPPORT_SECTIONS_G2_v1.csv.
M0G-C-G2-22PRIME,G2,SUPPORT_CORE,22',,,,,5.5500,19.2800,3.2000,45,40,DOC,SUPPORTED_REFERENCE_PLUS_MIS,DOC+RIF,DOC,CURRENT_SUPPORT_CENTER_PLUS_REGISTERED_LEVEL_Z,MIS,CURRENT_WITH_XY_WATCH,Core/column-axis role only; never substitutes beam-face nodes. Section source=STOREY_SUPPORT_SECTIONS_G2_v1.csv.
M0G-C-G2-23,G2,SUPPORT_CORE,23,,,,,5.2289,23.4000,3.2000,30,110,DOC,MIS_AFFINE_EXTENDED,DOC+RIF,DOC,CURRENT_SUPPORT_CENTER_PLUS_REGISTERED_LEVEL_Z,MIS,CURRENT_WITH_XY_WATCH,Core/column-axis role only; never substitutes beam-face nodes. Section source=STOREY_SUPPORT_SECTIONS_G2_v1.csv.
M0G-C-G2-24,G2,SUPPORT_CORE,24,,,,,5.0000,28.1000,3.2000,40,45,DOC,DOC_METRIC_OR_AXIS,DOC+RIF,DOC,CURRENT_SUPPORT_CENTER_PLUS_REGISTERED_LEVEL_Z,MIS,CURRENT_WITH_XY_WATCH,Core/column-axis role only; never substitutes beam-face nodes. Section source=STOREY_SUPPORT_SECTIONS_G2_v1.csv.
M0G-C-G2-25,G2,SUPPORT_CORE,25,,,,,3.4500,8.9500,3.2000,40,45,DOC,DOC_METRIC_OR_AXIS,DOC+RIF,DOC,CURRENT_SUPPORT_CENTER_PLUS_REGISTERED_LEVEL_Z,MIS,CURRENT_WITH_XY_WATCH,Core/column-axis role only; never substitutes beam-face nodes. Section source=STOREY_SUPPORT_SECTIONS_G2_v1.csv.
M0G-C-G2-26,G2,SUPPORT_CORE,26,,,,,3.4500,15.2000,3.2000,35,50,DOC,DOC_METRIC_OR_AXIS,DOC+RIF,DOC,CURRENT_SUPPORT_CENTER_PLUS_REGISTERED_LEVEL_Z,MIS,CURRENT_WITH_XY_WATCH,Core/column-axis role only; never substitutes beam-face nodes. Section source=STOREY_SUPPORT_SECTIONS_G2_v1.csv.
M0G-C-G2-27,G2,SUPPORT_CORE,27,,,,,3.4500,19.2800,3.2000,40,45,DOC,SUPPORTED_MIS_SHARED_ROW,DOC+RIF,DOC,CURRENT_SUPPORT_CENTER_PLUS_REGISTERED_LEVEL_Z,MIS,CURRENT_WITH_XY_WATCH,Core/column-axis role only; never substitutes beam-face nodes. Section source=STOREY_SUPPORT_SECTIONS_G2_v1.csv.
M0G-C-G2-28,G2,SUPPORT_CORE,28,,,,,0.0000,8.9500,3.2000,40,45,DOC,DOC_METRIC_OR_AXIS,DOC+RIF,DOC,CURRENT_SUPPORT_CENTER_PLUS_REGISTERED_LEVEL_Z,MIS,CURRENT_WITH_XY_WATCH,Core/column-axis role only; never substitutes beam-face nodes. Section source=STOREY_SUPPORT_SECTIONS_G2_v1.csv.
M0G-C-G2-29,G2,SUPPORT_CORE,29,,,,,0.0000,15.2000,3.2000,35,50,DOC,DOC_METRIC_OR_AXIS,DOC+RIF,DOC,CURRENT_SUPPORT_CENTER_PLUS_REGISTERED_LEVEL_Z,MIS,CURRENT_WITH_XY_WATCH,Core/column-axis role only; never substitutes beam-face nodes. Section source=STOREY_SUPPORT_SECTIONS_G2_v1.csv.
M0G-C-G2-30,G2,SUPPORT_CORE,30,,,,,0.0000,19.7334,3.2000,110,30,DOC,SUPPORTED_REFERENCE_PLUS_MIS_EXTENDED,DOC+RIF,DOC,CURRENT_SUPPORT_CENTER_PLUS_REGISTERED_LEVEL_Z,MIS,CURRENT_WITH_XY_WATCH,Core/column-axis role only; never substitutes beam-face nodes. Section source=STOREY_SUPPORT_SECTIONS_G2_v1.csv.
M0G-C-G2-31,G2,SUPPORT_CORE,31,,,,,-4.7000,8.9500,3.2000,40,45,DOC,DOC_METRIC_OR_AXIS,DOC+RIF,DOC,CURRENT_SUPPORT_CENTER_PLUS_REGISTERED_LEVEL_Z,MIS,CURRENT_WITH_XY_WATCH,Core/column-axis role only; never substitutes beam-face nodes. Section source=STOREY_SUPPORT_SECTIONS_G2_v1.csv.
M0G-C-G2-32,G2,SUPPORT_CORE,32,,,,,-4.7000,15.2000,3.2000,45,40,DOC,DOC_METRIC_OR_AXIS,DOC+RIF,DOC,CURRENT_SUPPORT_CENTER_PLUS_REGISTERED_LEVEL_Z,MIS,CURRENT_WITH_XY_WATCH,Core/column-axis role only; never substitutes beam-face nodes. Section source=STOREY_SUPPORT_SECTIONS_G2_v1.csv.
M0G-C-G2-33,G2,SUPPORT_CORE,33,,,,,-4.7000,20.1500,3.2000,40,45,DOC,DOC_METRIC_OR_AXIS,DOC+RIF,DOC,CURRENT_SUPPORT_CENTER_PLUS_REGISTERED_LEVEL_Z,MIS,CURRENT_WITH_XY_WATCH,Core/column-axis role only; never substitutes beam-face nodes. Section source=STOREY_SUPPORT_SECTIONS_G2_v1.csv.
M0G-C-G3-1,G3,SUPPORT_CORE,1,,,,,18.0000,0.0000,6.4000,40,40,DOC,DOC_METRIC_OR_AXIS,DOC+RIF,DOC,CURRENT_SUPPORT_CENTER_PLUS_REGISTERED_LEVEL_Z,MIS,CURRENT_WITH_XY_WATCH,Core/column-axis role only; never substitutes beam-face nodes. Section source=STOREY_SUPPORT_SECTIONS_G3_v1.csv.
M0G-C-G3-2,G3,SUPPORT_CORE,2,,,,,18.0000,4.7000,6.4000,40,40,DOC,DOC_METRIC_OR_AXIS,DOC+RIF,DOC,CURRENT_SUPPORT_CENTER_PLUS_REGISTERED_LEVEL_Z,MIS,CURRENT_WITH_XY_WATCH,Core/column-axis role only; never substitutes beam-face nodes. Section source=STOREY_SUPPORT_SECTIONS_G3_v1.csv.
M0G-C-G3-3,G3,SUPPORT_CORE,3,,,,,18.0000,9.8000,6.4000,40,40,DOC,DOC_METRIC_OR_AXIS,DOC+RIF,DOC,CURRENT_SUPPORT_CENTER_PLUS_REGISTERED_LEVEL_Z,MIS,CURRENT_WITH_XY_WATCH,Core/column-axis role only; never substitutes beam-face nodes. Section source=STOREY_SUPPORT_SECTIONS_G3_v1.csv.
M0G-C-G3-4,G3,SUPPORT_CORE,4,,,,,18.0000,13.9500,6.4000,40,40,DOC,DOC_METRIC_OR_AXIS,DOC+RIF,DOC,CURRENT_SUPPORT_CENTER_PLUS_REGISTERED_LEVEL_Z,MIS,CURRENT_WITH_XY_WATCH,Core/column-axis role only; never substitutes beam-face nodes. Section source=STOREY_SUPPORT_SECTIONS_G3_v1.csv.
M0G-C-G3-5,G3,SUPPORT_CORE,5,,,,,16.1000,13.9500,6.4000,40,40,DOC,DOC_METRIC_OR_AXIS,DOC+RIF,DOC,CURRENT_SUPPORT_CENTER_PLUS_REGISTERED_LEVEL_Z,MIS,CURRENT_WITH_XY_WATCH,Core/column-axis role only; never substitutes beam-face nodes. Section source=STOREY_SUPPORT_SECTIONS_G3_v1.csv.
M0G-C-G3-6,G3,SUPPORT_CORE,6,,,,,16.1000,18.1000,6.4000,40,40,DOC,DOC_METRIC_OR_AXIS,DOC+RIF,DOC,CURRENT_SUPPORT_CENTER_PLUS_REGISTERED_LEVEL_Z,MIS,CURRENT_WITH_XY_WATCH,Core/column-axis role only; never substitutes beam-face nodes. Section source=STOREY_SUPPORT_SECTIONS_G3_v1.csv.
M0G-C-G3-7,G3,SUPPORT_CORE,7,,,,,16.1000,23.4000,6.4000,40,40,DOC,DOC_METRIC_OR_AXIS,DOC+RIF,DOC,CURRENT_SUPPORT_CENTER_PLUS_REGISTERED_LEVEL_Z,MIS,CURRENT_WITH_XY_WATCH,Core/column-axis role only; never substitutes beam-face nodes. Section source=STOREY_SUPPORT_SECTIONS_G3_v1.csv.
M0G-C-G3-8,G3,SUPPORT_CORE,8,,,,,16.1000,28.1000,6.4000,40,40,DOC,DOC_METRIC_OR_AXIS,DOC+RIF,DOC,CURRENT_SUPPORT_CENTER_PLUS_REGISTERED_LEVEL_Z,MIS,CURRENT_WITH_XY_WATCH,Core/column-axis role only; never substitutes beam-face nodes. Section source=STOREY_SUPPORT_SECTIONS_G3_v1.csv.
M0G-C-G3-9,G3,SUPPORT_CORE,9,,,,,12.4000,0.0000,6.4000,40,40,DOC,DOC_METRIC_OR_AXIS,DOC+RIF,DOC,CURRENT_SUPPORT_CENTER_PLUS_REGISTERED_LEVEL_Z,MIS,CURRENT_WITH_XY_WATCH,Core/column-axis role only; never substitutes beam-face nodes. Section source=STOREY_SUPPORT_SECTIONS_G3_v1.csv.
M0G-C-G3-10,G3,SUPPORT_CORE,10,,,,,12.4000,4.7000,6.4000,50,30,DOC,DOC_METRIC_OR_AXIS,DOC+RIF,DOC,CURRENT_SUPPORT_CENTER_PLUS_REGISTERED_LEVEL_Z,MIS,CURRENT_WITH_XY_WATCH,Core/column-axis role only; never substitutes beam-face nodes. Section source=STOREY_SUPPORT_SECTIONS_G3_v1.csv.
M0G-C-G3-11,G3,SUPPORT_CORE,11,,,,,12.4000,9.8000,6.4000,50,30,DOC,DOC_METRIC_OR_AXIS,DOC+RIF,DOC,CURRENT_SUPPORT_CENTER_PLUS_REGISTERED_LEVEL_Z,MIS,CURRENT_WITH_XY_WATCH,Core/column-axis role only; never substitutes beam-face nodes. Section source=STOREY_SUPPORT_SECTIONS_G3_v1.csv.
M0G-C-G3-12,G3,SUPPORT_CORE,12,,,,,12.4000,13.0725,6.4000,30,50,DOC,MIS_AFFINE,DOC+RIF,DOC,CURRENT_SUPPORT_CENTER_PLUS_REGISTERED_LEVEL_Z,MIS,CURRENT_WITH_XY_WATCH,Core/column-axis role only; never substitutes beam-face nodes. Section source=STOREY_SUPPORT_SECTIONS_G3_v1.csv.
M0G-C-G3-13,G3,SUPPORT_CORE,13,,,,,11.4500,15.2000,6.4000,50,30,DOC,DOC_METRIC_OR_AXIS,DOC+RIF,DOC,CURRENT_SUPPORT_CENTER_PLUS_REGISTERED_LEVEL_Z,MIS,CURRENT_WITH_XY_WATCH,Core/column-axis role only; never substitutes beam-face nodes. Section source=STOREY_SUPPORT_SECTIONS_G3_v1.csv.
M0G-C-G3-14,G3,SUPPORT_CORE,14,,,,,11.4500,18.1000,6.4000,50,30,DOC,DOC_METRIC_OR_AXIS,DOC+RIF,DOC,CURRENT_SUPPORT_CENTER_PLUS_REGISTERED_LEVEL_Z,MIS,CURRENT_WITH_XY_WATCH,Core/column-axis role only; never substitutes beam-face nodes. Section source=STOREY_SUPPORT_SECTIONS_G3_v1.csv.
M0G-C-G3-15,G3,SUPPORT_CORE,15,,,,,11.4500,23.4000,6.4000,50,30,DOC,DOC_METRIC_OR_AXIS,DOC+RIF,DOC,CURRENT_SUPPORT_CENTER_PLUS_REGISTERED_LEVEL_Z,MIS,CURRENT_WITH_XY_WATCH,Core/column-axis role only; never substitutes beam-face nodes. Section source=STOREY_SUPPORT_SECTIONS_G3_v1.csv.
M0G-C-G3-16,G3,SUPPORT_CORE,16,,,,,11.4500,28.1000,6.4000,40,40,DOC,DOC_METRIC_OR_AXIS,DOC+RIF,DOC,CURRENT_SUPPORT_CENTER_PLUS_REGISTERED_LEVEL_Z,MIS,CURRENT_WITH_XY_WATCH,Core/column-axis role only; never substitutes beam-face nodes. Section source=STOREY_SUPPORT_SECTIONS_G3_v1.csv.
M0G-C-G3-17,G3,SUPPORT_CORE,17,,,,,6.9000,0.0000,6.4000,40,40,DOC,DOC_METRIC_OR_AXIS,DOC+RIF,DOC,CURRENT_SUPPORT_CENTER_PLUS_REGISTERED_LEVEL_Z,MIS,CURRENT_WITH_XY_WATCH,Core/column-axis role only; never substitutes beam-face nodes. Section source=STOREY_SUPPORT_SECTIONS_G3_v1.csv.
M0G-C-G3-18,G3,SUPPORT_CORE,18,,,,,7.2240,4.7000,6.4000,30,110,MIS,MIS_AFFINE_EXTENDED,DOC+RIF,DOC,CURRENT_SUPPORT_CENTER_PLUS_REGISTERED_LEVEL_Z,MIS,CURRENT_WITH_XY_WATCH,Core/column-axis role only; never substitutes beam-face nodes. Section source=STOREY_SUPPORT_SECTIONS_G3_v1.csv.
M0G-C-G3-19,G3,SUPPORT_CORE,19,,,,,7.6318,8.9500,6.4000,40,40,DOC,MIS_AFFINE_WATCH,DOC+RIF,DOC,CURRENT_SUPPORT_CENTER_PLUS_REGISTERED_LEVEL_Z,MIS,CURRENT_WITH_XY_WATCH,Core/column-axis role only; never substitutes beam-face nodes. Section source=STOREY_SUPPORT_SECTIONS_G3_v1.csv.
M0G-C-G3-20,G3,SUPPORT_CORE,20,,,,,7.6318,9.8000,6.4000,50,30,DOC,MIS_AFFINE_WATCH,DOC+RIF,DOC,CURRENT_SUPPORT_CENTER_PLUS_REGISTERED_LEVEL_Z,MIS,CURRENT_WITH_XY_WATCH,Core/column-axis role only; never substitutes beam-face nodes. Section source=STOREY_SUPPORT_SECTIONS_G3_v1.csv.
M0G-C-G3-21,G3,SUPPORT_CORE,21,,,,,5.5500,15.2000,6.4000,30,50,MIS,SUPPORTED_REFERENCE_REBOUND,DOC+RIF,DOC,CURRENT_SUPPORT_CENTER_PLUS_REGISTERED_LEVEL_Z,MIS,CURRENT_WITH_XY_WATCH,Core/column-axis role only; never substitutes beam-face nodes. Section source=STOREY_SUPPORT_SECTIONS_G3_v1.csv.
M0G-C-G3-22,G3,SUPPORT_CORE,22,,,,,5.5500,18.1000,6.4000,30,50,DOC,SUPPORTED_REFERENCE_REBOUND,DOC+RIF,DOC,CURRENT_SUPPORT_CENTER_PLUS_REGISTERED_LEVEL_Z,MIS,CURRENT_WITH_XY_WATCH,Core/column-axis role only; never substitutes beam-face nodes. Section source=STOREY_SUPPORT_SECTIONS_G3_v1.csv.
M0G-C-G3-22PRIME,G3,SUPPORT_CORE,22',,,,,5.5500,19.2800,6.4000,40,40,DOC,SUPPORTED_REFERENCE_PLUS_MIS,DOC+RIF,DOC,CURRENT_SUPPORT_CENTER_PLUS_REGISTERED_LEVEL_Z,MIS,CURRENT_WITH_XY_WATCH,Core/column-axis role only; never substitutes beam-face nodes. Section source=STOREY_SUPPORT_SECTIONS_G3_v1.csv.
M0G-C-G3-23,G3,SUPPORT_CORE,23,,,,,5.2289,23.4000,6.4000,30,110,DOC,MIS_AFFINE_EXTENDED,DOC+RIF,DOC,CURRENT_SUPPORT_CENTER_PLUS_REGISTERED_LEVEL_Z,MIS,CURRENT_WITH_XY_WATCH,Core/column-axis role only; never substitutes beam-face nodes. Section source=STOREY_SUPPORT_SECTIONS_G3_v1.csv.
M0G-C-G3-24,G3,SUPPORT_CORE,24,,,,,5.0000,28.1000,6.4000,40,40,DOC,DOC_METRIC_OR_AXIS,DOC+RIF,DOC,CURRENT_SUPPORT_CENTER_PLUS_REGISTERED_LEVEL_Z,MIS,CURRENT_WITH_XY_WATCH,Core/column-axis role only; never substitutes beam-face nodes. Section source=STOREY_SUPPORT_SECTIONS_G3_v1.csv.
M0G-C-G3-25,G3,SUPPORT_CORE,25,,,,,3.4500,8.9500,6.4000,40,40,DOC,DOC_METRIC_OR_AXIS,DOC+RIF,DOC,CURRENT_SUPPORT_CENTER_PLUS_REGISTERED_LEVEL_Z,MIS,CURRENT_WITH_XY_WATCH,Core/column-axis role only; never substitutes beam-face nodes. Section source=STOREY_SUPPORT_SECTIONS_G3_v1.csv.
M0G-C-G3-26,G3,SUPPORT_CORE,26,,,,,3.4500,15.2000,6.4000,30,50,DOC,DOC_METRIC_OR_AXIS,DOC+RIF,DOC,CURRENT_SUPPORT_CENTER_PLUS_REGISTERED_LEVEL_Z,MIS,CURRENT_WITH_XY_WATCH,Core/column-axis role only; never substitutes beam-face nodes. Section source=STOREY_SUPPORT_SECTIONS_G3_v1.csv.
M0G-C-G3-27,G3,SUPPORT_CORE,27,,,,,3.4500,19.2800,6.4000,40,40,DOC,SUPPORTED_MIS_SHARED_ROW,DOC+RIF,DOC,CURRENT_SUPPORT_CENTER_PLUS_REGISTERED_LEVEL_Z,MIS,CURRENT_WITH_XY_WATCH,Core/column-axis role only; never substitutes beam-face nodes. Section source=STOREY_SUPPORT_SECTIONS_G3_v1.csv.
M0G-C-G3-28,G3,SUPPORT_CORE,28,,,,,0.0000,8.9500,6.4000,40,40,DOC,DOC_METRIC_OR_AXIS,DOC+RIF,DOC,CURRENT_SUPPORT_CENTER_PLUS_REGISTERED_LEVEL_Z,MIS,CURRENT_WITH_XY_WATCH,Core/column-axis role only; never substitutes beam-face nodes. Section source=STOREY_SUPPORT_SECTIONS_G3_v1.csv.
M0G-C-G3-29,G3,SUPPORT_CORE,29,,,,,0.0000,15.2000,6.4000,30,50,DOC,DOC_METRIC_OR_AXIS,DOC+RIF,DOC,CURRENT_SUPPORT_CENTER_PLUS_REGISTERED_LEVEL_Z,MIS,CURRENT_WITH_XY_WATCH,Core/column-axis role only; never substitutes beam-face nodes. Section source=STOREY_SUPPORT_SECTIONS_G3_v1.csv.
M0G-C-G3-30,G3,SUPPORT_CORE,30,,,,,0.0000,19.7334,6.4000,110,30,DOC,SUPPORTED_REFERENCE_PLUS_MIS_EXTENDED,DOC+RIF,DOC,CURRENT_SUPPORT_CENTER_PLUS_REGISTERED_LEVEL_Z,MIS,CURRENT_WITH_XY_WATCH,Core/column-axis role only; never substitutes beam-face nodes. Section source=STOREY_SUPPORT_SECTIONS_G3_v1.csv.
M0G-C-G3-31,G3,SUPPORT_CORE,31,,,,,-4.7000,8.9500,6.4000,40,40,DOC,DOC_METRIC_OR_AXIS,DOC+RIF,DOC,CURRENT_SUPPORT_CENTER_PLUS_REGISTERED_LEVEL_Z,MIS,CURRENT_WITH_XY_WATCH,Core/column-axis role only; never substitutes beam-face nodes. Section source=STOREY_SUPPORT_SECTIONS_G3_v1.csv.
M0G-C-G3-32,G3,SUPPORT_CORE,32,,,,,-4.7000,15.2000,6.4000,40,40,DOC,DOC_METRIC_OR_AXIS,DOC+RIF,DOC,CURRENT_SUPPORT_CENTER_PLUS_REGISTERED_LEVEL_Z,MIS,CURRENT_WITH_XY_WATCH,Core/column-axis role only; never substitutes beam-face nodes. Section source=STOREY_SUPPORT_SECTIONS_G3_v1.csv.
M0G-C-G3-33,G3,SUPPORT_CORE,33,,,,,-4.7000,20.1500,6.4000,40,40,DOC,DOC_METRIC_OR_AXIS,DOC+RIF,DOC,CURRENT_SUPPORT_CENTER_PLUS_REGISTERED_LEVEL_Z,MIS,CURRENT_WITH_XY_WATCH,Core/column-axis role only; never substitutes beam-face nodes. Section source=STOREY_SUPPORT_SECTIONS_G3_v1.csv.
M0G-C-G4-1,G4,SUPPORT_CORE,1,,,,,18.0000,0.0000,9.6000,40,40,DOC,DOC_METRIC_OR_AXIS,DOC+RIF,DOC,CURRENT_SUPPORT_CENTER_PLUS_REGISTERED_LEVEL_Z,MIS,CURRENT_WITH_XY_WATCH,Core/column-axis role only; never substitutes beam-face nodes. Section source=STOREY_SUPPORT_SECTIONS_G4_v1.csv.
M0G-C-G4-2,G4,SUPPORT_CORE,2,,,,,18.0000,4.7000,9.6000,40,40,DOC,DOC_METRIC_OR_AXIS,DOC+RIF,DOC,CURRENT_SUPPORT_CENTER_PLUS_REGISTERED_LEVEL_Z,MIS,CURRENT_WITH_XY_WATCH,Core/column-axis role only; never substitutes beam-face nodes. Section source=STOREY_SUPPORT_SECTIONS_G4_v1.csv.
M0G-C-G4-3,G4,SUPPORT_CORE,3,,,,,18.0000,9.8000,9.6000,40,40,DOC,DOC_METRIC_OR_AXIS,DOC+RIF,DOC,CURRENT_SUPPORT_CENTER_PLUS_REGISTERED_LEVEL_Z,MIS,CURRENT_WITH_XY_WATCH,Core/column-axis role only; never substitutes beam-face nodes. Section source=STOREY_SUPPORT_SECTIONS_G4_v1.csv.
M0G-C-G4-4,G4,SUPPORT_CORE,4,,,,,18.0000,13.9500,9.6000,40,40,DOC,DOC_METRIC_OR_AXIS,DOC+RIF,DOC,CURRENT_SUPPORT_CENTER_PLUS_REGISTERED_LEVEL_Z,MIS,CURRENT_WITH_XY_WATCH,Core/column-axis role only; never substitutes beam-face nodes. Section source=STOREY_SUPPORT_SECTIONS_G4_v1.csv.
M0G-C-G4-5,G4,SUPPORT_CORE,5,,,,,16.1000,13.9500,9.6000,40,40,DOC,DOC_METRIC_OR_AXIS,DOC+RIF,DOC,CURRENT_SUPPORT_CENTER_PLUS_REGISTERED_LEVEL_Z,MIS,CURRENT_WITH_XY_WATCH,Core/column-axis role only; never substitutes beam-face nodes. Section source=STOREY_SUPPORT_SECTIONS_G4_v1.csv.
M0G-C-G4-6,G4,SUPPORT_CORE,6,,,,,16.1000,18.1000,9.6000,40,40,DOC,DOC_METRIC_OR_AXIS,DOC+RIF,DOC,CURRENT_SUPPORT_CENTER_PLUS_REGISTERED_LEVEL_Z,MIS,CURRENT_WITH_XY_WATCH,Core/column-axis role only; never substitutes beam-face nodes. Section source=STOREY_SUPPORT_SECTIONS_G4_v1.csv.
M0G-C-G4-7,G4,SUPPORT_CORE,7,,,,,16.1000,23.4000,9.6000,40,40,DOC,DOC_METRIC_OR_AXIS,DOC+RIF,DOC,CURRENT_SUPPORT_CENTER_PLUS_REGISTERED_LEVEL_Z,MIS,CURRENT_WITH_XY_WATCH,Core/column-axis role only; never substitutes beam-face nodes. Section source=STOREY_SUPPORT_SECTIONS_G4_v1.csv.
M0G-C-G4-8,G4,SUPPORT_CORE,8,,,,,16.1000,28.1000,9.6000,40,40,DOC,DOC_METRIC_OR_AXIS,DOC+RIF,DOC,CURRENT_SUPPORT_CENTER_PLUS_REGISTERED_LEVEL_Z,MIS,CURRENT_WITH_XY_WATCH,Core/column-axis role only; never substitutes beam-face nodes. Section source=STOREY_SUPPORT_SECTIONS_G4_v1.csv.
M0G-C-G4-9,G4,SUPPORT_CORE,9,,,,,12.4000,0.0000,9.6000,40,40,DOC,DOC_METRIC_OR_AXIS,DOC+RIF,DOC,CURRENT_SUPPORT_CENTER_PLUS_REGISTERED_LEVEL_Z,MIS,CURRENT_WITH_XY_WATCH,Core/column-axis role only; never substitutes beam-face nodes. Section source=STOREY_SUPPORT_SECTIONS_G4_v1.csv.
M0G-C-G4-10,G4,SUPPORT_CORE,10,,,,,12.4000,4.7000,9.6000,45,30,DOC,DOC_METRIC_OR_AXIS,DOC+RIF,DOC,CURRENT_SUPPORT_CENTER_PLUS_REGISTERED_LEVEL_Z,MIS,CURRENT_WITH_XY_WATCH,Core/column-axis role only; never substitutes beam-face nodes. Section source=STOREY_SUPPORT_SECTIONS_G4_v1.csv.
M0G-C-G4-11,G4,SUPPORT_CORE,11,,,,,12.4000,9.8000,9.6000,45,30,DOC,DOC_METRIC_OR_AXIS,DOC+RIF,DOC,CURRENT_SUPPORT_CENTER_PLUS_REGISTERED_LEVEL_Z,MIS,CURRENT_WITH_XY_WATCH,Core/column-axis role only; never substitutes beam-face nodes. Section source=STOREY_SUPPORT_SECTIONS_G4_v1.csv.
M0G-C-G4-12,G4,SUPPORT_CORE,12,,,,,12.4000,13.0725,9.6000,30,45,DOC,MIS_AFFINE,DOC+RIF,DOC,CURRENT_SUPPORT_CENTER_PLUS_REGISTERED_LEVEL_Z,MIS,CURRENT_WITH_XY_WATCH,Core/column-axis role only; never substitutes beam-face nodes. Section source=STOREY_SUPPORT_SECTIONS_G4_v1.csv.
M0G-C-G4-13,G4,SUPPORT_CORE,13,,,,,11.4500,15.2000,9.6000,45,30,DOC,DOC_METRIC_OR_AXIS,DOC+RIF,DOC,CURRENT_SUPPORT_CENTER_PLUS_REGISTERED_LEVEL_Z,MIS,CURRENT_WITH_XY_WATCH,Core/column-axis role only; never substitutes beam-face nodes. Section source=STOREY_SUPPORT_SECTIONS_G4_v1.csv.
M0G-C-G4-14,G4,SUPPORT_CORE,14,,,,,11.4500,18.1000,9.6000,45,30,DOC,DOC_METRIC_OR_AXIS,DOC+RIF,DOC,CURRENT_SUPPORT_CENTER_PLUS_REGISTERED_LEVEL_Z,MIS,CURRENT_WITH_XY_WATCH,Core/column-axis role only; never substitutes beam-face nodes. Section source=STOREY_SUPPORT_SECTIONS_G4_v1.csv.
M0G-C-G4-15,G4,SUPPORT_CORE,15,,,,,11.4500,23.4000,9.6000,45,30,DOC,DOC_METRIC_OR_AXIS,DOC+RIF,DOC,CURRENT_SUPPORT_CENTER_PLUS_REGISTERED_LEVEL_Z,MIS,CURRENT_WITH_XY_WATCH,Core/column-axis role only; never substitutes beam-face nodes. Section source=STOREY_SUPPORT_SECTIONS_G4_v1.csv.
M0G-C-G4-16,G4,SUPPORT_CORE,16,,,,,11.4500,28.1000,9.6000,40,40,DOC,DOC_METRIC_OR_AXIS,DOC+RIF,DOC,CURRENT_SUPPORT_CENTER_PLUS_REGISTERED_LEVEL_Z,MIS,CURRENT_WITH_XY_WATCH,Core/column-axis role only; never substitutes beam-face nodes. Section source=STOREY_SUPPORT_SECTIONS_G4_v1.csv.
M0G-C-G4-17,G4,SUPPORT_CORE,17,,,,,6.9000,0.0000,9.6000,40,40,DOC,DOC_METRIC_OR_AXIS,DOC+RIF,DOC,CURRENT_SUPPORT_CENTER_PLUS_REGISTERED_LEVEL_Z,MIS,CURRENT_WITH_XY_WATCH,Core/column-axis role only; never substitutes beam-face nodes. Section source=STOREY_SUPPORT_SECTIONS_G4_v1.csv.
M0G-C-G4-18,G4,SUPPORT_CORE,18,,,,,7.2240,4.7000,9.6000,30,110,DOC,MIS_AFFINE_EXTENDED,DOC+RIF,DOC,CURRENT_SUPPORT_CENTER_PLUS_REGISTERED_LEVEL_Z,MIS,CURRENT_WITH_XY_WATCH,Core/column-axis role only; never substitutes beam-face nodes. Section source=STOREY_SUPPORT_SECTIONS_G4_v1.csv.
M0G-C-G4-19,G4,SUPPORT_CORE,19,,,,,7.6318,8.9500,9.6000,40,40,DOC,MIS_AFFINE_WATCH,DOC+RIF,DOC,CURRENT_SUPPORT_CENTER_PLUS_REGISTERED_LEVEL_Z,MIS,CURRENT_WITH_XY_WATCH,Core/column-axis role only; never substitutes beam-face nodes. Section source=STOREY_SUPPORT_SECTIONS_G4_v1.csv.
M0G-C-G4-20,G4,SUPPORT_CORE,20,,,,,7.6318,9.8000,9.6000,40,40,DOC,MIS_AFFINE_WATCH,DOC+RIF,DOC,CURRENT_SUPPORT_CENTER_PLUS_REGISTERED_LEVEL_Z,MIS,CURRENT_WITH_XY_WATCH,Core/column-axis role only; never substitutes beam-face nodes. Section source=STOREY_SUPPORT_SECTIONS_G4_v1.csv.
M0G-C-G4-21,G4,SUPPORT_CORE,21,,,,,5.5500,15.2000,9.6000,30,45,DOC,SUPPORTED_REFERENCE_REBOUND,DOC+RIF,DOC,CURRENT_SUPPORT_CENTER_PLUS_REGISTERED_LEVEL_Z,MIS,CURRENT_WITH_XY_WATCH,Core/column-axis role only; never substitutes beam-face nodes. Section source=STOREY_SUPPORT_SECTIONS_G4_v1.csv.
M0G-C-G4-22,G4,SUPPORT_CORE,22,,,,,5.5500,18.1000,9.6000,30,45,DOC,SUPPORTED_REFERENCE_REBOUND,DOC+RIF,DOC,CURRENT_SUPPORT_CENTER_PLUS_REGISTERED_LEVEL_Z,MIS,CURRENT_WITH_XY_WATCH,Core/column-axis role only; never substitutes beam-face nodes. Section source=STOREY_SUPPORT_SECTIONS_G4_v1.csv.
M0G-C-G4-22PRIME,G4,SUPPORT_CORE,22',,,,,5.5500,19.2800,9.6000,40,40,DOC,SUPPORTED_REFERENCE_PLUS_MIS,DOC+RIF,DOC,CURRENT_SUPPORT_CENTER_PLUS_REGISTERED_LEVEL_Z,MIS,CURRENT_WITH_XY_WATCH,Core/column-axis role only; never substitutes beam-face nodes. Section source=STOREY_SUPPORT_SECTIONS_G4_v1.csv.
M0G-C-G4-23,G4,SUPPORT_CORE,23,,,,,5.2289,23.4000,9.6000,30,110,DOC,MIS_AFFINE_EXTENDED,DOC+RIF,DOC,CURRENT_SUPPORT_CENTER_PLUS_REGISTERED_LEVEL_Z,MIS,CURRENT_WITH_XY_WATCH,Core/column-axis role only; never substitutes beam-face nodes. Section source=STOREY_SUPPORT_SECTIONS_G4_v1.csv.
M0G-C-G4-24,G4,SUPPORT_CORE,24,,,,,5.0000,28.1000,9.6000,40,40,DOC,DOC_METRIC_OR_AXIS,DOC+RIF,DOC,CURRENT_SUPPORT_CENTER_PLUS_REGISTERED_LEVEL_Z,MIS,CURRENT_WITH_XY_WATCH,Core/column-axis role only; never substitutes beam-face nodes. Section source=STOREY_SUPPORT_SECTIONS_G4_v1.csv.
M0G-C-G4-25,G4,SUPPORT_CORE,25,,,,,3.4500,8.9500,9.6000,40,40,DOC,DOC_METRIC_OR_AXIS,DOC+RIF,DOC,CURRENT_SUPPORT_CENTER_PLUS_REGISTERED_LEVEL_Z,MIS,CURRENT_WITH_XY_WATCH,Core/column-axis role only; never substitutes beam-face nodes. Section source=STOREY_SUPPORT_SECTIONS_G4_v1.csv.
M0G-C-G4-26,G4,SUPPORT_CORE,26,,,,,3.4500,15.2000,9.6000,30,45,DOC,DOC_METRIC_OR_AXIS,DOC+RIF,DOC,CURRENT_SUPPORT_CENTER_PLUS_REGISTERED_LEVEL_Z,MIS,CURRENT_WITH_XY_WATCH,Core/column-axis role only; never substitutes beam-face nodes. Section source=STOREY_SUPPORT_SECTIONS_G4_v1.csv.
M0G-C-G4-27,G4,SUPPORT_CORE,27,,,,,3.4500,19.2800,9.6000,40,40,DOC,SUPPORTED_MIS_SHARED_ROW,DOC+RIF,DOC,CURRENT_SUPPORT_CENTER_PLUS_REGISTERED_LEVEL_Z,MIS,CURRENT_WITH_XY_WATCH,Core/column-axis role only; never substitutes beam-face nodes. Section source=STOREY_SUPPORT_SECTIONS_G4_v1.csv.
M0G-C-G4-28,G4,SUPPORT_CORE,28,,,,,0.0000,8.9500,9.6000,40,40,DOC,DOC_METRIC_OR_AXIS,DOC+RIF,DOC,CURRENT_SUPPORT_CENTER_PLUS_REGISTERED_LEVEL_Z,MIS,CURRENT_WITH_XY_WATCH,Core/column-axis role only; never substitutes beam-face nodes. Section source=STOREY_SUPPORT_SECTIONS_G4_v1.csv.
M0G-C-G4-29,G4,SUPPORT_CORE,29,,,,,0.0000,15.2000,9.6000,30,45,DOC,DOC_METRIC_OR_AXIS,DOC+RIF,DOC,CURRENT_SUPPORT_CENTER_PLUS_REGISTERED_LEVEL_Z,MIS,CURRENT_WITH_XY_WATCH,Core/column-axis role only; never substitutes beam-face nodes. Section source=STOREY_SUPPORT_SECTIONS_G4_v1.csv.
M0G-C-G4-30,G4,SUPPORT_CORE,30,,,,,0.0000,19.7334,9.6000,110,30,DOC,SUPPORTED_REFERENCE_PLUS_MIS_EXTENDED,DOC+RIF,DOC,CURRENT_SUPPORT_CENTER_PLUS_REGISTERED_LEVEL_Z,MIS,CURRENT_WITH_XY_WATCH,Core/column-axis role only; never substitutes beam-face nodes. Section source=STOREY_SUPPORT_SECTIONS_G4_v1.csv.
M0G-C-G4-31,G4,SUPPORT_CORE,31,,,,,-4.7000,8.9500,9.6000,40,40,DOC,DOC_METRIC_OR_AXIS,DOC+RIF,DOC,CURRENT_SUPPORT_CENTER_PLUS_REGISTERED_LEVEL_Z,MIS,CURRENT_WITH_XY_WATCH,Core/column-axis role only; never substitutes beam-face nodes. Section source=STOREY_SUPPORT_SECTIONS_G4_v1.csv.
M0G-C-G4-32,G4,SUPPORT_CORE,32,,,,,-4.7000,15.2000,9.6000,40,40,DOC,DOC_METRIC_OR_AXIS,DOC+RIF,DOC,CURRENT_SUPPORT_CENTER_PLUS_REGISTERED_LEVEL_Z,MIS,CURRENT_WITH_XY_WATCH,Core/column-axis role only; never substitutes beam-face nodes. Section source=STOREY_SUPPORT_SECTIONS_G4_v1.csv.
M0G-C-G4-33,G4,SUPPORT_CORE,33,,,,,-4.7000,20.1500,9.6000,40,40,DOC,DOC_METRIC_OR_AXIS,DOC+RIF,DOC,CURRENT_SUPPORT_CENTER_PLUS_REGISTERED_LEVEL_Z,MIS,CURRENT_WITH_XY_WATCH,Core/column-axis role only; never substitutes beam-face nodes. Section source=STOREY_SUPPORT_SECTIONS_G4_v1.csv.
M0G-C-G5-2,G5,SUPPORT_CORE,2,,,,,18.0000,4.7000,11.8000,40,40,DOC,DOC_METRIC_OR_AXIS,DOC,DOC,CURRENT_SUPPORT_CENTER_PLUS_REGISTERED_LEVEL_Z,MIS,CURRENT_WITH_XY_WATCH,Core/column-axis role only; never substitutes beam-face nodes. Section source=STOREY_SUPPORT_SECTIONS_G5_v1.csv.
M0G-C-G5-3,G5,SUPPORT_CORE,3,,,,,18.0000,9.8000,11.8000,40,40,DOC,DOC_METRIC_OR_AXIS,DOC,DOC,CURRENT_SUPPORT_CENTER_PLUS_REGISTERED_LEVEL_Z,MIS,CURRENT_WITH_XY_WATCH,Core/column-axis role only; never substitutes beam-face nodes. Section source=STOREY_SUPPORT_SECTIONS_G5_v1.csv.
M0G-C-G5-4,G5,SUPPORT_CORE,4,,,,,18.0000,13.9500,11.8000,40,40,DOC,DOC_METRIC_OR_AXIS,DOC,DOC,CURRENT_SUPPORT_CENTER_PLUS_REGISTERED_LEVEL_Z,MIS,CURRENT_WITH_XY_WATCH,Core/column-axis role only; never substitutes beam-face nodes. Section source=STOREY_SUPPORT_SECTIONS_G5_v1.csv.
M0G-C-G5-5,G5,SUPPORT_CORE,5,,,,,16.1000,13.9500,11.8000,40,40,DOC,DOC_METRIC_OR_AXIS,DOC,DOC,CURRENT_SUPPORT_CENTER_PLUS_REGISTERED_LEVEL_Z,MIS,CURRENT_WITH_XY_WATCH,Core/column-axis role only; never substitutes beam-face nodes. Section source=STOREY_SUPPORT_SECTIONS_G5_v1.csv.
M0G-C-G5-6,G5,SUPPORT_CORE,6,,,,,16.1000,18.1000,11.8000,40,40,DOC,DOC_METRIC_OR_AXIS,DOC,DOC,CURRENT_SUPPORT_CENTER_PLUS_REGISTERED_LEVEL_Z,MIS,CURRENT_WITH_XY_WATCH,Core/column-axis role only; never substitutes beam-face nodes. Section source=STOREY_SUPPORT_SECTIONS_G5_v1.csv.
M0G-C-G5-7,G5,SUPPORT_CORE,7,,,,,16.1000,23.4000,11.8000,40,40,DOC,DOC_METRIC_OR_AXIS,DOC,DOC,CURRENT_SUPPORT_CENTER_PLUS_REGISTERED_LEVEL_Z,MIS,CURRENT_WITH_XY_WATCH,Core/column-axis role only; never substitutes beam-face nodes. Section source=STOREY_SUPPORT_SECTIONS_G5_v1.csv.
M0G-C-G5-10,G5,SUPPORT_CORE,10,,,,,12.4000,4.7000,11.8000,30,40,DOC,DOC_METRIC_OR_AXIS,DOC,DOC,CURRENT_SUPPORT_CENTER_PLUS_REGISTERED_LEVEL_Z,MIS,CURRENT_WITH_XY_WATCH,Core/column-axis role only; never substitutes beam-face nodes. Section source=STOREY_SUPPORT_SECTIONS_G5_v1.csv.
M0G-C-G5-11,G5,SUPPORT_CORE,11,,,,,12.4000,9.8000,11.8000,30,40,DOC,DOC_METRIC_OR_AXIS,DOC,DOC,CURRENT_SUPPORT_CENTER_PLUS_REGISTERED_LEVEL_Z,MIS,CURRENT_WITH_XY_WATCH,Core/column-axis role only; never substitutes beam-face nodes. Section source=STOREY_SUPPORT_SECTIONS_G5_v1.csv.
M0G-C-G5-12,G5,SUPPORT_CORE,12,,,,,12.4000,13.0725,11.8000,30,40,DOC,MIS_AFFINE,DOC,DOC,CURRENT_SUPPORT_CENTER_PLUS_REGISTERED_LEVEL_Z,MIS,CURRENT_WITH_XY_WATCH,Core/column-axis role only; never substitutes beam-face nodes. Section source=STOREY_SUPPORT_SECTIONS_G5_v1.csv.
M0G-C-G5-13,G5,SUPPORT_CORE,13,,,,,11.4500,15.2000,11.8000,30,40,DOC,DOC_METRIC_OR_AXIS,DOC,DOC,CURRENT_SUPPORT_CENTER_PLUS_REGISTERED_LEVEL_Z,MIS,CURRENT_WITH_XY_WATCH,Core/column-axis role only; never substitutes beam-face nodes. Section source=STOREY_SUPPORT_SECTIONS_G5_v1.csv.
M0G-C-G5-14,G5,SUPPORT_CORE,14,,,,,11.4500,18.1000,11.8000,30,40,DOC,DOC_METRIC_OR_AXIS,DOC,DOC,CURRENT_SUPPORT_CENTER_PLUS_REGISTERED_LEVEL_Z,MIS,CURRENT_WITH_XY_WATCH,Core/column-axis role only; never substitutes beam-face nodes. Section source=STOREY_SUPPORT_SECTIONS_G5_v1.csv.
M0G-C-G5-15,G5,SUPPORT_CORE,15,,,,,11.4500,23.4000,11.8000,30,40,DOC,DOC_METRIC_OR_AXIS,DOC,DOC,CURRENT_SUPPORT_CENTER_PLUS_REGISTERED_LEVEL_Z,MIS,CURRENT_WITH_XY_WATCH,Core/column-axis role only; never substitutes beam-face nodes. Section source=STOREY_SUPPORT_SECTIONS_G5_v1.csv.
M0G-C-G5-18,G5,SUPPORT_CORE,18,,,,,7.2240,4.7000,11.8000,30,40,DOC,MIS_AFFINE_EXTENDED,DOC,DOC,CURRENT_SUPPORT_CENTER_PLUS_REGISTERED_LEVEL_Z,MIS,CURRENT_WITH_XY_WATCH,Core/column-axis role only; never substitutes beam-face nodes. Section source=STOREY_SUPPORT_SECTIONS_G5_v1.csv.
M0G-C-G5-19,G5,SUPPORT_CORE,19,,,,,7.6318,8.9500,11.8000,40,40,DOC,MIS_AFFINE_WATCH,DOC,DOC,CURRENT_SUPPORT_CENTER_PLUS_REGISTERED_LEVEL_Z,MIS,CURRENT_WITH_XY_WATCH,Core/column-axis role only; never substitutes beam-face nodes. Section source=STOREY_SUPPORT_SECTIONS_G5_v1.csv.
M0G-C-G5-20,G5,SUPPORT_CORE,20,,,,,7.6318,9.8000,11.8000,40,40,DOC,MIS_AFFINE_WATCH,DOC,DOC,CURRENT_SUPPORT_CENTER_PLUS_REGISTERED_LEVEL_Z,MIS,CURRENT_WITH_XY_WATCH,Core/column-axis role only; never substitutes beam-face nodes. Section source=STOREY_SUPPORT_SECTIONS_G5_v1.csv.
M0G-C-G5-21,G5,SUPPORT_CORE,21,,,,,5.5500,15.2000,11.8000,30,40,DOC,SUPPORTED_REFERENCE_REBOUND,DOC,DOC,CURRENT_SUPPORT_CENTER_PLUS_REGISTERED_LEVEL_Z,MIS,CURRENT_WITH_XY_WATCH,Core/column-axis role only; never substitutes beam-face nodes. Section source=STOREY_SUPPORT_SECTIONS_G5_v1.csv.
M0G-C-G5-22,G5,SUPPORT_CORE,22,,,,,5.5500,18.1000,11.8000,40,40,DOC,SUPPORTED_REFERENCE_REBOUND,DOC,DOC,CURRENT_SUPPORT_CENTER_PLUS_REGISTERED_LEVEL_Z,MIS,CURRENT_WITH_XY_WATCH,Core/column-axis role only; never substitutes beam-face nodes. Section source=STOREY_SUPPORT_SECTIONS_G5_v1.csv.
M0G-C-G5-22PRIME,G5,SUPPORT_CORE,22',,,,,5.5500,19.2800,11.8000,40,40,DOC,SUPPORTED_REFERENCE_PLUS_MIS,DOC,DOC,CURRENT_SUPPORT_CENTER_PLUS_REGISTERED_LEVEL_Z,MIS,CURRENT_WITH_XY_WATCH,Core/column-axis role only; never substitutes beam-face nodes. Section source=STOREY_SUPPORT_SECTIONS_G5_v1.csv.
M0G-C-G5-23,G5,SUPPORT_CORE,23,,,,,5.2289,23.4000,11.8000,30,40,DOC,MIS_AFFINE_EXTENDED,DOC,DOC,CURRENT_SUPPORT_CENTER_PLUS_REGISTERED_LEVEL_Z,MIS,CURRENT_WITH_XY_WATCH,Core/column-axis role only; never substitutes beam-face nodes. Section source=STOREY_SUPPORT_SECTIONS_G5_v1.csv.
M0G-C-G5-25,G5,SUPPORT_CORE,25,,,,,3.4500,8.9500,11.8000,40,40,DOC,DOC_METRIC_OR_AXIS,DOC,DOC,CURRENT_SUPPORT_CENTER_PLUS_REGISTERED_LEVEL_Z,MIS,CURRENT_WITH_XY_WATCH,Core/column-axis role only; never substitutes beam-face nodes. Section source=STOREY_SUPPORT_SECTIONS_G5_v1.csv.
M0G-C-G5-26,G5,SUPPORT_CORE,26,,,,,3.4500,15.2000,11.8000,30,40,DOC,DOC_METRIC_OR_AXIS,DOC,DOC,CURRENT_SUPPORT_CENTER_PLUS_REGISTERED_LEVEL_Z,MIS,CURRENT_WITH_XY_WATCH,Core/column-axis role only; never substitutes beam-face nodes. Section source=STOREY_SUPPORT_SECTIONS_G5_v1.csv.
M0G-C-G5-27,G5,SUPPORT_CORE,27,,,,,3.4500,19.2800,11.8000,40,40,DOC,SUPPORTED_MIS_SHARED_ROW,DOC,DOC,CURRENT_SUPPORT_CENTER_PLUS_REGISTERED_LEVEL_Z,MIS,CURRENT_WITH_XY_WATCH,Core/column-axis role only; never substitutes beam-face nodes. Section source=STOREY_SUPPORT_SECTIONS_G5_v1.csv.
M0G-C-G5-28,G5,SUPPORT_CORE,28,,,,,0.0000,8.9500,11.8000,40,40,DOC,DOC_METRIC_OR_AXIS,DOC,DOC,CURRENT_SUPPORT_CENTER_PLUS_REGISTERED_LEVEL_Z,MIS,CURRENT_WITH_XY_WATCH,Core/column-axis role only; never substitutes beam-face nodes. Section source=STOREY_SUPPORT_SECTIONS_G5_v1.csv.
M0G-C-G5-29,G5,SUPPORT_CORE,29,,,,,0.0000,15.2000,11.8000,30,40,DOC,DOC_METRIC_OR_AXIS,DOC,DOC,CURRENT_SUPPORT_CENTER_PLUS_REGISTERED_LEVEL_Z,MIS,CURRENT_WITH_XY_WATCH,Core/column-axis role only; never substitutes beam-face nodes. Section source=STOREY_SUPPORT_SECTIONS_G5_v1.csv.
M0G-C-G5-30,G5,SUPPORT_CORE,30,,,,,0.0000,19.7334,11.8000,30,40,DOC,SUPPORTED_REFERENCE_PLUS_MIS_EXTENDED,DOC,DOC,CURRENT_SUPPORT_CENTER_PLUS_REGISTERED_LEVEL_Z,MIS,CURRENT_WITH_XY_WATCH,Core/column-axis role only; never substitutes beam-face nodes. Section source=STOREY_SUPPORT_SECTIONS_G5_v1.csv.
M0G-F-G1-AN-001,G1,BEAM_SUPPORT_FACE,c,AN-001,B-001,SOURCE_CURRENT_PT,EAST,0.1500,0.0000,0.0000,30,30,DOC,DOC_METRIC_OR_AXIS,DOC,DOC,REUSED_CURRENT_PT_BEAM_FACE_NODE,INF,PASS,Exact current PT analytical face-node coordinates; no centroid substitution.
M0G-F-G1-AN-002,G1,BEAM_SUPPORT_FACE,a,AN-002,B-001,SOURCE_CURRENT_PT,WEST,3.3000,0.0000,0.0000,30,30,DOC,DOC_METRIC_OR_AXIS,DOC,DOC,REUSED_CURRENT_PT_BEAM_FACE_NODE,INF,PASS,Exact current PT analytical face-node coordinates; no centroid substitution.
M0G-F-G1-AN-003,G1,BEAM_SUPPORT_FACE,a,AN-003,B-002,SOURCE_CURRENT_PT,EAST,3.6000,0.0000,0.0000,30,30,DOC,DOC_METRIC_OR_AXIS,DOC,DOC,REUSED_CURRENT_PT_BEAM_FACE_NODE,INF,PASS,Exact current PT analytical face-node coordinates; no centroid substitution.
M0G-F-G1-AN-004,G1,BEAM_SUPPORT_FACE,17,AN-004,B-002,SOURCE_CURRENT_PT,WEST,6.6500,0.0000,0.0000,50,40,DOC,DOC_METRIC_OR_AXIS,DOC,DOC,REUSED_CURRENT_PT_BEAM_FACE_NODE,INF,PASS,Exact current PT analytical face-node coordinates; no centroid substitution.
M0G-F-G1-AN-005,G1,BEAM_SUPPORT_FACE,17,AN-005,B-003,SOURCE_CURRENT_PT,EAST,7.1500,0.0000,0.0000,50,40,DOC,DOC_METRIC_OR_AXIS,DOC,DOC,REUSED_CURRENT_PT_BEAM_FACE_NODE,INF,PASS,Exact current PT analytical face-node coordinates; no centroid substitution.
M0G-F-G1-AN-006,G1,BEAM_SUPPORT_FACE,9,AN-006,B-003,SOURCE_CURRENT_PT,WEST,12.2000,0.0000,0.0000,40,50,DOC,DOC_METRIC_OR_AXIS,DOC,DOC,REUSED_CURRENT_PT_BEAM_FACE_NODE,INF,PASS,Exact current PT analytical face-node coordinates; no centroid substitution.
M0G-F-G1-AN-007,G1,BEAM_SUPPORT_FACE,9,AN-007,B-004,SOURCE_CURRENT_PT,EAST,12.6000,0.0000,0.0000,40,50,DOC,DOC_METRIC_OR_AXIS,DOC,DOC,REUSED_CURRENT_PT_BEAM_FACE_NODE,INF,PASS,Exact current PT analytical face-node coordinates; no centroid substitution.
M0G-F-G1-AN-008,G1,BEAM_SUPPORT_FACE,1,AN-008,B-004,SOURCE_CURRENT_PT,WEST,17.8000,0.0000,0.0000,40,50,DOC,DOC_METRIC_OR_AXIS,DOC,DOC,REUSED_CURRENT_PT_BEAM_FACE_NODE,INF,PASS,Exact current PT analytical face-node coordinates; no centroid substitution.
M0G-F-G1-AN-009,G1,BEAM_SUPPORT_FACE,d,AN-009,B-005,SOURCE_CURRENT_PT,EAST,0.1500,4.7000,0.0000,30,30,DOC,DOC_METRIC_OR_AXIS,DOC,DOC,REUSED_CURRENT_PT_BEAM_FACE_NODE,INF,PASS,Exact current PT analytical face-node coordinates; no centroid substitution.
M0G-F-G1-AN-010,G1,BEAM_SUPPORT_FACE,b,AN-010,B-005,SOURCE_CURRENT_PT,WEST,3.3000,4.7000,0.0000,30,30,DOC,DOC_METRIC_OR_AXIS,DOC,DOC,REUSED_CURRENT_PT_BEAM_FACE_NODE,INF,PASS,Exact current PT analytical face-node coordinates; no centroid substitution.
M0G-F-G1-AN-011,G1,BEAM_SUPPORT_FACE,b,AN-011,B-006,SOURCE_CURRENT_PT,EAST,3.6000,4.7000,0.0000,30,30,DOC,DOC_METRIC_OR_AXIS,DOC,DOC,REUSED_CURRENT_PT_BEAM_FACE_NODE,INF,WATCH,Exact current PT analytical face-node coordinates; no centroid substitution.
M0G-F-G1-AN-012,G1,BEAM_SUPPORT_FACE,18,AN-012,B-006,SOURCE_CURRENT_PT,WEST,6.6740,4.7000,0.0000,110,30,DOC,MIS_AFFINE_EXTENDED,DOC,DOC,REUSED_CURRENT_PT_BEAM_FACE_NODE,INF,WATCH,Exact current PT analytical face-node coordinates; no centroid substitution.
M0G-F-G1-AN-013,G1,BEAM_SUPPORT_FACE,1,AN-013,B-007,SOURCE_CURRENT_PT,SOUTH,18.0000,0.2500,0.0000,40,50,DOC,DOC_METRIC_OR_AXIS,DOC,DOC,REUSED_CURRENT_PT_BEAM_FACE_NODE,INF,PASS,Exact current PT analytical face-node coordinates; no centroid substitution.
M0G-F-G1-AN-014,G1,BEAM_SUPPORT_FACE,2,AN-014,B-007,SOURCE_CURRENT_PT,NORTH,18.0000,4.5000,0.0000,50,40,DOC,DOC_METRIC_OR_AXIS,DOC,DOC,REUSED_CURRENT_PT_BEAM_FACE_NODE,INF,PASS,Exact current PT analytical face-node coordinates; no centroid substitution.
M0G-F-G1-AN-015,G1,BEAM_SUPPORT_FACE,2,AN-015,B-008,SOURCE_CURRENT_PT,SOUTH,18.0000,4.9000,0.0000,50,40,DOC,DOC_METRIC_OR_AXIS,DOC,DOC,REUSED_CURRENT_PT_BEAM_FACE_NODE,INF,PASS,Exact current PT analytical face-node coordinates; no centroid substitution.
M0G-F-G1-AN-016,G1,BEAM_SUPPORT_FACE,3,AN-016,B-008,SOURCE_CURRENT_PT,NORTH,18.0000,9.6000,0.0000,60,40,DOC,DOC_METRIC_OR_AXIS,DOC,DOC,REUSED_CURRENT_PT_BEAM_FACE_NODE,INF,PASS,Exact current PT analytical face-node coordinates; no centroid substitution.
M0G-F-G1-AN-017,G1,BEAM_SUPPORT_FACE,3,AN-017,B-009,SOURCE_CURRENT_PT,SOUTH,18.0000,10.0000,0.0000,60,40,DOC,DOC_METRIC_OR_AXIS,DOC,DOC,REUSED_CURRENT_PT_BEAM_FACE_NODE,INF,PASS,Exact current PT analytical face-node coordinates; no centroid substitution.
M0G-F-G1-AN-018,G1,BEAM_SUPPORT_FACE,4,AN-018,B-009,SOURCE_CURRENT_PT,NORTH,18.0000,13.7000,0.0000,40,50,DOC,DOC_METRIC_OR_AXIS,DOC,DOC,REUSED_CURRENT_PT_BEAM_FACE_NODE,INF,PASS,Exact current PT analytical face-node coordinates; no centroid substitution.
M0G-F-G1-AN-019,G1,BEAM_SUPPORT_FACE,5,AN-019,B-010,SOURCE_CURRENT_PT,SOUTH,16.1000,14.2000,0.0000,40,50,DOC,DOC_METRIC_OR_AXIS,DOC,DOC,REUSED_CURRENT_PT_BEAM_FACE_NODE,INF,PASS,Exact current PT analytical face-node coordinates; no centroid substitution.
M0G-F-G1-AN-020,G1,BEAM_SUPPORT_FACE,6,AN-020,B-010,SOURCE_CURRENT_PT,NORTH,16.1000,17.9000,0.0000,50,40,DOC,DOC_METRIC_OR_AXIS,DOC,DOC,REUSED_CURRENT_PT_BEAM_FACE_NODE,INF,PASS,Exact current PT analytical face-node coordinates; no centroid substitution.
M0G-F-G1-AN-021,G1,BEAM_SUPPORT_FACE,6,AN-021,B-011,SOURCE_CURRENT_PT,SOUTH,16.1000,18.3000,0.0000,50,40,DOC,DOC_METRIC_OR_AXIS,DOC,DOC,REUSED_CURRENT_PT_BEAM_FACE_NODE,INF,PASS,Exact current PT analytical face-node coordinates; no centroid substitution.
M0G-F-G1-AN-022,G1,BEAM_SUPPORT_FACE,7,AN-022,B-011,SOURCE_CURRENT_PT,NORTH,16.1000,23.2000,0.0000,50,40,DOC,DOC_METRIC_OR_AXIS,DOC,DOC,REUSED_CURRENT_PT_BEAM_FACE_NODE,INF,PASS,Exact current PT analytical face-node coordinates; no centroid substitution.
M0G-F-G1-AN-023,G1,BEAM_SUPPORT_FACE,7,AN-023,B-012,SOURCE_CURRENT_PT,SOUTH,16.1000,23.6000,0.0000,50,40,DOC,DOC_METRIC_OR_AXIS,DOC,DOC,REUSED_CURRENT_PT_BEAM_FACE_NODE,INF,PASS,Exact current PT analytical face-node coordinates; no centroid substitution.
M0G-F-G1-AN-024,G1,BEAM_SUPPORT_FACE,8,AN-024,B-012,SOURCE_CURRENT_PT,NORTH,16.1000,27.8500,0.0000,40,50,DOC,DOC_METRIC_OR_AXIS,DOC,DOC,REUSED_CURRENT_PT_BEAM_FACE_NODE,INF,PASS,Exact current PT analytical face-node coordinates; no centroid substitution.
M0G-F-G1-AN-025,G1,BEAM_SUPPORT_FACE,5,AN-025,B-013,SOURCE_CURRENT_PT,EAST,16.3000,13.9500,0.0000,40,50,DOC,DOC_METRIC_OR_AXIS,DOC,DOC,REUSED_CURRENT_PT_BEAM_FACE_NODE,INF,PASS,Exact current PT analytical face-node coordinates; no centroid substitution.
M0G-F-G1-AN-026,G1,BEAM_SUPPORT_FACE,4,AN-026,B-013,SOURCE_CURRENT_PT,WEST,17.8000,13.9500,0.0000,40,50,DOC,DOC_METRIC_OR_AXIS,DOC,DOC,REUSED_CURRENT_PT_BEAM_FACE_NODE,INF,PASS,Exact current PT analytical face-node coordinates; no centroid substitution.
M0G-F-G1-AN-027,G1,BEAM_SUPPORT_FACE,31,AN-027,B-014,SOURCE_CURRENT_PT,EAST,-4.4500,8.9500,0.0000,50,40,DOC,DOC_METRIC_OR_AXIS,DOC,DOC,REUSED_CURRENT_PT_BEAM_FACE_NODE,INF,PASS,Exact current PT analytical face-node coordinates; no centroid substitution.
M0G-F-G1-AN-028,G1,BEAM_SUPPORT_FACE,28,AN-028,B-014,SOURCE_CURRENT_PT,WEST,-0.2500,8.9500,0.0000,50,40,DOC,DOC_METRIC_OR_AXIS,DOC,DOC,REUSED_CURRENT_PT_BEAM_FACE_NODE,INF,PASS,Exact current PT analytical face-node coordinates; no centroid substitution.
M0G-F-G1-AN-029,G1,BEAM_SUPPORT_FACE,28,AN-029,B-015,SOURCE_CURRENT_PT,EAST,0.2500,8.9500,0.0000,50,40,DOC,DOC_METRIC_OR_AXIS,DOC,DOC,REUSED_CURRENT_PT_BEAM_FACE_NODE,INF,WATCH,Exact current PT analytical face-node coordinates; no centroid substitution.
M0G-F-G1-AN-030,G1,BEAM_SUPPORT_FACE,25,AN-030,B-015,SOURCE_CURRENT_PT,WEST,3.2000,8.9500,0.0000,50,40,DOC,DOC_METRIC_OR_AXIS,DOC,DOC,REUSED_CURRENT_PT_BEAM_FACE_NODE,INF,WATCH,Exact current PT analytical face-node coordinates; no centroid substitution.
M0G-F-G1-AN-031,G1,BEAM_SUPPORT_FACE,25,AN-031,B-016,SOURCE_CURRENT_PT,EAST,3.7000,8.9500,0.0000,50,40,DOC,DOC_METRIC_OR_AXIS,DOC,DOC,REUSED_CURRENT_PT_BEAM_FACE_NODE,INF,WATCH,Exact current PT analytical face-node coordinates; no centroid substitution.
M0G-F-G1-AN-032,G1,BEAM_SUPPORT_FACE,19,AN-032,B-016,SOURCE_CURRENT_PT,WEST,7.4318,8.9500,0.0000,40,50,DOC,MIS_AFFINE_WATCH,DOC,DOC,REUSED_CURRENT_PT_BEAM_FACE_NODE,INF,WATCH,Exact current PT analytical face-node coordinates; no centroid substitution.
M0G-F-G1-AN-033,G1,BEAM_SUPPORT_FACE,32,AN-033,B-017,SOURCE_CURRENT_PT,EAST,-4.5000,15.2000,0.0000,40,50,DOC,DOC_METRIC_OR_AXIS,DOC,DOC,REUSED_CURRENT_PT_BEAM_FACE_NODE,INF,PASS,Exact current PT analytical face-node coordinates; no centroid substitution.
M0G-F-G1-AN-034,G1,BEAM_SUPPORT_FACE,29,AN-034,B-017,SOURCE_CURRENT_PT,WEST,-0.2500,15.2000,0.0000,50,40,DOC,DOC_METRIC_OR_AXIS,DOC,DOC,REUSED_CURRENT_PT_BEAM_FACE_NODE,INF,PASS,Exact current PT analytical face-node coordinates; no centroid substitution.
M0G-F-G1-AN-035,G1,BEAM_SUPPORT_FACE,29,AN-035,B-018,SOURCE_CURRENT_PT,EAST,0.2500,15.2000,0.0000,50,40,DOC,DOC_METRIC_OR_AXIS,DOC,DOC,REUSED_CURRENT_PT_BEAM_FACE_NODE,INF,PASS,Exact current PT analytical face-node coordinates; no centroid substitution.
M0G-F-G1-AN-036,G1,BEAM_SUPPORT_FACE,26,AN-036,B-018,SOURCE_CURRENT_PT,WEST,3.2000,15.2000,0.0000,50,40,DOC,DOC_METRIC_OR_AXIS,DOC,DOC,REUSED_CURRENT_PT_BEAM_FACE_NODE,INF,PASS,Exact current PT analytical face-node coordinates; no centroid substitution.
M0G-F-G1-AN-037,G1,BEAM_SUPPORT_FACE,26,AN-037,B-019,SOURCE_CURRENT_PT,EAST,3.7000,15.2000,0.0000,50,40,DOC,DOC_METRIC_OR_AXIS,DOC,DOC,REUSED_CURRENT_PT_BEAM_FACE_NODE,INF,PASS,Exact current PT analytical face-node coordinates; no centroid substitution.
M0G-F-G1-AN-038,G1,BEAM_SUPPORT_FACE,21,AN-038,B-019,SOURCE_CURRENT_PT,WEST,5.3500,15.2000,0.0000,40,50,DOC,SUPPORTED_REFERENCE_REBOUND,DOC,DOC,REUSED_CURRENT_PT_BEAM_FACE_NODE,INF,PASS,Exact current PT analytical face-node coordinates; no centroid substitution.
M0G-F-G1-AN-039,G1,BEAM_SUPPORT_FACE,33,AN-039,B-020,SOURCE_CURRENT_PT,EAST,-4.5000,20.1500,0.0000,40,50,DOC,DOC_METRIC_OR_AXIS,DOC,DOC,REUSED_CURRENT_PT_BEAM_FACE_NODE,INF,WATCH,Exact current PT analytical face-node coordinates; no centroid substitution.
M0G-F-G1-AN-040,G1,BEAM_SUPPORT_FACE,30,AN-040,B-020,SOURCE_CURRENT_PT,WEST,-0.1500,20.1500,0.0000,30,110,DOC,SUPPORTED_REFERENCE_PLUS_MIS_EXTENDED,DOC,DOC,REUSED_CURRENT_PT_BEAM_FACE_NODE,INF,WATCH,Exact current PT analytical face-node coordinates; no centroid substitution.
M0G-F-G1-AN-041,G1,BEAM_SUPPORT_FACE,30,AN-041,B-021,SOURCE_CURRENT_PT,EAST,0.1500,19.2800,0.0000,30,110,DOC,SUPPORTED_REFERENCE_PLUS_MIS_EXTENDED,DOC,DOC,REUSED_CURRENT_PT_BEAM_FACE_NODE,INF,WATCH,Exact current PT analytical face-node coordinates; no centroid substitution.
M0G-F-G1-AN-042,G1,BEAM_SUPPORT_FACE,27,AN-042,B-021,SOURCE_CURRENT_PT,WEST,3.2000,19.2800,0.0000,50,40,DOC,SUPPORTED_MIS_SHARED_ROW,DOC,DOC,REUSED_CURRENT_PT_BEAM_FACE_NODE,INF,WATCH,Exact current PT analytical face-node coordinates; no centroid substitution.
M0G-F-G1-AN-043,G1,BEAM_SUPPORT_FACE,27,AN-043,B-022,SOURCE_CURRENT_PT,EAST,3.7000,19.2800,0.0000,50,40,DOC,SUPPORTED_MIS_SHARED_ROW,DOC,DOC,REUSED_CURRENT_PT_BEAM_FACE_NODE,INF,WATCH,Exact current PT analytical face-node coordinates; no centroid substitution.
M0G-F-G1-AN-044,G1,BEAM_SUPPORT_FACE,22',AN-044,B-022,SOURCE_CURRENT_PT,WEST,5.3000,19.2800,0.0000,50,40,DOC,SUPPORTED_REFERENCE_PLUS_MIS,DOC,DOC,REUSED_CURRENT_PT_BEAM_FACE_NODE,INF,WATCH,Exact current PT analytical face-node coordinates; no centroid substitution.
M0G-F-G1-AN-045,G1,BEAM_SUPPORT_FACE,31,AN-045,B-023,SOURCE_CURRENT_PT,SOUTH,-4.7000,9.1500,0.0000,50,40,DOC,DOC_METRIC_OR_AXIS,DOC,DOC,REUSED_CURRENT_PT_BEAM_FACE_NODE,INF,PASS,Exact current PT analytical face-node coordinates; no centroid substitution.
M0G-F-G1-AN-046,G1,BEAM_SUPPORT_FACE,32,AN-046,B-023,SOURCE_CURRENT_PT,NORTH,-4.7000,14.9500,0.0000,40,50,DOC,DOC_METRIC_OR_AXIS,DOC,DOC,REUSED_CURRENT_PT_BEAM_FACE_NODE,INF,PASS,Exact current PT analytical face-node coordinates; no centroid substitution.
M0G-F-G1-AN-047,G1,BEAM_SUPPORT_FACE,32,AN-047,B-024,SOURCE_CURRENT_PT,SOUTH,-4.7000,15.4500,0.0000,40,50,DOC,DOC_METRIC_OR_AXIS,DOC,DOC,REUSED_CURRENT_PT_BEAM_FACE_NODE,INF,PASS,Exact current PT analytical face-node coordinates; no centroid substitution.
M0G-F-G1-AN-048,G1,BEAM_SUPPORT_FACE,33,AN-048,B-024,SOURCE_CURRENT_PT,NORTH,-4.7000,19.9000,0.0000,40,50,DOC,DOC_METRIC_OR_AXIS,DOC,DOC,REUSED_CURRENT_PT_BEAM_FACE_NODE,INF,PASS,Exact current PT analytical face-node coordinates; no centroid substitution.
M0G-F-G1-AN-049,G1,BEAM_SUPPORT_FACE,28,AN-049,B-025,SOURCE_CURRENT_PT,SOUTH,0.0000,9.1500,0.0000,50,40,DOC,DOC_METRIC_OR_AXIS,DOC,DOC,REUSED_CURRENT_PT_BEAM_FACE_NODE,INF,PASS,Exact current PT analytical face-node coordinates; no centroid substitution.
M0G-F-G1-AN-050,G1,BEAM_SUPPORT_FACE,29,AN-050,B-025,SOURCE_CURRENT_PT,NORTH,0.0000,15.0000,0.0000,50,40,DOC,DOC_METRIC_OR_AXIS,DOC,DOC,REUSED_CURRENT_PT_BEAM_FACE_NODE,INF,PASS,Exact current PT analytical face-node coordinates; no centroid substitution.
M0G-F-G1-AN-051,G1,BEAM_SUPPORT_FACE,29,AN-051,B-026,SOURCE_CURRENT_PT,SOUTH,0.0000,15.4000,0.0000,50,40,DOC,DOC_METRIC_OR_AXIS,DOC,DOC,REUSED_CURRENT_PT_BEAM_FACE_NODE,INF,WATCH,Exact current PT analytical face-node coordinates; no centroid substitution.
M0G-F-G1-AN-052,G1,BEAM_SUPPORT_FACE,30,AN-052,B-026,SOURCE_CURRENT_PT,NORTH,0.0000,19.1834,0.0000,30,110,DOC,SUPPORTED_REFERENCE_PLUS_MIS_EXTENDED,DOC,DOC,REUSED_CURRENT_PT_BEAM_FACE_NODE,INF,WATCH,Exact current PT analytical face-node coordinates; no centroid substitution.
M0G-F-G1-AN-053,G1,BEAM_SUPPORT_FACE,25,AN-053,B-027,SOURCE_CURRENT_PT,SOUTH,3.4500,9.1500,0.0000,50,40,DOC,DOC_METRIC_OR_AXIS,DOC,DOC,REUSED_CURRENT_PT_BEAM_FACE_NODE,INF,PASS,Exact current PT analytical face-node coordinates; no centroid substitution.
M0G-F-G1-AN-054,G1,BEAM_SUPPORT_FACE,26,AN-054,B-027,SOURCE_CURRENT_PT,NORTH,3.4500,15.0000,0.0000,50,40,DOC,DOC_METRIC_OR_AXIS,DOC,DOC,REUSED_CURRENT_PT_BEAM_FACE_NODE,INF,PASS,Exact current PT analytical face-node coordinates; no centroid substitution.
M0G-F-G1-AN-055,G1,BEAM_SUPPORT_FACE,26,AN-055,B-028,SOURCE_CURRENT_PT,SOUTH,3.4500,15.4000,0.0000,50,40,DOC,DOC_METRIC_OR_AXIS,DOC,DOC,REUSED_CURRENT_PT_BEAM_FACE_NODE,INF,PASS,Exact current PT analytical face-node coordinates; no centroid substitution.
M0G-F-G1-AN-056,G1,BEAM_SUPPORT_FACE,27,AN-056,B-028,SOURCE_CURRENT_PT,NORTH,3.4500,19.0800,0.0000,50,40,DOC,SUPPORTED_MIS_SHARED_ROW,DOC,DOC,REUSED_CURRENT_PT_BEAM_FACE_NODE,INF,WATCH,Exact current PT analytical face-node coordinates; no centroid substitution.
M0G-F-G1-AN-057,G1,BEAM_SUPPORT_FACE,21,AN-057,B-030,SOURCE_CURRENT_PT,SOUTH,5.5500,15.4500,0.0000,40,50,DOC,SUPPORTED_REFERENCE_REBOUND,DOC,DOC,REUSED_CURRENT_PT_BEAM_FACE_NODE,INF,PASS,Exact current PT analytical face-node coordinates; no centroid substitution.
M0G-F-G1-AN-058,G1,BEAM_SUPPORT_FACE,22,AN-058,B-030,SOURCE_CURRENT_PT,NORTH,5.5500,17.9000,0.0000,50,40,DOC,SUPPORTED_REFERENCE_REBOUND,DOC,DOC,REUSED_CURRENT_PT_BEAM_FACE_NODE,INF,PASS,Exact current PT analytical face-node coordinates; no centroid substitution.
M0G-F-G1-AN-059,G1,BEAM_SUPPORT_FACE,23,AN-059,B-031,SOURCE_CURRENT_PT,EAST,5.7789,23.4000,0.0000,110,30,DOC,MIS_AFFINE_EXTENDED,DOC,DOC,REUSED_CURRENT_PT_BEAM_FACE_NODE,INF,WATCH,Exact current PT analytical face-node coordinates; no centroid substitution.
M0G-F-G1-AN-060,G1,BEAM_SUPPORT_FACE,15,AN-060,B-031,SOURCE_CURRENT_PT,WEST,11.2000,23.4000,0.0000,50,40,DOC,DOC_METRIC_OR_AXIS,DOC,DOC,REUSED_CURRENT_PT_BEAM_FACE_NODE,INF,WATCH,Exact current PT analytical face-node coordinates; no centroid substitution.
M0G-F-G1-AN-061,G1,BEAM_SUPPORT_FACE,15,AN-061,B-032,SOURCE_CURRENT_PT,EAST,11.7000,23.4000,0.0000,50,40,DOC,DOC_METRIC_OR_AXIS,DOC,DOC,REUSED_CURRENT_PT_BEAM_FACE_NODE,INF,PASS,Exact current PT analytical face-node coordinates; no centroid substitution.
M0G-F-G1-AN-062,G1,BEAM_SUPPORT_FACE,7,AN-062,B-032,SOURCE_CURRENT_PT,WEST,15.8500,23.4000,0.0000,50,40,DOC,DOC_METRIC_OR_AXIS,DOC,DOC,REUSED_CURRENT_PT_BEAM_FACE_NODE,INF,PASS,Exact current PT analytical face-node coordinates; no centroid substitution.
M0G-F-G1-AN-063,G1,BEAM_SUPPORT_FACE,24,AN-063,B-033,SOURCE_CURRENT_PT,EAST,5.2000,28.1000,0.0000,40,50,DOC,DOC_METRIC_OR_AXIS,DOC,DOC,REUSED_CURRENT_PT_BEAM_FACE_NODE,INF,PASS,Exact current PT analytical face-node coordinates; no centroid substitution.
M0G-F-G1-AN-064,G1,BEAM_SUPPORT_FACE,16,AN-064,B-033,SOURCE_CURRENT_PT,WEST,11.2000,28.1000,0.0000,50,40,DOC,DOC_METRIC_OR_AXIS,DOC,DOC,REUSED_CURRENT_PT_BEAM_FACE_NODE,INF,PASS,Exact current PT analytical face-node coordinates; no centroid substitution.
M0G-F-G1-AN-065,G1,BEAM_SUPPORT_FACE,16,AN-065,B-034,SOURCE_CURRENT_PT,EAST,11.7000,28.1000,0.0000,50,40,DOC,DOC_METRIC_OR_AXIS,DOC,DOC,REUSED_CURRENT_PT_BEAM_FACE_NODE,INF,PASS,Exact current PT analytical face-node coordinates; no centroid substitution.
M0G-F-G1-AN-066,G1,BEAM_SUPPORT_FACE,8,AN-066,B-034,SOURCE_CURRENT_PT,WEST,15.9000,28.1000,0.0000,40,50,DOC,DOC_METRIC_OR_AXIS,DOC,DOC,REUSED_CURRENT_PT_BEAM_FACE_NODE,INF,PASS,Exact current PT analytical face-node coordinates; no centroid substitution.
M0G-F-G1-AN-067,G1,BEAM_SUPPORT_FACE,23,AN-067,B-035,SOURCE_CURRENT_PT,SOUTH,5.0000,23.5500,0.0000,110,30,DOC,MIS_AFFINE_EXTENDED,DOC,DOC,REUSED_CURRENT_PT_BEAM_FACE_NODE,INF,WATCH,Exact current PT analytical face-node coordinates; no centroid substitution.
M0G-F-G1-AN-068,G1,BEAM_SUPPORT_FACE,24,AN-068,B-035,SOURCE_CURRENT_PT,NORTH,5.0000,27.8500,0.0000,40,50,DOC,DOC_METRIC_OR_AXIS,DOC,DOC,REUSED_CURRENT_PT_BEAM_FACE_NODE,INF,WATCH,Exact current PT analytical face-node coordinates; no centroid substitution.
M0G-F-G1-AN-069,G1,BEAM_SUPPORT_FACE,15,AN-069,B-036,SOURCE_CURRENT_PT,SOUTH,11.4500,23.6000,0.0000,50,40,DOC,DOC_METRIC_OR_AXIS,DOC,DOC,REUSED_CURRENT_PT_BEAM_FACE_NODE,INF,PASS,Exact current PT analytical face-node coordinates; no centroid substitution.
M0G-F-G1-AN-070,G1,BEAM_SUPPORT_FACE,16,AN-070,B-036,SOURCE_CURRENT_PT,NORTH,11.4500,27.9000,0.0000,50,40,DOC,DOC_METRIC_OR_AXIS,DOC,DOC,REUSED_CURRENT_PT_BEAM_FACE_NODE,INF,PASS,Exact current PT analytical face-node coordinates; no centroid substitution.
M0G-F-G1-AN-071,G1,BEAM_SUPPORT_FACE,18,AN-071,B-038,SOURCE_CURRENT_PT,EAST,7.7740,4.7000,0.0000,110,30,DOC,MIS_AFFINE_EXTENDED,DOC,DOC,REUSED_CURRENT_PT_BEAM_FACE_NODE,INF,WATCH,Exact current PT analytical face-node coordinates; no centroid substitution.
M0G-F-G1-AN-072,G1,BEAM_SUPPORT_FACE,10,AN-072,B-038,SOURCE_CURRENT_PT,WEST,12.1500,4.7000,0.0000,50,40,DOC,DOC_METRIC_OR_AXIS,DOC,DOC,REUSED_CURRENT_PT_BEAM_FACE_NODE,INF,WATCH,Exact current PT analytical face-node coordinates; no centroid substitution.
M0G-F-G1-AN-073,G1,BEAM_SUPPORT_FACE,10,AN-073,B-039,SOURCE_CURRENT_PT,EAST,12.6500,4.7000,0.0000,50,40,DOC,DOC_METRIC_OR_AXIS,DOC,DOC,REUSED_CURRENT_PT_BEAM_FACE_NODE,INF,PASS,Exact current PT analytical face-node coordinates; no centroid substitution.
M0G-F-G1-AN-074,G1,BEAM_SUPPORT_FACE,2,AN-074,B-039,SOURCE_CURRENT_PT,WEST,17.7500,4.7000,0.0000,50,40,DOC,DOC_METRIC_OR_AXIS,DOC,DOC,REUSED_CURRENT_PT_BEAM_FACE_NODE,INF,PASS,Exact current PT analytical face-node coordinates; no centroid substitution.
M0G-F-G1-AN-075,G1,BEAM_SUPPORT_FACE,20,AN-075,B-040,SOURCE_CURRENT_PT,EAST,7.8818,9.8000,0.0000,50,40,DOC,MIS_AFFINE_WATCH,DOC,DOC,REUSED_CURRENT_PT_BEAM_FACE_NODE,INF,WATCH,Exact current PT analytical face-node coordinates; no centroid substitution.
M0G-F-G1-AN-076,G1,BEAM_SUPPORT_FACE,11,AN-076,B-040,SOURCE_CURRENT_PT,WEST,12.1500,9.8000,0.0000,50,40,DOC,DOC_METRIC_OR_AXIS,DOC,DOC,REUSED_CURRENT_PT_BEAM_FACE_NODE,INF,WATCH,Exact current PT analytical face-node coordinates; no centroid substitution.
M0G-F-G1-AN-077,G1,BEAM_SUPPORT_FACE,11,AN-077,B-041,SOURCE_CURRENT_PT,EAST,12.6500,9.8000,0.0000,50,40,DOC,DOC_METRIC_OR_AXIS,DOC,DOC,REUSED_CURRENT_PT_BEAM_FACE_NODE,INF,PASS,Exact current PT analytical face-node coordinates; no centroid substitution.
M0G-F-G1-AN-078,G1,BEAM_SUPPORT_FACE,3,AN-078,B-041,SOURCE_CURRENT_PT,WEST,17.7000,9.8000,0.0000,60,40,DOC,DOC_METRIC_OR_AXIS,DOC,DOC,REUSED_CURRENT_PT_BEAM_FACE_NODE,INF,PASS,Exact current PT analytical face-node coordinates; no centroid substitution.
M0G-F-G1-AN-079,G1,BEAM_SUPPORT_FACE,9,AN-079,B-042,SOURCE_CURRENT_PT,SOUTH,12.4000,0.2500,0.0000,40,50,DOC,DOC_METRIC_OR_AXIS,DOC,DOC,REUSED_CURRENT_PT_BEAM_FACE_NODE,INF,PASS,Exact current PT analytical face-node coordinates; no centroid substitution.
M0G-F-G1-AN-080,G1,BEAM_SUPPORT_FACE,10,AN-080,B-042,SOURCE_CURRENT_PT,NORTH,12.4000,4.5000,0.0000,50,40,DOC,DOC_METRIC_OR_AXIS,DOC,DOC,REUSED_CURRENT_PT_BEAM_FACE_NODE,INF,PASS,Exact current PT analytical face-node coordinates; no centroid substitution.
M0G-F-G1-AN-081,G1,BEAM_SUPPORT_FACE,10,AN-081,B-043,SOURCE_CURRENT_PT,SOUTH,12.4000,4.9000,0.0000,50,40,DOC,DOC_METRIC_OR_AXIS,DOC,DOC,REUSED_CURRENT_PT_BEAM_FACE_NODE,INF,PASS,Exact current PT analytical face-node coordinates; no centroid substitution.
M0G-F-G1-AN-082,G1,BEAM_SUPPORT_FACE,11,AN-082,B-043,SOURCE_CURRENT_PT,NORTH,12.4000,9.6000,0.0000,50,40,DOC,DOC_METRIC_OR_AXIS,DOC,DOC,REUSED_CURRENT_PT_BEAM_FACE_NODE,INF,PASS,Exact current PT analytical face-node coordinates; no centroid substitution.
M0G-F-G1-AN-083,G1,BEAM_SUPPORT_FACE,14,AN-083,B-045,SOURCE_CURRENT_PT,EAST,11.7000,18.1000,0.0000,50,40,DOC,DOC_METRIC_OR_AXIS,DOC,DOC,REUSED_CURRENT_PT_BEAM_FACE_NODE,INF,PASS,Exact current PT analytical face-node coordinates; no centroid substitution.
M0G-F-G1-AN-084,G1,BEAM_SUPPORT_FACE,6,AN-084,B-045,SOURCE_CURRENT_PT,WEST,15.8500,18.1000,0.0000,50,40,DOC,DOC_METRIC_OR_AXIS,DOC,DOC,REUSED_CURRENT_PT_BEAM_FACE_NODE,INF,PASS,Exact current PT analytical face-node coordinates; no centroid substitution.
M0G-F-G1-AN-085,G1,BEAM_SUPPORT_FACE,14,AN-085,B-046,SOURCE_CURRENT_PT,SOUTH,11.4500,18.3000,0.0000,50,40,DOC,DOC_METRIC_OR_AXIS,DOC,DOC,REUSED_CURRENT_PT_BEAM_FACE_NODE,INF,PASS,Exact current PT analytical face-node coordinates; no centroid substitution.
M0G-F-G1-AN-086,G1,BEAM_SUPPORT_FACE,15,AN-086,B-046,SOURCE_CURRENT_PT,NORTH,11.4500,23.2000,0.0000,50,40,DOC,DOC_METRIC_OR_AXIS,DOC,DOC,REUSED_CURRENT_PT_BEAM_FACE_NODE,INF,PASS,Exact current PT analytical face-node coordinates; no centroid substitution.
M0G-F-G1-AN-087,G1,BEAM_SUPPORT_FACE,22,AN-087,B-047,SOURCE_CURRENT_PT,SOUTH,5.5500,18.3000,0.0000,50,40,DOC,SUPPORTED_REFERENCE_REBOUND,DOC,DOC,REUSED_CURRENT_PT_BEAM_FACE_NODE,INF,WATCH,Exact current PT analytical face-node coordinates; no centroid substitution.
M0G-F-G1-AN-088,G1,BEAM_SUPPORT_FACE,22',AN-088,B-047,SOURCE_CURRENT_PT,NORTH,5.5500,19.0800,0.0000,50,40,DOC,SUPPORTED_REFERENCE_PLUS_MIS,DOC,DOC,REUSED_CURRENT_PT_BEAM_FACE_NODE,INF,WATCH,Exact current PT analytical face-node coordinates; no centroid substitution.
M0G-F-G1-AN-089,G1,BEAM_SUPPORT_FACE,11,AN-089,B-048,SOURCE_CURRENT_PT,SOUTH,12.4000,10.0000,0.0000,50,40,DOC,DOC_METRIC_OR_AXIS,DOC,DOC,REUSED_CURRENT_PT_BEAM_FACE_NODE,INF,WATCH,Exact current PT analytical face-node coordinates; no centroid substitution.
M0G-F-G1-AN-090,G1,BEAM_SUPPORT_FACE,12,AN-090,B-048,SOURCE_CURRENT_PT,NORTH,12.4000,12.8225,0.0000,40,50,DOC,MIS_AFFINE,DOC,DOC,REUSED_CURRENT_PT_BEAM_FACE_NODE,INF,WATCH,Exact current PT analytical face-node coordinates; no centroid substitution.
M0G-F-G1-AN-091,G1,BEAM_SUPPORT_FACE,12,AN-091,B-049,SOURCE_CURRENT_PT,SOUTH,12.2884,13.3225,0.0000,40,50,DOC,MIS_AFFINE,DOC,DOC,REUSED_CURRENT_PT_BEAM_FACE_NODE,INF,WATCH,Exact current PT analytical face-node coordinates; no centroid substitution.
M0G-F-G1-AN-092,G1,BEAM_SUPPORT_FACE,13,AN-092,B-049,SOURCE_CURRENT_PT,NORTH,11.5393,15.0000,0.0000,50,40,DOC,DOC_METRIC_OR_AXIS,DOC,DOC,REUSED_CURRENT_PT_BEAM_FACE_NODE,INF,WATCH,Exact current PT analytical face-node coordinates; no centroid substitution.
M0G-F-G1-AN-093,G1,BEAM_SUPPORT_FACE,13,AN-093,B-050,SOURCE_CURRENT_PT,SOUTH,11.4500,15.4000,0.0000,50,40,DOC,DOC_METRIC_OR_AXIS,DOC,DOC,REUSED_CURRENT_PT_BEAM_FACE_NODE,INF,PASS,Exact current PT analytical face-node coordinates; no centroid substitution.
M0G-F-G1-AN-094,G1,BEAM_SUPPORT_FACE,14,AN-094,B-050,SOURCE_CURRENT_PT,NORTH,11.4500,17.9000,0.0000,50,40,DOC,DOC_METRIC_OR_AXIS,DOC,DOC,REUSED_CURRENT_PT_BEAM_FACE_NODE,INF,PASS,Exact current PT analytical face-node coordinates; no centroid substitution.
M0G-F-G1-AN-095,G1,BEAM_SUPPORT_FACE,20,AN-095,B-051,SOURCE_CURRENT_PT,SOUTH,7.5547,10.0000,0.0000,50,40,DOC,MIS_AFFINE_WATCH,DOC,DOC,REUSED_CURRENT_PT_BEAM_FACE_NODE,INF,WATCH,Exact current PT analytical face-node coordinates; no centroid substitution.
M0G-F-G1-AN-096,G1,BEAM_SUPPORT_FACE,21,AN-096,B-051,SOURCE_CURRENT_PT,NORTH,5.6464,14.9500,0.0000,40,50,DOC,SUPPORTED_REFERENCE_REBOUND,DOC,DOC,REUSED_CURRENT_PT_BEAM_FACE_NODE,INF,PASS,Exact current PT analytical face-node coordinates; no centroid substitution.
M0G-F-G1-AN-097,G1,BEAM_SUPPORT_FACE,19,AN-097,B-052,SOURCE_CURRENT_PT,SOUTH,7.6318,9.2000,0.0000,40,50,DOC,MIS_AFFINE_WATCH,DOC,DOC,REUSED_CURRENT_PT_BEAM_FACE_NODE,INF,WATCH,Exact current PT analytical face-node coordinates; no centroid substitution.
M0G-F-G1-AN-098,G1,BEAM_SUPPORT_FACE,20,AN-098,B-052,SOURCE_CURRENT_PT,NORTH,7.6318,9.6000,0.0000,50,40,DOC,MIS_AFFINE_WATCH,DOC,DOC,REUSED_CURRENT_PT_BEAM_FACE_NODE,INF,WATCH,Exact current PT analytical face-node coordinates; no centroid substitution.
M0G-F-G1-AN-099,G1,BEAM_SUPPORT_FACE,18,AN-099,B-053,SOURCE_CURRENT_PT,SOUTH,7.2384,4.8500,0.0000,110,30,DOC,MIS_AFFINE_EXTENDED,DOC,DOC,REUSED_CURRENT_PT_BEAM_FACE_NODE,INF,WATCH,Exact current PT analytical face-node coordinates; no centroid substitution.
M0G-F-G1-AN-100,G1,BEAM_SUPPORT_FACE,19,AN-100,B-053,SOURCE_CURRENT_PT,NORTH,7.6078,8.7000,0.0000,40,50,DOC,MIS_AFFINE_WATCH,DOC,DOC,REUSED_CURRENT_PT_BEAM_FACE_NODE,INF,WATCH,Exact current PT analytical face-node coordinates; no centroid substitution.
M0G-F-G1-AN-101,G1,BEAM_SUPPORT_FACE,23,AN-101,B-054,SOURCE_CURRENT_PT,NORTH,5.2406,23.2500,0.0000,110,30,DOC,MIS_AFFINE_EXTENDED,DOC,DOC,REUSED_CURRENT_PT_BEAM_FACE_NODE,INF,WATCH,Exact current PT analytical face-node coordinates; no centroid substitution.
M0G-F-G1-AN-102,G1,BEAM_SUPPORT_FACE,22',AN-102,B-054,SOURCE_CURRENT_PT,SOUTH,5.5344,19.4800,0.0000,50,40,DOC,SUPPORTED_REFERENCE_PLUS_MIS,DOC,DOC,REUSED_CURRENT_PT_BEAM_FACE_NODE,INF,WATCH,Exact current PT analytical face-node coordinates; no centroid substitution.
M0G-F-G1-AN-103,G1,BEAM_SUPPORT_FACE,17,AN-103,B-055,SOURCE_CURRENT_PT,SOUTH,6.9138,0.2000,0.0000,50,40,DOC,DOC_METRIC_OR_AXIS,DOC,DOC,REUSED_CURRENT_PT_BEAM_FACE_NODE,INF,PASS,Exact current PT analytical face-node coordinates; no centroid substitution.
M0G-F-G1-AN-104,G1,BEAM_SUPPORT_FACE,18,AN-104,B-055,SOURCE_CURRENT_PT,NORTH,7.2137,4.5500,0.0000,110,30,DOC,MIS_AFFINE_EXTENDED,DOC,DOC,REUSED_CURRENT_PT_BEAM_FACE_NODE,INF,WATCH,Exact current PT analytical face-node coordinates; no centroid substitution.
M0G-F-G2-B001-FROM,G2,BEAM_SUPPORT_FACE,1,,G2-B001,FROM,Y_POS,18.0000,0.2250,3.2000,40,45,DOC,DOC_METRIC_OR_AXIS+UPPER_SHEET_REGISTRATION_MIS,DOC+RIF,DOC,SUPPORT_CENTERLINE_RAY_INTERSECT_DOCUMENTED_SUPPORT_FACE,INF,CURRENT_DERIVED_WITH_PROVENANCE_WATCH,Exact analytical face point is derived; source topology/identity evidence remains separate and is not promoted to DOC coordinate evidence.
M0G-F-G2-B001-TO,G2,BEAM_SUPPORT_FACE,2,,G2-B001,TO,Y_NEG,18.0000,4.5000,3.2000,45,40,DOC,DOC_METRIC_OR_AXIS+UPPER_SHEET_REGISTRATION_MIS,DOC+RIF,DOC,SUPPORT_CENTERLINE_RAY_INTERSECT_DOCUMENTED_SUPPORT_FACE,INF,CURRENT_DERIVED_WITH_PROVENANCE_WATCH,Exact analytical face point is derived; source topology/identity evidence remains separate and is not promoted to DOC coordinate evidence.
M0G-F-G2-B002-FROM,G2,BEAM_SUPPORT_FACE,2,,G2-B002,FROM,Y_POS,18.0000,4.9000,3.2000,45,40,DOC,DOC_METRIC_OR_AXIS+UPPER_SHEET_REGISTRATION_MIS,DOC+RIF,DOC,SUPPORT_CENTERLINE_RAY_INTERSECT_DOCUMENTED_SUPPORT_FACE,INF,CURRENT_DERIVED_WITH_PROVENANCE_WATCH,Exact analytical face point is derived; source topology/identity evidence remains separate and is not promoted to DOC coordinate evidence.
M0G-F-G2-B002-TO,G2,BEAM_SUPPORT_FACE,3,,G2-B002,TO,Y_NEG,18.0000,9.6000,3.2000,45,40,DOC,DOC_METRIC_OR_AXIS+UPPER_SHEET_REGISTRATION_MIS,DOC+RIF,DOC,SUPPORT_CENTERLINE_RAY_INTERSECT_DOCUMENTED_SUPPORT_FACE,INF,CURRENT_DERIVED_WITH_PROVENANCE_WATCH,Exact analytical face point is derived; source topology/identity evidence remains separate and is not promoted to DOC coordinate evidence.
M0G-F-G2-B003-FROM,G2,BEAM_SUPPORT_FACE,3,,G2-B003,FROM,Y_POS,18.0000,10.0000,3.2000,45,40,DOC,DOC_METRIC_OR_AXIS+UPPER_SHEET_REGISTRATION_MIS,DOC+RIF,DOC,SUPPORT_CENTERLINE_RAY_INTERSECT_DOCUMENTED_SUPPORT_FACE,INF,CURRENT_DERIVED_WITH_PROVENANCE_WATCH,Exact analytical face point is derived; source topology/identity evidence remains separate and is not promoted to DOC coordinate evidence.
M0G-F-G2-B003-TO,G2,BEAM_SUPPORT_FACE,4,,G2-B003,TO,Y_NEG,18.0000,13.7250,3.2000,40,45,DOC,DOC_METRIC_OR_AXIS+UPPER_SHEET_REGISTRATION_MIS,DOC+RIF,DOC,SUPPORT_CENTERLINE_RAY_INTERSECT_DOCUMENTED_SUPPORT_FACE,INF,CURRENT_DERIVED_WITH_PROVENANCE_WATCH,Exact analytical face point is derived; source topology/identity evidence remains separate and is not promoted to DOC coordinate evidence.
M0G-F-G2-B004-FROM,G2,BEAM_SUPPORT_FACE,4,,G2-B004,FROM,X_NEG,17.8000,13.9500,3.2000,40,45,DOC,DOC_METRIC_OR_AXIS+UPPER_SHEET_REGISTRATION_MIS,DOC+RIF,DOC,SUPPORT_CENTERLINE_RAY_INTERSECT_DOCUMENTED_SUPPORT_FACE,INF,CURRENT_DERIVED_WITH_PROVENANCE_WATCH,Exact analytical face point is derived; source topology/identity evidence remains separate and is not promoted to DOC coordinate evidence.
M0G-F-G2-B004-TO,G2,BEAM_SUPPORT_FACE,5,,G2-B004,TO,X_POS,16.3000,13.9500,3.2000,40,45,DOC,DOC_METRIC_OR_AXIS+UPPER_SHEET_REGISTRATION_MIS,DOC+RIF,DOC,SUPPORT_CENTERLINE_RAY_INTERSECT_DOCUMENTED_SUPPORT_FACE,INF,CURRENT_DERIVED_WITH_PROVENANCE_WATCH,Exact analytical face point is derived; source topology/identity evidence remains separate and is not promoted to DOC coordinate evidence.
M0G-F-G2-B005-FROM,G2,BEAM_SUPPORT_FACE,5,,G2-B005,FROM,Y_POS,16.1000,14.1750,3.2000,40,45,DOC,DOC_METRIC_OR_AXIS+UPPER_SHEET_REGISTRATION_MIS,DOC+RIF,DOC,SUPPORT_CENTERLINE_RAY_INTERSECT_DOCUMENTED_SUPPORT_FACE,INF,CURRENT_DERIVED_WITH_PROVENANCE_WATCH,Exact analytical face point is derived; source topology/identity evidence remains separate and is not promoted to DOC coordinate evidence.
M0G-F-G2-B005-TO,G2,BEAM_SUPPORT_FACE,6,,G2-B005,TO,Y_NEG,16.1000,17.9000,3.2000,45,40,DOC,DOC_METRIC_OR_AXIS+UPPER_SHEET_REGISTRATION_MIS,DOC+RIF,DOC,SUPPORT_CENTERLINE_RAY_INTERSECT_DOCUMENTED_SUPPORT_FACE,INF,CURRENT_DERIVED_WITH_PROVENANCE_WATCH,Exact analytical face point is derived; source topology/identity evidence remains separate and is not promoted to DOC coordinate evidence.
M0G-F-G2-B006-FROM,G2,BEAM_SUPPORT_FACE,6,,G2-B006,FROM,Y_POS,16.1000,18.3000,3.2000,45,40,DOC,DOC_METRIC_OR_AXIS+UPPER_SHEET_REGISTRATION_MIS,DOC+RIF,DOC,SUPPORT_CENTERLINE_RAY_INTERSECT_DOCUMENTED_SUPPORT_FACE,INF,CURRENT_DERIVED_WITH_PROVENANCE_WATCH,Exact analytical face point is derived; source topology/identity evidence remains separate and is not promoted to DOC coordinate evidence.
M0G-F-G2-B006-TO,G2,BEAM_SUPPORT_FACE,7,,G2-B006,TO,Y_NEG,16.1000,23.2000,3.2000,45,40,DOC,DOC_METRIC_OR_AXIS+UPPER_SHEET_REGISTRATION_MIS,DOC+RIF,DOC,SUPPORT_CENTERLINE_RAY_INTERSECT_DOCUMENTED_SUPPORT_FACE,INF,CURRENT_DERIVED_WITH_PROVENANCE_WATCH,Exact analytical face point is derived; source topology/identity evidence remains separate and is not promoted to DOC coordinate evidence.
M0G-F-G2-B007-FROM,G2,BEAM_SUPPORT_FACE,7,,G2-B007,FROM,Y_POS,16.1000,23.6000,3.2000,45,40,DOC,DOC_METRIC_OR_AXIS+UPPER_SHEET_REGISTRATION_MIS,DOC+RIF,DOC,SUPPORT_CENTERLINE_RAY_INTERSECT_DOCUMENTED_SUPPORT_FACE,INF,CURRENT_DERIVED_WITH_PROVENANCE_WATCH,Exact analytical face point is derived; source topology/identity evidence remains separate and is not promoted to DOC coordinate evidence.
M0G-F-G2-B007-TO,G2,BEAM_SUPPORT_FACE,8,,G2-B007,TO,Y_NEG,16.1000,27.8750,3.2000,40,45,DOC,DOC_METRIC_OR_AXIS+UPPER_SHEET_REGISTRATION_MIS,DOC+RIF,DOC,SUPPORT_CENTERLINE_RAY_INTERSECT_DOCUMENTED_SUPPORT_FACE,INF,CURRENT_DERIVED_WITH_PROVENANCE_WATCH,Exact analytical face point is derived; source topology/identity evidence remains separate and is not promoted to DOC coordinate evidence.
M0G-F-G2-B008-FROM,G2,BEAM_SUPPORT_FACE,1,,G2-B008,FROM,X_NEG,17.8000,0.0000,3.2000,40,45,DOC,DOC_METRIC_OR_AXIS+UPPER_SHEET_REGISTRATION_MIS,DOC+RIF,DOC,SUPPORT_CENTERLINE_RAY_INTERSECT_DOCUMENTED_SUPPORT_FACE,INF,CURRENT_DERIVED_WITH_PROVENANCE_WATCH,Exact analytical face point is derived; source topology/identity evidence remains separate and is not promoted to DOC coordinate evidence.
M0G-F-G2-B008-TO,G2,BEAM_SUPPORT_FACE,9,,G2-B008,TO,X_POS,12.6000,0.0000,3.2000,40,45,DOC,DOC_METRIC_OR_AXIS+UPPER_SHEET_REGISTRATION_MIS,DOC+RIF,DOC,SUPPORT_CENTERLINE_RAY_INTERSECT_DOCUMENTED_SUPPORT_FACE,INF,CURRENT_DERIVED_WITH_PROVENANCE_WATCH,Exact analytical face point is derived; source topology/identity evidence remains separate and is not promoted to DOC coordinate evidence.
M0G-F-G2-B009-FROM,G2,BEAM_SUPPORT_FACE,2,,G2-B009,FROM,X_NEG,17.7750,4.7000,3.2000,45,40,DOC,DOC_METRIC_OR_AXIS+UPPER_SHEET_REGISTRATION_MIS,DOC+RIF,DOC,SUPPORT_CENTERLINE_RAY_INTERSECT_DOCUMENTED_SUPPORT_FACE,INF,CURRENT_DERIVED_WITH_PROVENANCE_WATCH,Exact analytical face point is derived; source topology/identity evidence remains separate and is not promoted to DOC coordinate evidence.
M0G-F-G2-B009-TO,G2,BEAM_SUPPORT_FACE,10,,G2-B009,TO,X_POS,12.6500,4.7000,3.2000,50,35,DOC,DOC_METRIC_OR_AXIS+UPPER_SHEET_REGISTRATION_MIS,DOC+RIF,DOC,SUPPORT_CENTERLINE_RAY_INTERSECT_DOCUMENTED_SUPPORT_FACE,INF,CURRENT_DERIVED_WITH_PROVENANCE_WATCH,Exact analytical face point is derived; source topology/identity evidence remains separate and is not promoted to DOC coordinate evidence.
M0G-F-G2-B010-FROM,G2,BEAM_SUPPORT_FACE,3,,G2-B010,FROM,X_NEG,17.7750,9.8000,3.2000,45,40,DOC,DOC_METRIC_OR_AXIS+UPPER_SHEET_REGISTRATION_MIS,DOC+RIF,DOC,SUPPORT_CENTERLINE_RAY_INTERSECT_DOCUMENTED_SUPPORT_FACE,INF,CURRENT_DERIVED_WITH_PROVENANCE_WATCH,Exact analytical face point is derived; source topology/identity evidence remains separate and is not promoted to DOC coordinate evidence.
M0G-F-G2-B010-TO,G2,BEAM_SUPPORT_FACE,11,,G2-B010,TO,X_POS,12.6500,9.8000,3.2000,50,35,DOC,DOC_METRIC_OR_AXIS+UPPER_SHEET_REGISTRATION_MIS,DOC+RIF,DOC,SUPPORT_CENTERLINE_RAY_INTERSECT_DOCUMENTED_SUPPORT_FACE,INF,CURRENT_DERIVED_WITH_PROVENANCE_WATCH,Exact analytical face point is derived; source topology/identity evidence remains separate and is not promoted to DOC coordinate evidence.
M0G-F-G2-B011-FROM,G2,BEAM_SUPPORT_FACE,6,,G2-B011,FROM,X_NEG,15.8750,18.1000,3.2000,45,40,DOC,DOC_METRIC_OR_AXIS+UPPER_SHEET_REGISTRATION_MIS,DOC+RIF,DOC,SUPPORT_CENTERLINE_RAY_INTERSECT_DOCUMENTED_SUPPORT_FACE,INF,CURRENT_DERIVED_WITH_PROVENANCE_WATCH,Exact analytical face point is derived; source topology/identity evidence remains separate and is not promoted to DOC coordinate evidence.
M0G-F-G2-B011-TO,G2,BEAM_SUPPORT_FACE,14,,G2-B011,TO,X_POS,11.7000,18.1000,3.2000,50,35,DOC,DOC_METRIC_OR_AXIS+UPPER_SHEET_REGISTRATION_MIS,DOC+RIF,DOC,SUPPORT_CENTERLINE_RAY_INTERSECT_DOCUMENTED_SUPPORT_FACE,INF,CURRENT_DERIVED_WITH_PROVENANCE_WATCH,Exact analytical face point is derived; source topology/identity evidence remains separate and is not promoted to DOC coordinate evidence.
M0G-F-G2-B012-FROM,G2,BEAM_SUPPORT_FACE,7,,G2-B012,FROM,X_NEG,15.8750,23.4000,3.2000,45,40,DOC,DOC_METRIC_OR_AXIS+UPPER_SHEET_REGISTRATION_MIS,DOC+RIF,DOC,SUPPORT_CENTERLINE_RAY_INTERSECT_DOCUMENTED_SUPPORT_FACE,INF,CURRENT_DERIVED_WITH_PROVENANCE_WATCH,Exact analytical face point is derived; source topology/identity evidence remains separate and is not promoted to DOC coordinate evidence.
M0G-F-G2-B012-TO,G2,BEAM_SUPPORT_FACE,15,,G2-B012,TO,X_POS,11.7000,23.4000,3.2000,50,35,DOC,DOC_METRIC_OR_AXIS+UPPER_SHEET_REGISTRATION_MIS,DOC+RIF,DOC,SUPPORT_CENTERLINE_RAY_INTERSECT_DOCUMENTED_SUPPORT_FACE,INF,CURRENT_DERIVED_WITH_PROVENANCE_WATCH,Exact analytical face point is derived; source topology/identity evidence remains separate and is not promoted to DOC coordinate evidence.
M0G-F-G2-B013-FROM,G2,BEAM_SUPPORT_FACE,8,,G2-B013,FROM,X_NEG,15.9000,28.1000,3.2000,40,45,DOC,DOC_METRIC_OR_AXIS+UPPER_SHEET_REGISTRATION_MIS,DOC+RIF,DOC,SUPPORT_CENTERLINE_RAY_INTERSECT_DOCUMENTED_SUPPORT_FACE,INF,CURRENT_DERIVED_WITH_PROVENANCE_WATCH,Exact analytical face point is derived; source topology/identity evidence remains separate and is not promoted to DOC coordinate evidence.
M0G-F-G2-B013-TO,G2,BEAM_SUPPORT_FACE,16,,G2-B013,TO,X_POS,11.6500,28.1000,3.2000,40,45,DOC,DOC_METRIC_OR_AXIS+UPPER_SHEET_REGISTRATION_MIS,DOC+RIF,DOC,SUPPORT_CENTERLINE_RAY_INTERSECT_DOCUMENTED_SUPPORT_FACE,INF,CURRENT_DERIVED_WITH_PROVENANCE_WATCH,Exact analytical face point is derived; source topology/identity evidence remains separate and is not promoted to DOC coordinate evidence.
M0G-F-G2-B014-FROM,G2,BEAM_SUPPORT_FACE,9,,G2-B014,FROM,Y_POS,12.4000,0.2250,3.2000,40,45,DOC,DOC_METRIC_OR_AXIS+UPPER_SHEET_REGISTRATION_MIS,DOC+RIF,DOC,SUPPORT_CENTERLINE_RAY_INTERSECT_DOCUMENTED_SUPPORT_FACE,INF,CURRENT_DERIVED_WITH_PROVENANCE_WATCH,Exact analytical face point is derived; source topology/identity evidence remains separate and is not promoted to DOC coordinate evidence.
M0G-F-G2-B014-TO,G2,BEAM_SUPPORT_FACE,10,,G2-B014,TO,Y_NEG,12.4000,4.5250,3.2000,50,35,DOC,DOC_METRIC_OR_AXIS+UPPER_SHEET_REGISTRATION_MIS,DOC+RIF,DOC,SUPPORT_CENTERLINE_RAY_INTERSECT_DOCUMENTED_SUPPORT_FACE,INF,CURRENT_DERIVED_WITH_PROVENANCE_WATCH,Exact analytical face point is derived; source topology/identity evidence remains separate and is not promoted to DOC coordinate evidence.
M0G-F-G2-B015-FROM,G2,BEAM_SUPPORT_FACE,10,,G2-B015,FROM,Y_POS,12.4000,4.8750,3.2000,50,35,DOC,DOC_METRIC_OR_AXIS+UPPER_SHEET_REGISTRATION_MIS,DOC+RIF,DOC,SUPPORT_CENTERLINE_RAY_INTERSECT_DOCUMENTED_SUPPORT_FACE,INF,CURRENT_DERIVED_WITH_PROVENANCE_WATCH,Exact analytical face point is derived; source topology/identity evidence remains separate and is not promoted to DOC coordinate evidence.
M0G-F-G2-B015-TO,G2,BEAM_SUPPORT_FACE,11,,G2-B015,TO,Y_NEG,12.4000,9.6250,3.2000,50,35,DOC,DOC_METRIC_OR_AXIS+UPPER_SHEET_REGISTRATION_MIS,DOC+RIF,DOC,SUPPORT_CENTERLINE_RAY_INTERSECT_DOCUMENTED_SUPPORT_FACE,INF,CURRENT_DERIVED_WITH_PROVENANCE_WATCH,Exact analytical face point is derived; source topology/identity evidence remains separate and is not promoted to DOC coordinate evidence.
M0G-F-G2-B016-FROM,G2,BEAM_SUPPORT_FACE,11,,G2-B016,FROM,Y_POS,12.4000,9.9750,3.2000,50,35,DOC,DOC_METRIC_OR_AXIS+UPPER_SHEET_REGISTRATION_MIS,DOC+RIF,DOC,SUPPORT_CENTERLINE_RAY_INTERSECT_DOCUMENTED_SUPPORT_FACE,INF,CURRENT_DERIVED_WITH_PROVENANCE_WATCH,Exact analytical face point is derived; source topology/identity evidence remains separate and is not promoted to DOC coordinate evidence.
M0G-F-G2-B016-TO,G2,BEAM_SUPPORT_FACE,12,,G2-B016,TO,Y_NEG,12.4000,12.8225,3.2000,35,50,DOC,MIS_AFFINE+UPPER_SHEET_REGISTRATION_MIS,DOC+RIF,DOC,SUPPORT_CENTERLINE_RAY_INTERSECT_DOCUMENTED_SUPPORT_FACE,INF,CURRENT_DERIVED_WITH_PROVENANCE_WATCH,Exact analytical face point is derived; source topology/identity evidence remains separate and is not promoted to DOC coordinate evidence.
M0G-F-G2-B017-FROM,G2,BEAM_SUPPORT_FACE,13,,G2-B017,FROM,Y_POS,11.4500,15.3750,3.2000,50,35,DOC,DOC_METRIC_OR_AXIS+UPPER_SHEET_REGISTRATION_MIS,DOC+RIF,DOC,SUPPORT_CENTERLINE_RAY_INTERSECT_DOCUMENTED_SUPPORT_FACE,INF,CURRENT_DERIVED_WITH_PROVENANCE_WATCH,Exact analytical face point is derived; source topology/identity evidence remains separate and is not promoted to DOC coordinate evidence.
M0G-F-G2-B017-TO,G2,BEAM_SUPPORT_FACE,14,,G2-B017,TO,Y_NEG,11.4500,17.9250,3.2000,50,35,DOC,DOC_METRIC_OR_AXIS+UPPER_SHEET_REGISTRATION_MIS,DOC+RIF,DOC,SUPPORT_CENTERLINE_RAY_INTERSECT_DOCUMENTED_SUPPORT_FACE,INF,CURRENT_DERIVED_WITH_PROVENANCE_WATCH,Exact analytical face point is derived; source topology/identity evidence remains separate and is not promoted to DOC coordinate evidence.
M0G-F-G2-B018-FROM,G2,BEAM_SUPPORT_FACE,14,,G2-B018,FROM,Y_POS,11.4500,18.2750,3.2000,50,35,DOC,DOC_METRIC_OR_AXIS+UPPER_SHEET_REGISTRATION_MIS,DOC+RIF,DOC,SUPPORT_CENTERLINE_RAY_INTERSECT_DOCUMENTED_SUPPORT_FACE,INF,CURRENT_DERIVED_WITH_PROVENANCE_WATCH,Exact analytical face point is derived; source topology/identity evidence remains separate and is not promoted to DOC coordinate evidence.
M0G-F-G2-B018-TO,G2,BEAM_SUPPORT_FACE,15,,G2-B018,TO,Y_NEG,11.4500,23.2250,3.2000,50,35,DOC,DOC_METRIC_OR_AXIS+UPPER_SHEET_REGISTRATION_MIS,DOC+RIF,DOC,SUPPORT_CENTERLINE_RAY_INTERSECT_DOCUMENTED_SUPPORT_FACE,INF,CURRENT_DERIVED_WITH_PROVENANCE_WATCH,Exact analytical face point is derived; source topology/identity evidence remains separate and is not promoted to DOC coordinate evidence.
M0G-F-G2-B019-FROM,G2,BEAM_SUPPORT_FACE,15,,G2-B019,FROM,Y_POS,11.4500,23.5750,3.2000,50,35,DOC,DOC_METRIC_OR_AXIS+UPPER_SHEET_REGISTRATION_MIS,DOC+RIF,DOC,SUPPORT_CENTERLINE_RAY_INTERSECT_DOCUMENTED_SUPPORT_FACE,INF,CURRENT_DERIVED_WITH_PROVENANCE_WATCH,Exact analytical face point is derived; source topology/identity evidence remains separate and is not promoted to DOC coordinate evidence.
M0G-F-G2-B019-TO,G2,BEAM_SUPPORT_FACE,16,,G2-B019,TO,Y_NEG,11.4500,27.8750,3.2000,40,45,DOC,DOC_METRIC_OR_AXIS+UPPER_SHEET_REGISTRATION_MIS,DOC+RIF,DOC,SUPPORT_CENTERLINE_RAY_INTERSECT_DOCUMENTED_SUPPORT_FACE,INF,CURRENT_DERIVED_WITH_PROVENANCE_WATCH,Exact analytical face point is derived; source topology/identity evidence remains separate and is not promoted to DOC coordinate evidence.
M0G-F-G2-B020-FROM,G2,BEAM_SUPPORT_FACE,11,,G2-B020,FROM,X_NEG,12.1500,9.8000,3.2000,50,35,DOC,DOC_METRIC_OR_AXIS+UPPER_SHEET_REGISTRATION_MIS,DOC+RIF,DOC,SUPPORT_CENTERLINE_RAY_INTERSECT_DOCUMENTED_SUPPORT_FACE,INF,CURRENT_DERIVED_WITH_PROVENANCE_WATCH,Exact analytical face point is derived; source topology/identity evidence remains separate and is not promoted to DOC coordinate evidence.
M0G-F-G2-B020-TO,G2,BEAM_SUPPORT_FACE,20,,G2-B020,TO,X_POS,7.8568,9.8000,3.2000,45,40,DOC,MIS_AFFINE_WATCH+UPPER_SHEET_REGISTRATION_MIS,DOC+RIF,DOC,SUPPORT_CENTERLINE_RAY_INTERSECT_DOCUMENTED_SUPPORT_FACE,INF,CURRENT_DERIVED_WITH_PROVENANCE_WATCH,Exact analytical face point is derived; source topology/identity evidence remains separate and is not promoted to DOC coordinate evidence.
M0G-F-G2-B021-FROM,G2,BEAM_SUPPORT_FACE,10,,G2-B021,FROM,X_NEG,12.1500,4.7000,3.2000,50,35,DOC,DOC_METRIC_OR_AXIS+UPPER_SHEET_REGISTRATION_MIS,DOC+RIF,DOC,SUPPORT_CENTERLINE_RAY_INTERSECT_DOCUMENTED_SUPPORT_FACE,INF,CURRENT_DERIVED_WITH_PROVENANCE_WATCH,Exact analytical face point is derived; source topology/identity evidence remains separate and is not promoted to DOC coordinate evidence.
M0G-F-G2-B021-TO,G2,BEAM_SUPPORT_FACE,18,,G2-B021,TO,X_POS,7.3740,4.7000,3.2000,30,110,DOC,MIS_AFFINE_EXTENDED+UPPER_SHEET_REGISTRATION_MIS,DOC+RIF,DOC,SUPPORT_CENTERLINE_RAY_INTERSECT_DOCUMENTED_SUPPORT_FACE,INF,CURRENT_DERIVED_WITH_PROVENANCE_WATCH,Exact analytical face point is derived; source topology/identity evidence remains separate and is not promoted to DOC coordinate evidence.
M0G-F-G2-B022-FROM,G2,BEAM_SUPPORT_FACE,9,,G2-B022,FROM,X_NEG,12.2000,0.0000,3.2000,40,45,DOC,DOC_METRIC_OR_AXIS+UPPER_SHEET_REGISTRATION_MIS,DOC+RIF,DOC,SUPPORT_CENTERLINE_RAY_INTERSECT_DOCUMENTED_SUPPORT_FACE,INF,CURRENT_DERIVED_WITH_PROVENANCE_WATCH,Exact analytical face point is derived; source topology/identity evidence remains separate and is not promoted to DOC coordinate evidence.
M0G-F-G2-B022-TO,G2,BEAM_SUPPORT_FACE,17,,G2-B022,TO,X_POS,7.1000,0.0000,3.2000,40,45,DOC,DOC_METRIC_OR_AXIS+UPPER_SHEET_REGISTRATION_MIS,DOC+RIF,DOC,SUPPORT_CENTERLINE_RAY_INTERSECT_DOCUMENTED_SUPPORT_FACE,INF,CURRENT_DERIVED_WITH_PROVENANCE_WATCH,Exact analytical face point is derived; source topology/identity evidence remains separate and is not promoted to DOC coordinate evidence.
M0G-F-G2-B023-FROM,G2,BEAM_SUPPORT_FACE,13,,G2-B023,FROM,X_NEG,11.2000,15.2000,3.2000,50,35,DOC,DOC_METRIC_OR_AXIS+UPPER_SHEET_REGISTRATION_MIS,DOC+RIF,DOC,SUPPORT_CENTERLINE_RAY_INTERSECT_DOCUMENTED_SUPPORT_FACE,INF,CURRENT_DERIVED_WITH_PROVENANCE_WATCH,Exact analytical face point is derived; source topology/identity evidence remains separate and is not promoted to DOC coordinate evidence.
M0G-F-G2-B023-TO,G2,BEAM_SUPPORT_FACE,21,,G2-B023,TO,X_POS,5.7250,15.2000,3.2000,35,50,DOC,SUPPORTED_REFERENCE_REBOUND+UPPER_SHEET_REGISTRATION_MIS,DOC+RIF,DOC,SUPPORT_CENTERLINE_RAY_INTERSECT_DOCUMENTED_SUPPORT_FACE,INF,CURRENT_DERIVED_WITH_PROVENANCE_WATCH,Exact analytical face point is derived; source topology/identity evidence remains separate and is not promoted to DOC coordinate evidence.
M0G-F-G2-B024-FROM,G2,BEAM_SUPPORT_FACE,14,,G2-B024,FROM,X_NEG,11.2000,18.1000,3.2000,50,35,DOC,DOC_METRIC_OR_AXIS+UPPER_SHEET_REGISTRATION_MIS,DOC+RIF,DOC,SUPPORT_CENTERLINE_RAY_INTERSECT_DOCUMENTED_SUPPORT_FACE,INF,CURRENT_DERIVED_WITH_PROVENANCE_WATCH,Exact analytical face point is derived; source topology/identity evidence remains separate and is not promoted to DOC coordinate evidence.
M0G-F-G2-B024-TO,G2,BEAM_SUPPORT_FACE,22,,G2-B024,TO,X_POS,5.7250,18.1000,3.2000,35,50,DOC,SUPPORTED_REFERENCE_REBOUND+UPPER_SHEET_REGISTRATION_MIS,DOC+RIF,DOC,SUPPORT_CENTERLINE_RAY_INTERSECT_DOCUMENTED_SUPPORT_FACE,INF,CURRENT_DERIVED_WITH_PROVENANCE_WATCH,Exact analytical face point is derived; source topology/identity evidence remains separate and is not promoted to DOC coordinate evidence.
M0G-F-G2-B025-FROM,G2,BEAM_SUPPORT_FACE,15,,G2-B025,FROM,X_NEG,11.2000,23.4000,3.2000,50,35,DOC,DOC_METRIC_OR_AXIS+UPPER_SHEET_REGISTRATION_MIS,DOC+RIF,DOC,SUPPORT_CENTERLINE_RAY_INTERSECT_DOCUMENTED_SUPPORT_FACE,INF,CURRENT_DERIVED_WITH_PROVENANCE_WATCH,Exact analytical face point is derived; source topology/identity evidence remains separate and is not promoted to DOC coordinate evidence.
M0G-F-G2-B025-TO,G2,BEAM_SUPPORT_FACE,23,,G2-B025,TO,X_POS,5.3789,23.4000,3.2000,30,110,DOC,MIS_AFFINE_EXTENDED+UPPER_SHEET_REGISTRATION_MIS,DOC+RIF,DOC,SUPPORT_CENTERLINE_RAY_INTERSECT_DOCUMENTED_SUPPORT_FACE,INF,CURRENT_DERIVED_WITH_PROVENANCE_WATCH,Exact analytical face point is derived; source topology/identity evidence remains separate and is not promoted to DOC coordinate evidence.
M0G-F-G2-B026-FROM,G2,BEAM_SUPPORT_FACE,16,,G2-B026,FROM,X_NEG,11.2500,28.1000,3.2000,40,45,DOC,DOC_METRIC_OR_AXIS+UPPER_SHEET_REGISTRATION_MIS,DOC+RIF,DOC,SUPPORT_CENTERLINE_RAY_INTERSECT_DOCUMENTED_SUPPORT_FACE,INF,CURRENT_DERIVED_WITH_PROVENANCE_WATCH,Exact analytical face point is derived; source topology/identity evidence remains separate and is not promoted to DOC coordinate evidence.
M0G-F-G2-B026-TO,G2,BEAM_SUPPORT_FACE,24,,G2-B026,TO,X_POS,5.2000,28.1000,3.2000,40,45,DOC,DOC_METRIC_OR_AXIS+UPPER_SHEET_REGISTRATION_MIS,DOC+RIF,DOC,SUPPORT_CENTERLINE_RAY_INTERSECT_DOCUMENTED_SUPPORT_FACE,INF,CURRENT_DERIVED_WITH_PROVENANCE_WATCH,Exact analytical face point is derived; source topology/identity evidence remains separate and is not promoted to DOC coordinate evidence.
M0G-F-G2-B027-FROM,G2,BEAM_SUPPORT_FACE,19,,G2-B027,FROM,Y_POS,7.6318,9.1750,3.2000,40,45,DOC,MIS_AFFINE_WATCH+UPPER_SHEET_REGISTRATION_MIS,DOC+RIF,DOC,SUPPORT_CENTERLINE_RAY_INTERSECT_DOCUMENTED_SUPPORT_FACE,INF,CURRENT_DERIVED_WITH_PROVENANCE_WATCH,Exact analytical face point is derived; source topology/identity evidence remains separate and is not promoted to DOC coordinate evidence.
M0G-F-G2-B027-TO,G2,BEAM_SUPPORT_FACE,20,,G2-B027,TO,Y_NEG,7.6318,9.6000,3.2000,45,40,DOC,MIS_AFFINE_WATCH+UPPER_SHEET_REGISTRATION_MIS,DOC+RIF,DOC,SUPPORT_CENTERLINE_RAY_INTERSECT_DOCUMENTED_SUPPORT_FACE,INF,CURRENT_DERIVED_WITH_PROVENANCE_WATCH,Exact analytical face point is derived; source topology/identity evidence remains separate and is not promoted to DOC coordinate evidence.
M0G-F-G2-B028-FROM,G2,BEAM_SUPPORT_FACE,18,,G2-B028,FROM,Y_POS,7.2768,5.2500,3.2000,30,110,DOC,MIS_AFFINE_EXTENDED+UPPER_SHEET_REGISTRATION_MIS,DOC+RIF,DOC,SUPPORT_CENTERLINE_RAY_INTERSECT_DOCUMENTED_SUPPORT_FACE,INF,CURRENT_DERIVED_WITH_PROVENANCE_WATCH,Exact analytical face point is derived; source topology/identity evidence remains separate and is not promoted to DOC coordinate evidence.
M0G-F-G2-B028-TO,G2,BEAM_SUPPORT_FACE,19,,G2-B028,TO,Y_NEG,7.6102,8.7250,3.2000,40,45,DOC,MIS_AFFINE_WATCH+UPPER_SHEET_REGISTRATION_MIS,DOC+RIF,DOC,SUPPORT_CENTERLINE_RAY_INTERSECT_DOCUMENTED_SUPPORT_FACE,INF,CURRENT_DERIVED_WITH_PROVENANCE_WATCH,Exact analytical face point is derived; source topology/identity evidence remains separate and is not promoted to DOC coordinate evidence.
M0G-F-G2-B029-FROM,G2,BEAM_SUPPORT_FACE,17,,G2-B029,FROM,Y_POS,6.9155,0.2250,3.2000,40,45,DOC,DOC_METRIC_OR_AXIS+UPPER_SHEET_REGISTRATION_MIS,DOC+RIF,DOC,SUPPORT_CENTERLINE_RAY_INTERSECT_DOCUMENTED_SUPPORT_FACE,INF,CURRENT_DERIVED_WITH_PROVENANCE_WATCH,Exact analytical face point is derived; source topology/identity evidence remains separate and is not promoted to DOC coordinate evidence.
M0G-F-G2-B029-TO,G2,BEAM_SUPPORT_FACE,18,,G2-B029,TO,Y_NEG,7.1861,4.1500,3.2000,30,110,DOC,MIS_AFFINE_EXTENDED+UPPER_SHEET_REGISTRATION_MIS,DOC+RIF,DOC,SUPPORT_CENTERLINE_RAY_INTERSECT_DOCUMENTED_SUPPORT_FACE,INF,CURRENT_DERIVED_WITH_PROVENANCE_WATCH,Exact analytical face point is derived; source topology/identity evidence remains separate and is not promoted to DOC coordinate evidence.
M0G-F-G2-B030-FROM,G2,BEAM_SUPPORT_FACE,19,,G2-B030,FROM,X_NEG,7.4318,8.9500,3.2000,40,45,DOC,MIS_AFFINE_WATCH+UPPER_SHEET_REGISTRATION_MIS,DOC+RIF,DOC,SUPPORT_CENTERLINE_RAY_INTERSECT_DOCUMENTED_SUPPORT_FACE,INF,CURRENT_DERIVED_WITH_PROVENANCE_WATCH,Exact analytical face point is derived; source topology/identity evidence remains separate and is not promoted to DOC coordinate evidence.
M0G-F-G2-B030-TO,G2,BEAM_SUPPORT_FACE,25,,G2-B030,TO,X_POS,3.6500,8.9500,3.2000,40,45,DOC,DOC_METRIC_OR_AXIS+UPPER_SHEET_REGISTRATION_MIS,DOC+RIF,DOC,SUPPORT_CENTERLINE_RAY_INTERSECT_DOCUMENTED_SUPPORT_FACE,INF,CURRENT_DERIVED_WITH_PROVENANCE_WATCH,Exact analytical face point is derived; source topology/identity evidence remains separate and is not promoted to DOC coordinate evidence.
M0G-F-G2-B031-FROM,G2,BEAM_SUPPORT_FACE,21,,G2-B031,FROM,Y_POS,5.5500,15.4500,3.2000,35,50,DOC,SUPPORTED_REFERENCE_REBOUND+UPPER_SHEET_REGISTRATION_MIS,DOC+RIF,DOC,SUPPORT_CENTERLINE_RAY_INTERSECT_DOCUMENTED_SUPPORT_FACE,INF,CURRENT_DERIVED_WITH_PROVENANCE_WATCH,Exact analytical face point is derived; source topology/identity evidence remains separate and is not promoted to DOC coordinate evidence.
M0G-F-G2-B031-TO,G2,BEAM_SUPPORT_FACE,22,,G2-B031,TO,Y_NEG,5.5500,17.8500,3.2000,35,50,DOC,SUPPORTED_REFERENCE_REBOUND+UPPER_SHEET_REGISTRATION_MIS,DOC+RIF,DOC,SUPPORT_CENTERLINE_RAY_INTERSECT_DOCUMENTED_SUPPORT_FACE,INF,CURRENT_DERIVED_WITH_PROVENANCE_WATCH,Exact analytical face point is derived; source topology/identity evidence remains separate and is not promoted to DOC coordinate evidence.
M0G-F-G2-B032-FROM,G2,BEAM_SUPPORT_FACE,22,,G2-B032,FROM,Y_POS,5.5500,18.3500,3.2000,35,50,DOC,SUPPORTED_REFERENCE_REBOUND+UPPER_SHEET_REGISTRATION_MIS,DOC+RIF,DOC,SUPPORT_CENTERLINE_RAY_INTERSECT_DOCUMENTED_SUPPORT_FACE,INF,CURRENT_DERIVED_WITH_PROVENANCE_WATCH,Exact analytical face point is derived; source topology/identity evidence remains separate and is not promoted to DOC coordinate evidence.
M0G-F-G2-B032-TO,G2,BEAM_SUPPORT_FACE,22',,G2-B032,TO,Y_NEG,5.5500,19.0800,3.2000,45,40,DOC,SUPPORTED_REFERENCE_PLUS_MIS+UPPER_SHEET_REGISTRATION_MIS,DOC+RIF,DOC,SUPPORT_CENTERLINE_RAY_INTERSECT_DOCUMENTED_SUPPORT_FACE,INF,CURRENT_DERIVED_WITH_PROVENANCE_WATCH,Exact analytical face point is derived; source topology/identity evidence remains separate and is not promoted to DOC coordinate evidence.
M0G-F-G2-B033-FROM,G2,BEAM_SUPPORT_FACE,22',,G2-B033,FROM,Y_POS,5.5344,19.4800,3.2000,45,40,DOC,SUPPORTED_REFERENCE_PLUS_MIS+UPPER_SHEET_REGISTRATION_MIS,DOC+RIF,DOC,SUPPORT_CENTERLINE_RAY_INTERSECT_DOCUMENTED_SUPPORT_FACE,INF,CURRENT_DERIVED_WITH_PROVENANCE_WATCH,Exact analytical face point is derived; source topology/identity evidence remains separate and is not promoted to DOC coordinate evidence.
M0G-F-G2-B033-TO,G2,BEAM_SUPPORT_FACE,23,,G2-B033,TO,Y_NEG,5.2718,22.8500,3.2000,30,110,DOC,MIS_AFFINE_EXTENDED+UPPER_SHEET_REGISTRATION_MIS,DOC+RIF,DOC,SUPPORT_CENTERLINE_RAY_INTERSECT_DOCUMENTED_SUPPORT_FACE,INF,CURRENT_DERIVED_WITH_PROVENANCE_WATCH,Exact analytical face point is derived; source topology/identity evidence remains separate and is not promoted to DOC coordinate evidence.
M0G-F-G2-B034-FROM,G2,BEAM_SUPPORT_FACE,23,,G2-B034,FROM,Y_POS,5.2021,23.9500,3.2000,30,110,DOC,MIS_AFFINE_EXTENDED+UPPER_SHEET_REGISTRATION_MIS,DOC+RIF,DOC,SUPPORT_CENTERLINE_RAY_INTERSECT_DOCUMENTED_SUPPORT_FACE,INF,CURRENT_DERIVED_WITH_PROVENANCE_WATCH,Exact analytical face point is derived; source topology/identity evidence remains separate and is not promoted to DOC coordinate evidence.
M0G-F-G2-B034-TO,G2,BEAM_SUPPORT_FACE,24,,G2-B034,TO,Y_NEG,5.0110,27.8750,3.2000,40,45,DOC,DOC_METRIC_OR_AXIS+UPPER_SHEET_REGISTRATION_MIS,DOC+RIF,DOC,SUPPORT_CENTERLINE_RAY_INTERSECT_DOCUMENTED_SUPPORT_FACE,INF,CURRENT_DERIVED_WITH_PROVENANCE_WATCH,Exact analytical face point is derived; source topology/identity evidence remains separate and is not promoted to DOC coordinate evidence.
M0G-F-G2-B035-FROM,G2,BEAM_SUPPORT_FACE,21,,G2-B035,FROM,X_NEG,5.3750,15.2000,3.2000,35,50,DOC,SUPPORTED_REFERENCE_REBOUND+UPPER_SHEET_REGISTRATION_MIS,DOC+RIF,DOC,SUPPORT_CENTERLINE_RAY_INTERSECT_DOCUMENTED_SUPPORT_FACE,INF,CURRENT_DERIVED_WITH_PROVENANCE_WATCH,Exact analytical face point is derived; source topology/identity evidence remains separate and is not promoted to DOC coordinate evidence.
M0G-F-G2-B035-TO,G2,BEAM_SUPPORT_FACE,26,,G2-B035,TO,X_POS,3.6250,15.2000,3.2000,35,50,DOC,DOC_METRIC_OR_AXIS+UPPER_SHEET_REGISTRATION_MIS,DOC+RIF,DOC,SUPPORT_CENTERLINE_RAY_INTERSECT_DOCUMENTED_SUPPORT_FACE,INF,CURRENT_DERIVED_WITH_PROVENANCE_WATCH,Exact analytical face point is derived; source topology/identity evidence remains separate and is not promoted to DOC coordinate evidence.
M0G-F-G2-B036-FROM,G2,BEAM_SUPPORT_FACE,22',,G2-B036,FROM,X_NEG,5.3250,19.2800,3.2000,45,40,DOC,SUPPORTED_REFERENCE_PLUS_MIS+UPPER_SHEET_REGISTRATION_MIS,DOC+RIF,DOC,SUPPORT_CENTERLINE_RAY_INTERSECT_DOCUMENTED_SUPPORT_FACE,INF,CURRENT_DERIVED_WITH_PROVENANCE_WATCH,Exact analytical face point is derived; source topology/identity evidence remains separate and is not promoted to DOC coordinate evidence.
M0G-F-G2-B036-TO,G2,BEAM_SUPPORT_FACE,27,,G2-B036,TO,X_POS,3.6500,19.2800,3.2000,40,45,DOC,SUPPORTED_MIS_SHARED_ROW+UPPER_SHEET_REGISTRATION_MIS,DOC+RIF,DOC,SUPPORT_CENTERLINE_RAY_INTERSECT_DOCUMENTED_SUPPORT_FACE,INF,CURRENT_DERIVED_WITH_PROVENANCE_WATCH,Exact analytical face point is derived; source topology/identity evidence remains separate and is not promoted to DOC coordinate evidence.
M0G-F-G2-B037-FROM,G2,BEAM_SUPPORT_FACE,25,,G2-B037,FROM,Y_POS,3.4500,9.1750,3.2000,40,45,DOC,DOC_METRIC_OR_AXIS+UPPER_SHEET_REGISTRATION_MIS,DOC+RIF,DOC,SUPPORT_CENTERLINE_RAY_INTERSECT_DOCUMENTED_SUPPORT_FACE,INF,CURRENT_DERIVED_WITH_PROVENANCE_WATCH,Exact analytical face point is derived; source topology/identity evidence remains separate and is not promoted to DOC coordinate evidence.
M0G-F-G2-B037-TO,G2,BEAM_SUPPORT_FACE,26,,G2-B037,TO,Y_NEG,3.4500,14.9500,3.2000,35,50,DOC,DOC_METRIC_OR_AXIS+UPPER_SHEET_REGISTRATION_MIS,DOC+RIF,DOC,SUPPORT_CENTERLINE_RAY_INTERSECT_DOCUMENTED_SUPPORT_FACE,INF,CURRENT_DERIVED_WITH_PROVENANCE_WATCH,Exact analytical face point is derived; source topology/identity evidence remains separate and is not promoted to DOC coordinate evidence.
M0G-F-G2-B038-FROM,G2,BEAM_SUPPORT_FACE,26,,G2-B038,FROM,Y_POS,3.4500,15.4500,3.2000,35,50,DOC,DOC_METRIC_OR_AXIS+UPPER_SHEET_REGISTRATION_MIS,DOC+RIF,DOC,SUPPORT_CENTERLINE_RAY_INTERSECT_DOCUMENTED_SUPPORT_FACE,INF,CURRENT_DERIVED_WITH_PROVENANCE_WATCH,Exact analytical face point is derived; source topology/identity evidence remains separate and is not promoted to DOC coordinate evidence.
M0G-F-G2-B038-TO,G2,BEAM_SUPPORT_FACE,27,,G2-B038,TO,Y_NEG,3.4500,19.0550,3.2000,40,45,DOC,SUPPORTED_MIS_SHARED_ROW+UPPER_SHEET_REGISTRATION_MIS,DOC+RIF,DOC,SUPPORT_CENTERLINE_RAY_INTERSECT_DOCUMENTED_SUPPORT_FACE,INF,CURRENT_DERIVED_WITH_PROVENANCE_WATCH,Exact analytical face point is derived; source topology/identity evidence remains separate and is not promoted to DOC coordinate evidence.
M0G-F-G2-B039-FROM,G2,BEAM_SUPPORT_FACE,25,,G2-B039,FROM,X_NEG,3.2500,8.9500,3.2000,40,45,DOC,DOC_METRIC_OR_AXIS+UPPER_SHEET_REGISTRATION_MIS,DOC+RIF,DOC,SUPPORT_CENTERLINE_RAY_INTERSECT_DOCUMENTED_SUPPORT_FACE,INF,CURRENT_DERIVED_WITH_PROVENANCE_WATCH,Exact analytical face point is derived; source topology/identity evidence remains separate and is not promoted to DOC coordinate evidence.
M0G-F-G2-B039-TO,G2,BEAM_SUPPORT_FACE,28,,G2-B039,TO,X_POS,0.2000,8.9500,3.2000,40,45,DOC,DOC_METRIC_OR_AXIS+UPPER_SHEET_REGISTRATION_MIS,DOC+RIF,DOC,SUPPORT_CENTERLINE_RAY_INTERSECT_DOCUMENTED_SUPPORT_FACE,INF,CURRENT_DERIVED_WITH_PROVENANCE_WATCH,Exact analytical face point is derived; source topology/identity evidence remains separate and is not promoted to DOC coordinate evidence.
M0G-F-G2-B040-FROM,G2,BEAM_SUPPORT_FACE,26,,G2-B040,FROM,X_NEG,3.2750,15.2000,3.2000,35,50,DOC,DOC_METRIC_OR_AXIS+UPPER_SHEET_REGISTRATION_MIS,DOC+RIF,DOC,SUPPORT_CENTERLINE_RAY_INTERSECT_DOCUMENTED_SUPPORT_FACE,INF,CURRENT_DERIVED_WITH_PROVENANCE_WATCH,Exact analytical face point is derived; source topology/identity evidence remains separate and is not promoted to DOC coordinate evidence.
M0G-F-G2-B040-TO,G2,BEAM_SUPPORT_FACE,29,,G2-B040,TO,X_POS,0.1750,15.2000,3.2000,35,50,DOC,DOC_METRIC_OR_AXIS+UPPER_SHEET_REGISTRATION_MIS,DOC+RIF,DOC,SUPPORT_CENTERLINE_RAY_INTERSECT_DOCUMENTED_SUPPORT_FACE,INF,CURRENT_DERIVED_WITH_PROVENANCE_WATCH,Exact analytical face point is derived; source topology/identity evidence remains separate and is not promoted to DOC coordinate evidence.
M0G-F-G2-B041-FROM,G2,BEAM_SUPPORT_FACE,27,,G2-B041,FROM,X_NEG,3.2500,19.3063,3.2000,40,45,DOC,SUPPORTED_MIS_SHARED_ROW+UPPER_SHEET_REGISTRATION_MIS,DOC+RIF,DOC,SUPPORT_CENTERLINE_RAY_INTERSECT_DOCUMENTED_SUPPORT_FACE,INF,CURRENT_DERIVED_WITH_PROVENANCE_WATCH,Exact analytical face point is derived; source topology/identity evidence remains separate and is not promoted to DOC coordinate evidence.
M0G-F-G2-B041-TO,G2,BEAM_SUPPORT_FACE,30,,G2-B041,TO,X_POS,0.5500,19.6611,3.2000,110,30,DOC,SUPPORTED_REFERENCE_PLUS_MIS_EXTENDED+UPPER_SHEET_REGISTRATION_MIS,DOC+RIF,DOC,SUPPORT_CENTERLINE_RAY_INTERSECT_DOCUMENTED_SUPPORT_FACE,INF,CURRENT_DERIVED_WITH_PROVENANCE_WATCH,Exact analytical face point is derived; source topology/identity evidence remains separate and is not promoted to DOC coordinate evidence.
M0G-F-G2-B042-FROM,G2,BEAM_SUPPORT_FACE,28,,G2-B042,FROM,Y_POS,0.0000,9.1750,3.2000,40,45,DOC,DOC_METRIC_OR_AXIS+UPPER_SHEET_REGISTRATION_MIS,DOC+RIF,DOC,SUPPORT_CENTERLINE_RAY_INTERSECT_DOCUMENTED_SUPPORT_FACE,INF,CURRENT_DERIVED_WITH_PROVENANCE_WATCH,Exact analytical face point is derived; source topology/identity evidence remains separate and is not promoted to DOC coordinate evidence.
M0G-F-G2-B042-TO,G2,BEAM_SUPPORT_FACE,29,,G2-B042,TO,Y_NEG,0.0000,14.9500,3.2000,35,50,DOC,DOC_METRIC_OR_AXIS+UPPER_SHEET_REGISTRATION_MIS,DOC+RIF,DOC,SUPPORT_CENTERLINE_RAY_INTERSECT_DOCUMENTED_SUPPORT_FACE,INF,CURRENT_DERIVED_WITH_PROVENANCE_WATCH,Exact analytical face point is derived; source topology/identity evidence remains separate and is not promoted to DOC coordinate evidence.
M0G-F-G2-B043-FROM,G2,BEAM_SUPPORT_FACE,29,,G2-B043,FROM,Y_POS,0.0000,15.4500,3.2000,35,50,DOC,DOC_METRIC_OR_AXIS+UPPER_SHEET_REGISTRATION_MIS,DOC+RIF,DOC,SUPPORT_CENTERLINE_RAY_INTERSECT_DOCUMENTED_SUPPORT_FACE,INF,CURRENT_DERIVED_WITH_PROVENANCE_WATCH,Exact analytical face point is derived; source topology/identity evidence remains separate and is not promoted to DOC coordinate evidence.
M0G-F-G2-B043-TO,G2,BEAM_SUPPORT_FACE,30,,G2-B043,TO,Y_NEG,0.0000,19.5834,3.2000,110,30,DOC,SUPPORTED_REFERENCE_PLUS_MIS_EXTENDED+UPPER_SHEET_REGISTRATION_MIS,DOC+RIF,DOC,SUPPORT_CENTERLINE_RAY_INTERSECT_DOCUMENTED_SUPPORT_FACE,INF,CURRENT_DERIVED_WITH_PROVENANCE_WATCH,Exact analytical face point is derived; source topology/identity evidence remains separate and is not promoted to DOC coordinate evidence.
M0G-F-G2-B044-FROM,G2,BEAM_SUPPORT_FACE,28,,G2-B044,FROM,X_NEG,-0.2000,8.9500,3.2000,40,45,DOC,DOC_METRIC_OR_AXIS+UPPER_SHEET_REGISTRATION_MIS,DOC+RIF,DOC,SUPPORT_CENTERLINE_RAY_INTERSECT_DOCUMENTED_SUPPORT_FACE,INF,CURRENT_DERIVED_WITH_PROVENANCE_WATCH,Exact analytical face point is derived; source topology/identity evidence remains separate and is not promoted to DOC coordinate evidence.
M0G-F-G2-B044-TO,G2,BEAM_SUPPORT_FACE,31,,G2-B044,TO,X_POS,-4.5000,8.9500,3.2000,40,45,DOC,DOC_METRIC_OR_AXIS+UPPER_SHEET_REGISTRATION_MIS,DOC+RIF,DOC,SUPPORT_CENTERLINE_RAY_INTERSECT_DOCUMENTED_SUPPORT_FACE,INF,CURRENT_DERIVED_WITH_PROVENANCE_WATCH,Exact analytical face point is derived; source topology/identity evidence remains separate and is not promoted to DOC coordinate evidence.
M0G-F-G2-B045-FROM,G2,BEAM_SUPPORT_FACE,29,,G2-B045,FROM,X_NEG,-0.1750,15.2000,3.2000,35,50,DOC,DOC_METRIC_OR_AXIS+UPPER_SHEET_REGISTRATION_MIS,DOC+RIF,DOC,SUPPORT_CENTERLINE_RAY_INTERSECT_DOCUMENTED_SUPPORT_FACE,INF,CURRENT_DERIVED_WITH_PROVENANCE_WATCH,Exact analytical face point is derived; source topology/identity evidence remains separate and is not promoted to DOC coordinate evidence.
M0G-F-G2-B045-TO,G2,BEAM_SUPPORT_FACE,32,,G2-B045,TO,X_POS,-4.4750,15.2000,3.2000,45,40,DOC,DOC_METRIC_OR_AXIS+UPPER_SHEET_REGISTRATION_MIS,DOC+RIF,DOC,SUPPORT_CENTERLINE_RAY_INTERSECT_DOCUMENTED_SUPPORT_FACE,INF,CURRENT_DERIVED_WITH_PROVENANCE_WATCH,Exact analytical face point is derived; source topology/identity evidence remains separate and is not promoted to DOC coordinate evidence.
M0G-F-G2-B046-FROM,G2,BEAM_SUPPORT_FACE,30,,G2-B046,FROM,X_NEG,-0.5500,19.7822,3.2000,110,30,DOC,SUPPORTED_REFERENCE_PLUS_MIS_EXTENDED+UPPER_SHEET_REGISTRATION_MIS,DOC+RIF,DOC,SUPPORT_CENTERLINE_RAY_INTERSECT_DOCUMENTED_SUPPORT_FACE,INF,CURRENT_DERIVED_WITH_PROVENANCE_WATCH,Exact analytical face point is derived; source topology/identity evidence remains separate and is not promoted to DOC coordinate evidence.
M0G-F-G2-B046-TO,G2,BEAM_SUPPORT_FACE,33,,G2-B046,TO,X_POS,-4.5000,20.1323,3.2000,40,45,DOC,DOC_METRIC_OR_AXIS+UPPER_SHEET_REGISTRATION_MIS,DOC+RIF,DOC,SUPPORT_CENTERLINE_RAY_INTERSECT_DOCUMENTED_SUPPORT_FACE,INF,CURRENT_DERIVED_WITH_PROVENANCE_WATCH,Exact analytical face point is derived; source topology/identity evidence remains separate and is not promoted to DOC coordinate evidence.
M0G-F-G2-B047-FROM,G2,BEAM_SUPPORT_FACE,31,,G2-B047,FROM,Y_POS,-4.7000,9.1750,3.2000,40,45,DOC,DOC_METRIC_OR_AXIS+UPPER_SHEET_REGISTRATION_MIS,DOC+RIF,DOC,SUPPORT_CENTERLINE_RAY_INTERSECT_DOCUMENTED_SUPPORT_FACE,INF,CURRENT_DERIVED_WITH_PROVENANCE_WATCH,Exact analytical face point is derived; source topology/identity evidence remains separate and is not promoted to DOC coordinate evidence.
M0G-F-G2-B047-TO,G2,BEAM_SUPPORT_FACE,32,,G2-B047,TO,Y_NEG,-4.7000,15.0000,3.2000,45,40,DOC,DOC_METRIC_OR_AXIS+UPPER_SHEET_REGISTRATION_MIS,DOC+RIF,DOC,SUPPORT_CENTERLINE_RAY_INTERSECT_DOCUMENTED_SUPPORT_FACE,INF,CURRENT_DERIVED_WITH_PROVENANCE_WATCH,Exact analytical face point is derived; source topology/identity evidence remains separate and is not promoted to DOC coordinate evidence.
M0G-F-G2-B048-FROM,G2,BEAM_SUPPORT_FACE,32,,G2-B048,FROM,Y_POS,-4.7000,15.4000,3.2000,45,40,DOC,DOC_METRIC_OR_AXIS+UPPER_SHEET_REGISTRATION_MIS,DOC+RIF,DOC,SUPPORT_CENTERLINE_RAY_INTERSECT_DOCUMENTED_SUPPORT_FACE,INF,CURRENT_DERIVED_WITH_PROVENANCE_WATCH,Exact analytical face point is derived; source topology/identity evidence remains separate and is not promoted to DOC coordinate evidence.
M0G-F-G2-B048-TO,G2,BEAM_SUPPORT_FACE,33,,G2-B048,TO,Y_NEG,-4.7000,19.9250,3.2000,40,45,DOC,DOC_METRIC_OR_AXIS+UPPER_SHEET_REGISTRATION_MIS,DOC+RIF,DOC,SUPPORT_CENTERLINE_RAY_INTERSECT_DOCUMENTED_SUPPORT_FACE,INF,CURRENT_DERIVED_WITH_PROVENANCE_WATCH,Exact analytical face point is derived; source topology/identity evidence remains separate and is not promoted to DOC coordinate evidence.
M0G-F-G3-B001-FROM,G3,BEAM_SUPPORT_FACE,1,,G3-B001,FROM,Y_POS,18.0000,0.2000,6.4000,40,40,DOC,DOC_METRIC_OR_AXIS+UPPER_SHEET_REGISTRATION_MIS,DOC+RIF,DOC,SUPPORT_CENTERLINE_RAY_INTERSECT_DOCUMENTED_SUPPORT_FACE,INF,CURRENT_DERIVED_WITH_PROVENANCE_WATCH,Exact analytical face point is derived; source topology/identity evidence remains separate and is not promoted to DOC coordinate evidence.
M0G-F-G3-B001-TO,G3,BEAM_SUPPORT_FACE,2,,G3-B001,TO,Y_NEG,18.0000,4.5000,6.4000,40,40,DOC,DOC_METRIC_OR_AXIS+UPPER_SHEET_REGISTRATION_MIS,DOC+RIF,DOC,SUPPORT_CENTERLINE_RAY_INTERSECT_DOCUMENTED_SUPPORT_FACE,INF,CURRENT_DERIVED_WITH_PROVENANCE_WATCH,Exact analytical face point is derived; source topology/identity evidence remains separate and is not promoted to DOC coordinate evidence.
M0G-F-G3-B002-FROM,G3,BEAM_SUPPORT_FACE,2,,G3-B002,FROM,Y_POS,18.0000,4.9000,6.4000,40,40,DOC,DOC_METRIC_OR_AXIS+UPPER_SHEET_REGISTRATION_MIS,DOC+RIF,DOC,SUPPORT_CENTERLINE_RAY_INTERSECT_DOCUMENTED_SUPPORT_FACE,INF,CURRENT_DERIVED_WITH_PROVENANCE_WATCH,Exact analytical face point is derived; source topology/identity evidence remains separate and is not promoted to DOC coordinate evidence.
M0G-F-G3-B002-TO,G3,BEAM_SUPPORT_FACE,3,,G3-B002,TO,Y_NEG,18.0000,9.6000,6.4000,40,40,DOC,DOC_METRIC_OR_AXIS+UPPER_SHEET_REGISTRATION_MIS,DOC+RIF,DOC,SUPPORT_CENTERLINE_RAY_INTERSECT_DOCUMENTED_SUPPORT_FACE,INF,CURRENT_DERIVED_WITH_PROVENANCE_WATCH,Exact analytical face point is derived; source topology/identity evidence remains separate and is not promoted to DOC coordinate evidence.
M0G-F-G3-B003-FROM,G3,BEAM_SUPPORT_FACE,3,,G3-B003,FROM,Y_POS,18.0000,10.0000,6.4000,40,40,DOC,DOC_METRIC_OR_AXIS+UPPER_SHEET_REGISTRATION_MIS,DOC+RIF,DOC,SUPPORT_CENTERLINE_RAY_INTERSECT_DOCUMENTED_SUPPORT_FACE,INF,CURRENT_DERIVED_WITH_PROVENANCE_WATCH,Exact analytical face point is derived; source topology/identity evidence remains separate and is not promoted to DOC coordinate evidence.
M0G-F-G3-B003-TO,G3,BEAM_SUPPORT_FACE,4,,G3-B003,TO,Y_NEG,18.0000,13.7500,6.4000,40,40,DOC,DOC_METRIC_OR_AXIS+UPPER_SHEET_REGISTRATION_MIS,DOC+RIF,DOC,SUPPORT_CENTERLINE_RAY_INTERSECT_DOCUMENTED_SUPPORT_FACE,INF,CURRENT_DERIVED_WITH_PROVENANCE_WATCH,Exact analytical face point is derived; source topology/identity evidence remains separate and is not promoted to DOC coordinate evidence.
M0G-F-G3-B004-FROM,G3,BEAM_SUPPORT_FACE,4,,G3-B004,FROM,X_NEG,17.8000,13.9500,6.4000,40,40,DOC,DOC_METRIC_OR_AXIS+UPPER_SHEET_REGISTRATION_MIS,DOC+RIF,DOC,SUPPORT_CENTERLINE_RAY_INTERSECT_DOCUMENTED_SUPPORT_FACE,INF,CURRENT_DERIVED_WITH_PROVENANCE_WATCH,Exact analytical face point is derived; source topology/identity evidence remains separate and is not promoted to DOC coordinate evidence.
M0G-F-G3-B004-TO,G3,BEAM_SUPPORT_FACE,5,,G3-B004,TO,X_POS,16.3000,13.9500,6.4000,40,40,DOC,DOC_METRIC_OR_AXIS+UPPER_SHEET_REGISTRATION_MIS,DOC+RIF,DOC,SUPPORT_CENTERLINE_RAY_INTERSECT_DOCUMENTED_SUPPORT_FACE,INF,CURRENT_DERIVED_WITH_PROVENANCE_WATCH,Exact analytical face point is derived; source topology/identity evidence remains separate and is not promoted to DOC coordinate evidence.
M0G-F-G3-B005-FROM,G3,BEAM_SUPPORT_FACE,5,,G3-B005,FROM,Y_POS,16.1000,14.1500,6.4000,40,40,DOC,DOC_METRIC_OR_AXIS+UPPER_SHEET_REGISTRATION_MIS,DOC+RIF,DOC,SUPPORT_CENTERLINE_RAY_INTERSECT_DOCUMENTED_SUPPORT_FACE,INF,CURRENT_DERIVED_WITH_PROVENANCE_WATCH,Exact analytical face point is derived; source topology/identity evidence remains separate and is not promoted to DOC coordinate evidence.
M0G-F-G3-B005-TO,G3,BEAM_SUPPORT_FACE,6,,G3-B005,TO,Y_NEG,16.1000,17.9000,6.4000,40,40,DOC,DOC_METRIC_OR_AXIS+UPPER_SHEET_REGISTRATION_MIS,DOC+RIF,DOC,SUPPORT_CENTERLINE_RAY_INTERSECT_DOCUMENTED_SUPPORT_FACE,INF,CURRENT_DERIVED_WITH_PROVENANCE_WATCH,Exact analytical face point is derived; source topology/identity evidence remains separate and is not promoted to DOC coordinate evidence.
M0G-F-G3-B006-FROM,G3,BEAM_SUPPORT_FACE,6,,G3-B006,FROM,Y_POS,16.1000,18.3000,6.4000,40,40,DOC,DOC_METRIC_OR_AXIS+UPPER_SHEET_REGISTRATION_MIS,DOC+RIF,DOC,SUPPORT_CENTERLINE_RAY_INTERSECT_DOCUMENTED_SUPPORT_FACE,INF,CURRENT_DERIVED_WITH_PROVENANCE_WATCH,Exact analytical face point is derived; source topology/identity evidence remains separate and is not promoted to DOC coordinate evidence.
M0G-F-G3-B006-TO,G3,BEAM_SUPPORT_FACE,7,,G3-B006,TO,Y_NEG,16.1000,23.2000,6.4000,40,40,DOC,DOC_METRIC_OR_AXIS+UPPER_SHEET_REGISTRATION_MIS,DOC+RIF,DOC,SUPPORT_CENTERLINE_RAY_INTERSECT_DOCUMENTED_SUPPORT_FACE,INF,CURRENT_DERIVED_WITH_PROVENANCE_WATCH,Exact analytical face point is derived; source topology/identity evidence remains separate and is not promoted to DOC coordinate evidence.
M0G-F-G3-B007-FROM,G3,BEAM_SUPPORT_FACE,7,,G3-B007,FROM,Y_POS,16.1000,23.6000,6.4000,40,40,DOC,DOC_METRIC_OR_AXIS+UPPER_SHEET_REGISTRATION_MIS,DOC+RIF,DOC,SUPPORT_CENTERLINE_RAY_INTERSECT_DOCUMENTED_SUPPORT_FACE,INF,CURRENT_DERIVED_WITH_PROVENANCE_WATCH,Exact analytical face point is derived; source topology/identity evidence remains separate and is not promoted to DOC coordinate evidence.
M0G-F-G3-B007-TO,G3,BEAM_SUPPORT_FACE,8,,G3-B007,TO,Y_NEG,16.1000,27.9000,6.4000,40,40,DOC,DOC_METRIC_OR_AXIS+UPPER_SHEET_REGISTRATION_MIS,DOC+RIF,DOC,SUPPORT_CENTERLINE_RAY_INTERSECT_DOCUMENTED_SUPPORT_FACE,INF,CURRENT_DERIVED_WITH_PROVENANCE_WATCH,Exact analytical face point is derived; source topology/identity evidence remains separate and is not promoted to DOC coordinate evidence.
M0G-F-G3-B008-FROM,G3,BEAM_SUPPORT_FACE,1,,G3-B008,FROM,X_NEG,17.8000,0.0000,6.4000,40,40,DOC,DOC_METRIC_OR_AXIS+UPPER_SHEET_REGISTRATION_MIS,DOC+RIF,DOC,SUPPORT_CENTERLINE_RAY_INTERSECT_DOCUMENTED_SUPPORT_FACE,INF,CURRENT_DERIVED_WITH_PROVENANCE_WATCH,Exact analytical face point is derived; source topology/identity evidence remains separate and is not promoted to DOC coordinate evidence.
M0G-F-G3-B008-TO,G3,BEAM_SUPPORT_FACE,9,,G3-B008,TO,X_POS,12.6000,0.0000,6.4000,40,40,DOC,DOC_METRIC_OR_AXIS+UPPER_SHEET_REGISTRATION_MIS,DOC+RIF,DOC,SUPPORT_CENTERLINE_RAY_INTERSECT_DOCUMENTED_SUPPORT_FACE,INF,CURRENT_DERIVED_WITH_PROVENANCE_WATCH,Exact analytical face point is derived; source topology/identity evidence remains separate and is not promoted to DOC coordinate evidence.
M0G-F-G3-B009-FROM,G3,BEAM_SUPPORT_FACE,2,,G3-B009,FROM,X_NEG,17.8000,4.7000,6.4000,40,40,DOC,DOC_METRIC_OR_AXIS+UPPER_SHEET_REGISTRATION_MIS,DOC+RIF,DOC,SUPPORT_CENTERLINE_RAY_INTERSECT_DOCUMENTED_SUPPORT_FACE,INF,CURRENT_DERIVED_WITH_PROVENANCE_WATCH,Exact analytical face point is derived; source topology/identity evidence remains separate and is not promoted to DOC coordinate evidence.
M0G-F-G3-B009-TO,G3,BEAM_SUPPORT_FACE,10,,G3-B009,TO,X_POS,12.6500,4.7000,6.4000,50,30,DOC,DOC_METRIC_OR_AXIS+UPPER_SHEET_REGISTRATION_MIS,DOC+RIF,DOC,SUPPORT_CENTERLINE_RAY_INTERSECT_DOCUMENTED_SUPPORT_FACE,INF,CURRENT_DERIVED_WITH_PROVENANCE_WATCH,Exact analytical face point is derived; source topology/identity evidence remains separate and is not promoted to DOC coordinate evidence.
M0G-F-G3-B010-FROM,G3,BEAM_SUPPORT_FACE,3,,G3-B010,FROM,X_NEG,17.8000,9.8000,6.4000,40,40,DOC,DOC_METRIC_OR_AXIS+UPPER_SHEET_REGISTRATION_MIS,DOC+RIF,DOC,SUPPORT_CENTERLINE_RAY_INTERSECT_DOCUMENTED_SUPPORT_FACE,INF,CURRENT_DERIVED_WITH_PROVENANCE_WATCH,Exact analytical face point is derived; source topology/identity evidence remains separate and is not promoted to DOC coordinate evidence.
M0G-F-G3-B010-TO,G3,BEAM_SUPPORT_FACE,11,,G3-B010,TO,X_POS,12.6500,9.8000,6.4000,50,30,DOC,DOC_METRIC_OR_AXIS+UPPER_SHEET_REGISTRATION_MIS,DOC+RIF,DOC,SUPPORT_CENTERLINE_RAY_INTERSECT_DOCUMENTED_SUPPORT_FACE,INF,CURRENT_DERIVED_WITH_PROVENANCE_WATCH,Exact analytical face point is derived; source topology/identity evidence remains separate and is not promoted to DOC coordinate evidence.
M0G-F-G3-B011-FROM,G3,BEAM_SUPPORT_FACE,6,,G3-B011,FROM,X_NEG,15.9000,18.1000,6.4000,40,40,DOC,DOC_METRIC_OR_AXIS+UPPER_SHEET_REGISTRATION_MIS,DOC+RIF,DOC,SUPPORT_CENTERLINE_RAY_INTERSECT_DOCUMENTED_SUPPORT_FACE,INF,CURRENT_DERIVED_WITH_PROVENANCE_WATCH,Exact analytical face point is derived; source topology/identity evidence remains separate and is not promoted to DOC coordinate evidence.
M0G-F-G3-B011-TO,G3,BEAM_SUPPORT_FACE,14,,G3-B011,TO,X_POS,11.7000,18.1000,6.4000,50,30,DOC,DOC_METRIC_OR_AXIS+UPPER_SHEET_REGISTRATION_MIS,DOC+RIF,DOC,SUPPORT_CENTERLINE_RAY_INTERSECT_DOCUMENTED_SUPPORT_FACE,INF,CURRENT_DERIVED_WITH_PROVENANCE_WATCH,Exact analytical face point is derived; source topology/identity evidence remains separate and is not promoted to DOC coordinate evidence.
M0G-F-G3-B012-FROM,G3,BEAM_SUPPORT_FACE,7,,G3-B012,FROM,X_NEG,15.9000,23.4000,6.4000,40,40,DOC,DOC_METRIC_OR_AXIS+UPPER_SHEET_REGISTRATION_MIS,DOC+RIF,DOC,SUPPORT_CENTERLINE_RAY_INTERSECT_DOCUMENTED_SUPPORT_FACE,INF,CURRENT_DERIVED_WITH_PROVENANCE_WATCH,Exact analytical face point is derived; source topology/identity evidence remains separate and is not promoted to DOC coordinate evidence.
M0G-F-G3-B012-TO,G3,BEAM_SUPPORT_FACE,15,,G3-B012,TO,X_POS,11.7000,23.4000,6.4000,50,30,DOC,DOC_METRIC_OR_AXIS+UPPER_SHEET_REGISTRATION_MIS,DOC+RIF,DOC,SUPPORT_CENTERLINE_RAY_INTERSECT_DOCUMENTED_SUPPORT_FACE,INF,CURRENT_DERIVED_WITH_PROVENANCE_WATCH,Exact analytical face point is derived; source topology/identity evidence remains separate and is not promoted to DOC coordinate evidence.
M0G-F-G3-B013-FROM,G3,BEAM_SUPPORT_FACE,8,,G3-B013,FROM,X_NEG,15.9000,28.1000,6.4000,40,40,DOC,DOC_METRIC_OR_AXIS+UPPER_SHEET_REGISTRATION_MIS,DOC+RIF,DOC,SUPPORT_CENTERLINE_RAY_INTERSECT_DOCUMENTED_SUPPORT_FACE,INF,CURRENT_DERIVED_WITH_PROVENANCE_WATCH,Exact analytical face point is derived; source topology/identity evidence remains separate and is not promoted to DOC coordinate evidence.
M0G-F-G3-B013-TO,G3,BEAM_SUPPORT_FACE,16,,G3-B013,TO,X_POS,11.6500,28.1000,6.4000,40,40,DOC,DOC_METRIC_OR_AXIS+UPPER_SHEET_REGISTRATION_MIS,DOC+RIF,DOC,SUPPORT_CENTERLINE_RAY_INTERSECT_DOCUMENTED_SUPPORT_FACE,INF,CURRENT_DERIVED_WITH_PROVENANCE_WATCH,Exact analytical face point is derived; source topology/identity evidence remains separate and is not promoted to DOC coordinate evidence.
M0G-F-G3-B014-FROM,G3,BEAM_SUPPORT_FACE,9,,G3-B014,FROM,Y_POS,12.4000,0.2000,6.4000,40,40,DOC,DOC_METRIC_OR_AXIS+UPPER_SHEET_REGISTRATION_MIS,DOC+RIF,DOC,SUPPORT_CENTERLINE_RAY_INTERSECT_DOCUMENTED_SUPPORT_FACE,INF,CURRENT_DERIVED_WITH_PROVENANCE_WATCH,Exact analytical face point is derived; source topology/identity evidence remains separate and is not promoted to DOC coordinate evidence.
M0G-F-G3-B014-TO,G3,BEAM_SUPPORT_FACE,10,,G3-B014,TO,Y_NEG,12.4000,4.5500,6.4000,50,30,DOC,DOC_METRIC_OR_AXIS+UPPER_SHEET_REGISTRATION_MIS,DOC+RIF,DOC,SUPPORT_CENTERLINE_RAY_INTERSECT_DOCUMENTED_SUPPORT_FACE,INF,CURRENT_DERIVED_WITH_PROVENANCE_WATCH,Exact analytical face point is derived; source topology/identity evidence remains separate and is not promoted to DOC coordinate evidence.
M0G-F-G3-B015-FROM,G3,BEAM_SUPPORT_FACE,10,,G3-B015,FROM,Y_POS,12.4000,4.8500,6.4000,50,30,DOC,DOC_METRIC_OR_AXIS+UPPER_SHEET_REGISTRATION_MIS,DOC+RIF,DOC,SUPPORT_CENTERLINE_RAY_INTERSECT_DOCUMENTED_SUPPORT_FACE,INF,CURRENT_DERIVED_WITH_PROVENANCE_WATCH,Exact analytical face point is derived; source topology/identity evidence remains separate and is not promoted to DOC coordinate evidence.
M0G-F-G3-B015-TO,G3,BEAM_SUPPORT_FACE,11,,G3-B015,TO,Y_NEG,12.4000,9.6500,6.4000,50,30,DOC,DOC_METRIC_OR_AXIS+UPPER_SHEET_REGISTRATION_MIS,DOC+RIF,DOC,SUPPORT_CENTERLINE_RAY_INTERSECT_DOCUMENTED_SUPPORT_FACE,INF,CURRENT_DERIVED_WITH_PROVENANCE_WATCH,Exact analytical face point is derived; source topology/identity evidence remains separate and is not promoted to DOC coordinate evidence.
M0G-F-G3-B016-FROM,G3,BEAM_SUPPORT_FACE,11,,G3-B016,FROM,Y_POS,12.4000,9.9500,6.4000,50,30,DOC,DOC_METRIC_OR_AXIS+UPPER_SHEET_REGISTRATION_MIS,DOC+RIF,DOC,SUPPORT_CENTERLINE_RAY_INTERSECT_DOCUMENTED_SUPPORT_FACE,INF,CURRENT_DERIVED_WITH_PROVENANCE_WATCH,Exact analytical face point is derived; source topology/identity evidence remains separate and is not promoted to DOC coordinate evidence.
M0G-F-G3-B016-TO,G3,BEAM_SUPPORT_FACE,12,,G3-B016,TO,Y_NEG,12.4000,12.8225,6.4000,30,50,DOC,MIS_AFFINE+UPPER_SHEET_REGISTRATION_MIS,DOC+RIF,DOC,SUPPORT_CENTERLINE_RAY_INTERSECT_DOCUMENTED_SUPPORT_FACE,INF,CURRENT_DERIVED_WITH_PROVENANCE_WATCH,Exact analytical face point is derived; source topology/identity evidence remains separate and is not promoted to DOC coordinate evidence.
M0G-F-G3-B017-FROM,G3,BEAM_SUPPORT_FACE,13,,G3-B017,FROM,Y_POS,11.4500,15.3500,6.4000,50,30,DOC,DOC_METRIC_OR_AXIS+UPPER_SHEET_REGISTRATION_MIS,DOC+RIF,DOC,SUPPORT_CENTERLINE_RAY_INTERSECT_DOCUMENTED_SUPPORT_FACE,INF,CURRENT_DERIVED_WITH_PROVENANCE_WATCH,Exact analytical face point is derived; source topology/identity evidence remains separate and is not promoted to DOC coordinate evidence.
M0G-F-G3-B017-TO,G3,BEAM_SUPPORT_FACE,14,,G3-B017,TO,Y_NEG,11.4500,17.9500,6.4000,50,30,DOC,DOC_METRIC_OR_AXIS+UPPER_SHEET_REGISTRATION_MIS,DOC+RIF,DOC,SUPPORT_CENTERLINE_RAY_INTERSECT_DOCUMENTED_SUPPORT_FACE,INF,CURRENT_DERIVED_WITH_PROVENANCE_WATCH,Exact analytical face point is derived; source topology/identity evidence remains separate and is not promoted to DOC coordinate evidence.
M0G-F-G3-B018-FROM,G3,BEAM_SUPPORT_FACE,14,,G3-B018,FROM,Y_POS,11.4500,18.2500,6.4000,50,30,DOC,DOC_METRIC_OR_AXIS+UPPER_SHEET_REGISTRATION_MIS,DOC+RIF,DOC,SUPPORT_CENTERLINE_RAY_INTERSECT_DOCUMENTED_SUPPORT_FACE,INF,CURRENT_DERIVED_WITH_PROVENANCE_WATCH,Exact analytical face point is derived; source topology/identity evidence remains separate and is not promoted to DOC coordinate evidence.
M0G-F-G3-B018-TO,G3,BEAM_SUPPORT_FACE,15,,G3-B018,TO,Y_NEG,11.4500,23.2500,6.4000,50,30,DOC,DOC_METRIC_OR_AXIS+UPPER_SHEET_REGISTRATION_MIS,DOC+RIF,DOC,SUPPORT_CENTERLINE_RAY_INTERSECT_DOCUMENTED_SUPPORT_FACE,INF,CURRENT_DERIVED_WITH_PROVENANCE_WATCH,Exact analytical face point is derived; source topology/identity evidence remains separate and is not promoted to DOC coordinate evidence.
M0G-F-G3-B019-FROM,G3,BEAM_SUPPORT_FACE,15,,G3-B019,FROM,Y_POS,11.4500,23.5500,6.4000,50,30,DOC,DOC_METRIC_OR_AXIS+UPPER_SHEET_REGISTRATION_MIS,DOC+RIF,DOC,SUPPORT_CENTERLINE_RAY_INTERSECT_DOCUMENTED_SUPPORT_FACE,INF,CURRENT_DERIVED_WITH_PROVENANCE_WATCH,Exact analytical face point is derived; source topology/identity evidence remains separate and is not promoted to DOC coordinate evidence.
M0G-F-G3-B019-TO,G3,BEAM_SUPPORT_FACE,16,,G3-B019,TO,Y_NEG,11.4500,27.9000,6.4000,40,40,DOC,DOC_METRIC_OR_AXIS+UPPER_SHEET_REGISTRATION_MIS,DOC+RIF,DOC,SUPPORT_CENTERLINE_RAY_INTERSECT_DOCUMENTED_SUPPORT_FACE,INF,CURRENT_DERIVED_WITH_PROVENANCE_WATCH,Exact analytical face point is derived; source topology/identity evidence remains separate and is not promoted to DOC coordinate evidence.
M0G-F-G3-B020-FROM,G3,BEAM_SUPPORT_FACE,11,,G3-B020,FROM,X_NEG,12.1500,9.8000,6.4000,50,30,DOC,DOC_METRIC_OR_AXIS+UPPER_SHEET_REGISTRATION_MIS,DOC+RIF,DOC,SUPPORT_CENTERLINE_RAY_INTERSECT_DOCUMENTED_SUPPORT_FACE,INF,CURRENT_DERIVED_WITH_PROVENANCE_WATCH,Exact analytical face point is derived; source topology/identity evidence remains separate and is not promoted to DOC coordinate evidence.
M0G-F-G3-B020-TO,G3,BEAM_SUPPORT_FACE,20,,G3-B020,TO,X_POS,7.8818,9.8000,6.4000,50,30,DOC,MIS_AFFINE_WATCH+UPPER_SHEET_REGISTRATION_MIS,DOC+RIF,DOC,SUPPORT_CENTERLINE_RAY_INTERSECT_DOCUMENTED_SUPPORT_FACE,INF,CURRENT_DERIVED_WITH_PROVENANCE_WATCH,Exact analytical face point is derived; source topology/identity evidence remains separate and is not promoted to DOC coordinate evidence.
M0G-F-G3-B021-FROM,G3,BEAM_SUPPORT_FACE,10,,G3-B021,FROM,X_NEG,12.1500,4.7000,6.4000,50,30,DOC,DOC_METRIC_OR_AXIS+UPPER_SHEET_REGISTRATION_MIS,DOC+RIF,DOC,SUPPORT_CENTERLINE_RAY_INTERSECT_DOCUMENTED_SUPPORT_FACE,INF,CURRENT_DERIVED_WITH_PROVENANCE_WATCH,Exact analytical face point is derived; source topology/identity evidence remains separate and is not promoted to DOC coordinate evidence.
M0G-F-G3-B021-TO,G3,BEAM_SUPPORT_FACE,18,,G3-B021,TO,X_POS,7.3740,4.7000,6.4000,30,110,MIS,MIS_AFFINE_EXTENDED+UPPER_SHEET_REGISTRATION_MIS,DOC+RIF,DOC,SUPPORT_CENTERLINE_RAY_INTERSECT_DOCUMENTED_SUPPORT_FACE,INF,CURRENT_DERIVED_WITH_PROVENANCE_WATCH,Exact analytical face point is derived; source topology/identity evidence remains separate and is not promoted to DOC coordinate evidence.
M0G-F-G3-B022-FROM,G3,BEAM_SUPPORT_FACE,9,,G3-B022,FROM,X_NEG,12.2000,0.0000,6.4000,40,40,DOC,DOC_METRIC_OR_AXIS+UPPER_SHEET_REGISTRATION_MIS,DOC+RIF,DOC,SUPPORT_CENTERLINE_RAY_INTERSECT_DOCUMENTED_SUPPORT_FACE,INF,CURRENT_DERIVED_WITH_PROVENANCE_WATCH,Exact analytical face point is derived; source topology/identity evidence remains separate and is not promoted to DOC coordinate evidence.
M0G-F-G3-B022-TO,G3,BEAM_SUPPORT_FACE,17,,G3-B022,TO,X_POS,7.1000,0.0000,6.4000,40,40,DOC,DOC_METRIC_OR_AXIS+UPPER_SHEET_REGISTRATION_MIS,DOC+RIF,DOC,SUPPORT_CENTERLINE_RAY_INTERSECT_DOCUMENTED_SUPPORT_FACE,INF,CURRENT_DERIVED_WITH_PROVENANCE_WATCH,Exact analytical face point is derived; source topology/identity evidence remains separate and is not promoted to DOC coordinate evidence.
M0G-F-G3-B023-FROM,G3,BEAM_SUPPORT_FACE,13,,G3-B023,FROM,X_NEG,11.2000,15.2000,6.4000,50,30,DOC,DOC_METRIC_OR_AXIS+UPPER_SHEET_REGISTRATION_MIS,DOC+RIF,DOC,SUPPORT_CENTERLINE_RAY_INTERSECT_DOCUMENTED_SUPPORT_FACE,INF,CURRENT_DERIVED_WITH_PROVENANCE_WATCH,Exact analytical face point is derived; source topology/identity evidence remains separate and is not promoted to DOC coordinate evidence.
M0G-F-G3-B023-TO,G3,BEAM_SUPPORT_FACE,21,,G3-B023,TO,X_POS,5.7000,15.2000,6.4000,30,50,MIS,SUPPORTED_REFERENCE_REBOUND+UPPER_SHEET_REGISTRATION_MIS,DOC+RIF,DOC,SUPPORT_CENTERLINE_RAY_INTERSECT_DOCUMENTED_SUPPORT_FACE,INF,CURRENT_DERIVED_WITH_PROVENANCE_WATCH,Exact analytical face point is derived; source topology/identity evidence remains separate and is not promoted to DOC coordinate evidence.
M0G-F-G3-B024-FROM,G3,BEAM_SUPPORT_FACE,14,,G3-B024,FROM,X_NEG,11.2000,18.1000,6.4000,50,30,DOC,DOC_METRIC_OR_AXIS+UPPER_SHEET_REGISTRATION_MIS,DOC+RIF,DOC,SUPPORT_CENTERLINE_RAY_INTERSECT_DOCUMENTED_SUPPORT_FACE,INF,CURRENT_DERIVED_WITH_PROVENANCE_WATCH,Exact analytical face point is derived; source topology/identity evidence remains separate and is not promoted to DOC coordinate evidence.
M0G-F-G3-B024-TO,G3,BEAM_SUPPORT_FACE,22,,G3-B024,TO,X_POS,5.7000,18.1000,6.4000,30,50,DOC,SUPPORTED_REFERENCE_REBOUND+UPPER_SHEET_REGISTRATION_MIS,DOC+RIF,DOC,SUPPORT_CENTERLINE_RAY_INTERSECT_DOCUMENTED_SUPPORT_FACE,INF,CURRENT_DERIVED_WITH_PROVENANCE_WATCH,Exact analytical face point is derived; source topology/identity evidence remains separate and is not promoted to DOC coordinate evidence.
M0G-F-G3-B025-FROM,G3,BEAM_SUPPORT_FACE,15,,G3-B025,FROM,X_NEG,11.2000,23.4000,6.4000,50,30,DOC,DOC_METRIC_OR_AXIS+UPPER_SHEET_REGISTRATION_MIS,DOC+RIF,DOC,SUPPORT_CENTERLINE_RAY_INTERSECT_DOCUMENTED_SUPPORT_FACE,INF,CURRENT_DERIVED_WITH_PROVENANCE_WATCH,Exact analytical face point is derived; source topology/identity evidence remains separate and is not promoted to DOC coordinate evidence.
M0G-F-G3-B025-TO,G3,BEAM_SUPPORT_FACE,23,,G3-B025,TO,X_POS,5.3789,23.4000,6.4000,30,110,DOC,MIS_AFFINE_EXTENDED+UPPER_SHEET_REGISTRATION_MIS,DOC+RIF,DOC,SUPPORT_CENTERLINE_RAY_INTERSECT_DOCUMENTED_SUPPORT_FACE,INF,CURRENT_DERIVED_WITH_PROVENANCE_WATCH,Exact analytical face point is derived; source topology/identity evidence remains separate and is not promoted to DOC coordinate evidence.
M0G-F-G3-B026-FROM,G3,BEAM_SUPPORT_FACE,16,,G3-B026,FROM,X_NEG,11.2500,28.1000,6.4000,40,40,DOC,DOC_METRIC_OR_AXIS+UPPER_SHEET_REGISTRATION_MIS,DOC+RIF,DOC,SUPPORT_CENTERLINE_RAY_INTERSECT_DOCUMENTED_SUPPORT_FACE,INF,CURRENT_DERIVED_WITH_PROVENANCE_WATCH,Exact analytical face point is derived; source topology/identity evidence remains separate and is not promoted to DOC coordinate evidence.
M0G-F-G3-B026-TO,G3,BEAM_SUPPORT_FACE,24,,G3-B026,TO,X_POS,5.2000,28.1000,6.4000,40,40,DOC,DOC_METRIC_OR_AXIS+UPPER_SHEET_REGISTRATION_MIS,DOC+RIF,DOC,SUPPORT_CENTERLINE_RAY_INTERSECT_DOCUMENTED_SUPPORT_FACE,INF,CURRENT_DERIVED_WITH_PROVENANCE_WATCH,Exact analytical face point is derived; source topology/identity evidence remains separate and is not promoted to DOC coordinate evidence.
M0G-F-G3-B027-FROM,G3,BEAM_SUPPORT_FACE,19,,G3-B027,FROM,Y_POS,7.6318,9.1500,6.4000,40,40,DOC,MIS_AFFINE_WATCH+UPPER_SHEET_REGISTRATION_MIS,DOC+RIF,DOC,SUPPORT_CENTERLINE_RAY_INTERSECT_DOCUMENTED_SUPPORT_FACE,INF,CURRENT_DERIVED_WITH_PROVENANCE_WATCH,Exact analytical face point is derived; source topology/identity evidence remains separate and is not promoted to DOC coordinate evidence.
M0G-F-G3-B027-TO,G3,BEAM_SUPPORT_FACE,20,,G3-B027,TO,Y_NEG,7.6318,9.6500,6.4000,50,30,DOC,MIS_AFFINE_WATCH+UPPER_SHEET_REGISTRATION_MIS,DOC+RIF,DOC,SUPPORT_CENTERLINE_RAY_INTERSECT_DOCUMENTED_SUPPORT_FACE,INF,CURRENT_DERIVED_WITH_PROVENANCE_WATCH,Exact analytical face point is derived; source topology/identity evidence remains separate and is not promoted to DOC coordinate evidence.
M0G-F-G3-B028-FROM,G3,BEAM_SUPPORT_FACE,18,,G3-B028,FROM,Y_POS,7.2768,5.2500,6.4000,30,110,MIS,MIS_AFFINE_EXTENDED+UPPER_SHEET_REGISTRATION_MIS,DOC+RIF,DOC,SUPPORT_CENTERLINE_RAY_INTERSECT_DOCUMENTED_SUPPORT_FACE,INF,CURRENT_DERIVED_WITH_PROVENANCE_WATCH,Exact analytical face point is derived; source topology/identity evidence remains separate and is not promoted to DOC coordinate evidence.
M0G-F-G3-B028-TO,G3,BEAM_SUPPORT_FACE,19,,G3-B028,TO,Y_NEG,7.6126,8.7500,6.4000,40,40,DOC,MIS_AFFINE_WATCH+UPPER_SHEET_REGISTRATION_MIS,DOC+RIF,DOC,SUPPORT_CENTERLINE_RAY_INTERSECT_DOCUMENTED_SUPPORT_FACE,INF,CURRENT_DERIVED_WITH_PROVENANCE_WATCH,Exact analytical face point is derived; source topology/identity evidence remains separate and is not promoted to DOC coordinate evidence.
M0G-F-G3-B029-FROM,G3,BEAM_SUPPORT_FACE,17,,G3-B029,FROM,Y_POS,6.9138,0.2000,6.4000,40,40,DOC,DOC_METRIC_OR_AXIS+UPPER_SHEET_REGISTRATION_MIS,DOC+RIF,DOC,SUPPORT_CENTERLINE_RAY_INTERSECT_DOCUMENTED_SUPPORT_FACE,INF,CURRENT_DERIVED_WITH_PROVENANCE_WATCH,Exact analytical face point is derived; source topology/identity evidence remains separate and is not promoted to DOC coordinate evidence.
M0G-F-G3-B029-TO,G3,BEAM_SUPPORT_FACE,18,,G3-B029,TO,Y_NEG,7.1861,4.1500,6.4000,30,110,MIS,MIS_AFFINE_EXTENDED+UPPER_SHEET_REGISTRATION_MIS,DOC+RIF,DOC,SUPPORT_CENTERLINE_RAY_INTERSECT_DOCUMENTED_SUPPORT_FACE,INF,CURRENT_DERIVED_WITH_PROVENANCE_WATCH,Exact analytical face point is derived; source topology/identity evidence remains separate and is not promoted to DOC coordinate evidence.
M0G-F-G3-B030-FROM,G3,BEAM_SUPPORT_FACE,19,,G3-B030,FROM,X_NEG,7.4318,8.9500,6.4000,40,40,DOC,MIS_AFFINE_WATCH+UPPER_SHEET_REGISTRATION_MIS,DOC+RIF,DOC,SUPPORT_CENTERLINE_RAY_INTERSECT_DOCUMENTED_SUPPORT_FACE,INF,CURRENT_DERIVED_WITH_PROVENANCE_WATCH,Exact analytical face point is derived; source topology/identity evidence remains separate and is not promoted to DOC coordinate evidence.
M0G-F-G3-B030-TO,G3,BEAM_SUPPORT_FACE,25,,G3-B030,TO,X_POS,3.6500,8.9500,6.4000,40,40,DOC,DOC_METRIC_OR_AXIS+UPPER_SHEET_REGISTRATION_MIS,DOC+RIF,DOC,SUPPORT_CENTERLINE_RAY_INTERSECT_DOCUMENTED_SUPPORT_FACE,INF,CURRENT_DERIVED_WITH_PROVENANCE_WATCH,Exact analytical face point is derived; source topology/identity evidence remains separate and is not promoted to DOC coordinate evidence.
M0G-F-G3-B031-FROM,G3,BEAM_SUPPORT_FACE,21,,G3-B031,FROM,Y_POS,5.5500,15.4500,6.4000,30,50,MIS,SUPPORTED_REFERENCE_REBOUND+UPPER_SHEET_REGISTRATION_MIS,DOC+RIF,DOC,SUPPORT_CENTERLINE_RAY_INTERSECT_DOCUMENTED_SUPPORT_FACE,INF,CURRENT_DERIVED_WITH_PROVENANCE_WATCH,Exact analytical face point is derived; source topology/identity evidence remains separate and is not promoted to DOC coordinate evidence.
M0G-F-G3-B031-TO,G3,BEAM_SUPPORT_FACE,22,,G3-B031,TO,Y_NEG,5.5500,17.8500,6.4000,30,50,DOC,SUPPORTED_REFERENCE_REBOUND+UPPER_SHEET_REGISTRATION_MIS,DOC+RIF,DOC,SUPPORT_CENTERLINE_RAY_INTERSECT_DOCUMENTED_SUPPORT_FACE,INF,CURRENT_DERIVED_WITH_PROVENANCE_WATCH,Exact analytical face point is derived; source topology/identity evidence remains separate and is not promoted to DOC coordinate evidence.
M0G-F-G3-B032-FROM,G3,BEAM_SUPPORT_FACE,22,,G3-B032,FROM,Y_POS,5.5500,18.3500,6.4000,30,50,DOC,SUPPORTED_REFERENCE_REBOUND+UPPER_SHEET_REGISTRATION_MIS,DOC+RIF,DOC,SUPPORT_CENTERLINE_RAY_INTERSECT_DOCUMENTED_SUPPORT_FACE,INF,CURRENT_DERIVED_WITH_PROVENANCE_WATCH,Exact analytical face point is derived; source topology/identity evidence remains separate and is not promoted to DOC coordinate evidence.
M0G-F-G3-B032-TO,G3,BEAM_SUPPORT_FACE,22',,G3-B032,TO,Y_NEG,5.5500,19.0800,6.4000,40,40,DOC,SUPPORTED_REFERENCE_PLUS_MIS+UPPER_SHEET_REGISTRATION_MIS,DOC+RIF,DOC,SUPPORT_CENTERLINE_RAY_INTERSECT_DOCUMENTED_SUPPORT_FACE,INF,CURRENT_DERIVED_WITH_PROVENANCE_WATCH,Exact analytical face point is derived; source topology/identity evidence remains separate and is not promoted to DOC coordinate evidence.
M0G-F-G3-B033-FROM,G3,BEAM_SUPPORT_FACE,22',,G3-B033,FROM,Y_POS,5.5344,19.4800,6.4000,40,40,DOC,SUPPORTED_REFERENCE_PLUS_MIS+UPPER_SHEET_REGISTRATION_MIS,DOC+RIF,DOC,SUPPORT_CENTERLINE_RAY_INTERSECT_DOCUMENTED_SUPPORT_FACE,INF,CURRENT_DERIVED_WITH_PROVENANCE_WATCH,Exact analytical face point is derived; source topology/identity evidence remains separate and is not promoted to DOC coordinate evidence.
M0G-F-G3-B033-TO,G3,BEAM_SUPPORT_FACE,23,,G3-B033,TO,Y_NEG,5.2718,22.8500,6.4000,30,110,DOC,MIS_AFFINE_EXTENDED+UPPER_SHEET_REGISTRATION_MIS,DOC+RIF,DOC,SUPPORT_CENTERLINE_RAY_INTERSECT_DOCUMENTED_SUPPORT_FACE,INF,CURRENT_DERIVED_WITH_PROVENANCE_WATCH,Exact analytical face point is derived; source topology/identity evidence remains separate and is not promoted to DOC coordinate evidence.
M0G-F-G3-B034-FROM,G3,BEAM_SUPPORT_FACE,23,,G3-B034,FROM,Y_POS,5.2021,23.9500,6.4000,30,110,DOC,MIS_AFFINE_EXTENDED+UPPER_SHEET_REGISTRATION_MIS,DOC+RIF,DOC,SUPPORT_CENTERLINE_RAY_INTERSECT_DOCUMENTED_SUPPORT_FACE,INF,CURRENT_DERIVED_WITH_PROVENANCE_WATCH,Exact analytical face point is derived; source topology/identity evidence remains separate and is not promoted to DOC coordinate evidence.
M0G-F-G3-B034-TO,G3,BEAM_SUPPORT_FACE,24,,G3-B034,TO,Y_NEG,5.0097,27.9000,6.4000,40,40,DOC,DOC_METRIC_OR_AXIS+UPPER_SHEET_REGISTRATION_MIS,DOC+RIF,DOC,SUPPORT_CENTERLINE_RAY_INTERSECT_DOCUMENTED_SUPPORT_FACE,INF,CURRENT_DERIVED_WITH_PROVENANCE_WATCH,Exact analytical face point is derived; source topology/identity evidence remains separate and is not promoted to DOC coordinate evidence.
M0G-F-G3-B035-FROM,G3,BEAM_SUPPORT_FACE,21,,G3-B035,FROM,X_NEG,5.4000,15.2000,6.4000,30,50,MIS,SUPPORTED_REFERENCE_REBOUND+UPPER_SHEET_REGISTRATION_MIS,DOC+RIF,DOC,SUPPORT_CENTERLINE_RAY_INTERSECT_DOCUMENTED_SUPPORT_FACE,INF,CURRENT_DERIVED_WITH_PROVENANCE_WATCH,Exact analytical face point is derived; source topology/identity evidence remains separate and is not promoted to DOC coordinate evidence.
M0G-F-G3-B035-TO,G3,BEAM_SUPPORT_FACE,26,,G3-B035,TO,X_POS,3.6000,15.2000,6.4000,30,50,DOC,DOC_METRIC_OR_AXIS+UPPER_SHEET_REGISTRATION_MIS,DOC+RIF,DOC,SUPPORT_CENTERLINE_RAY_INTERSECT_DOCUMENTED_SUPPORT_FACE,INF,CURRENT_DERIVED_WITH_PROVENANCE_WATCH,Exact analytical face point is derived; source topology/identity evidence remains separate and is not promoted to DOC coordinate evidence.
M0G-F-G3-B036-FROM,G3,BEAM_SUPPORT_FACE,22',,G3-B036,FROM,X_NEG,5.3500,19.2800,6.4000,40,40,DOC,SUPPORTED_REFERENCE_PLUS_MIS+UPPER_SHEET_REGISTRATION_MIS,DOC+RIF,DOC,SUPPORT_CENTERLINE_RAY_INTERSECT_DOCUMENTED_SUPPORT_FACE,INF,CURRENT_DERIVED_WITH_PROVENANCE_WATCH,Exact analytical face point is derived; source topology/identity evidence remains separate and is not promoted to DOC coordinate evidence.
M0G-F-G3-B036-TO,G3,BEAM_SUPPORT_FACE,27,,G3-B036,TO,X_POS,3.6500,19.2800,6.4000,40,40,DOC,SUPPORTED_MIS_SHARED_ROW+UPPER_SHEET_REGISTRATION_MIS,DOC+RIF,DOC,SUPPORT_CENTERLINE_RAY_INTERSECT_DOCUMENTED_SUPPORT_FACE,INF,CURRENT_DERIVED_WITH_PROVENANCE_WATCH,Exact analytical face point is derived; source topology/identity evidence remains separate and is not promoted to DOC coordinate evidence.
M0G-F-G3-B037-FROM,G3,BEAM_SUPPORT_FACE,25,,G3-B037,FROM,Y_POS,3.4500,9.1500,6.4000,40,40,DOC,DOC_METRIC_OR_AXIS+UPPER_SHEET_REGISTRATION_MIS,DOC+RIF,DOC,SUPPORT_CENTERLINE_RAY_INTERSECT_DOCUMENTED_SUPPORT_FACE,INF,CURRENT_DERIVED_WITH_PROVENANCE_WATCH,Exact analytical face point is derived; source topology/identity evidence remains separate and is not promoted to DOC coordinate evidence.
M0G-F-G3-B037-TO,G3,BEAM_SUPPORT_FACE,26,,G3-B037,TO,Y_NEG,3.4500,14.9500,6.4000,30,50,DOC,DOC_METRIC_OR_AXIS+UPPER_SHEET_REGISTRATION_MIS,DOC+RIF,DOC,SUPPORT_CENTERLINE_RAY_INTERSECT_DOCUMENTED_SUPPORT_FACE,INF,CURRENT_DERIVED_WITH_PROVENANCE_WATCH,Exact analytical face point is derived; source topology/identity evidence remains separate and is not promoted to DOC coordinate evidence.
M0G-F-G3-B038-FROM,G3,BEAM_SUPPORT_FACE,26,,G3-B038,FROM,Y_POS,3.4500,15.4500,6.4000,30,50,DOC,DOC_METRIC_OR_AXIS+UPPER_SHEET_REGISTRATION_MIS,DOC+RIF,DOC,SUPPORT_CENTERLINE_RAY_INTERSECT_DOCUMENTED_SUPPORT_FACE,INF,CURRENT_DERIVED_WITH_PROVENANCE_WATCH,Exact analytical face point is derived; source topology/identity evidence remains separate and is not promoted to DOC coordinate evidence.
M0G-F-G3-B038-TO,G3,BEAM_SUPPORT_FACE,27,,G3-B038,TO,Y_NEG,3.4500,19.0800,6.4000,40,40,DOC,SUPPORTED_MIS_SHARED_ROW+UPPER_SHEET_REGISTRATION_MIS,DOC+RIF,DOC,SUPPORT_CENTERLINE_RAY_INTERSECT_DOCUMENTED_SUPPORT_FACE,INF,CURRENT_DERIVED_WITH_PROVENANCE_WATCH,Exact analytical face point is derived; source topology/identity evidence remains separate and is not promoted to DOC coordinate evidence.
M0G-F-G3-B039-FROM,G3,BEAM_SUPPORT_FACE,25,,G3-B039,FROM,X_NEG,3.2500,8.9500,6.4000,40,40,DOC,DOC_METRIC_OR_AXIS+UPPER_SHEET_REGISTRATION_MIS,DOC+RIF,DOC,SUPPORT_CENTERLINE_RAY_INTERSECT_DOCUMENTED_SUPPORT_FACE,INF,CURRENT_DERIVED_WITH_PROVENANCE_WATCH,Exact analytical face point is derived; source topology/identity evidence remains separate and is not promoted to DOC coordinate evidence.
M0G-F-G3-B039-TO,G3,BEAM_SUPPORT_FACE,28,,G3-B039,TO,X_POS,0.2000,8.9500,6.4000,40,40,DOC,DOC_METRIC_OR_AXIS+UPPER_SHEET_REGISTRATION_MIS,DOC+RIF,DOC,SUPPORT_CENTERLINE_RAY_INTERSECT_DOCUMENTED_SUPPORT_FACE,INF,CURRENT_DERIVED_WITH_PROVENANCE_WATCH,Exact analytical face point is derived; source topology/identity evidence remains separate and is not promoted to DOC coordinate evidence.
M0G-F-G3-B040-FROM,G3,BEAM_SUPPORT_FACE,26,,G3-B040,FROM,X_NEG,3.3000,15.2000,6.4000,30,50,DOC,DOC_METRIC_OR_AXIS+UPPER_SHEET_REGISTRATION_MIS,DOC+RIF,DOC,SUPPORT_CENTERLINE_RAY_INTERSECT_DOCUMENTED_SUPPORT_FACE,INF,CURRENT_DERIVED_WITH_PROVENANCE_WATCH,Exact analytical face point is derived; source topology/identity evidence remains separate and is not promoted to DOC coordinate evidence.
M0G-F-G3-B040-TO,G3,BEAM_SUPPORT_FACE,29,,G3-B040,TO,X_POS,0.1500,15.2000,6.4000,30,50,DOC,DOC_METRIC_OR_AXIS+UPPER_SHEET_REGISTRATION_MIS,DOC+RIF,DOC,SUPPORT_CENTERLINE_RAY_INTERSECT_DOCUMENTED_SUPPORT_FACE,INF,CURRENT_DERIVED_WITH_PROVENANCE_WATCH,Exact analytical face point is derived; source topology/identity evidence remains separate and is not promoted to DOC coordinate evidence.
M0G-F-G3-B041-FROM,G3,BEAM_SUPPORT_FACE,27,,G3-B041,FROM,X_NEG,3.2500,19.3063,6.4000,40,40,DOC,SUPPORTED_MIS_SHARED_ROW+UPPER_SHEET_REGISTRATION_MIS,DOC+RIF,DOC,SUPPORT_CENTERLINE_RAY_INTERSECT_DOCUMENTED_SUPPORT_FACE,INF,CURRENT_DERIVED_WITH_PROVENANCE_WATCH,Exact analytical face point is derived; source topology/identity evidence remains separate and is not promoted to DOC coordinate evidence.
M0G-F-G3-B041-TO,G3,BEAM_SUPPORT_FACE,30,,G3-B041,TO,X_POS,0.5500,19.6611,6.4000,110,30,DOC,SUPPORTED_REFERENCE_PLUS_MIS_EXTENDED+UPPER_SHEET_REGISTRATION_MIS,DOC+RIF,DOC,SUPPORT_CENTERLINE_RAY_INTERSECT_DOCUMENTED_SUPPORT_FACE,INF,CURRENT_DERIVED_WITH_PROVENANCE_WATCH,Exact analytical face point is derived; source topology/identity evidence remains separate and is not promoted to DOC coordinate evidence.
M0G-F-G3-B042-FROM,G3,BEAM_SUPPORT_FACE,28,,G3-B042,FROM,Y_POS,0.0000,9.1500,6.4000,40,40,DOC,DOC_METRIC_OR_AXIS+UPPER_SHEET_REGISTRATION_MIS,DOC+RIF,DOC,SUPPORT_CENTERLINE_RAY_INTERSECT_DOCUMENTED_SUPPORT_FACE,INF,CURRENT_DERIVED_WITH_PROVENANCE_WATCH,Exact analytical face point is derived; source topology/identity evidence remains separate and is not promoted to DOC coordinate evidence.
M0G-F-G3-B042-TO,G3,BEAM_SUPPORT_FACE,29,,G3-B042,TO,Y_NEG,0.0000,14.9500,6.4000,30,50,DOC,DOC_METRIC_OR_AXIS+UPPER_SHEET_REGISTRATION_MIS,DOC+RIF,DOC,SUPPORT_CENTERLINE_RAY_INTERSECT_DOCUMENTED_SUPPORT_FACE,INF,CURRENT_DERIVED_WITH_PROVENANCE_WATCH,Exact analytical face point is derived; source topology/identity evidence remains separate and is not promoted to DOC coordinate evidence.
M0G-F-G3-B043-FROM,G3,BEAM_SUPPORT_FACE,29,,G3-B043,FROM,Y_POS,0.0000,15.4500,6.4000,30,50,DOC,DOC_METRIC_OR_AXIS+UPPER_SHEET_REGISTRATION_MIS,DOC+RIF,DOC,SUPPORT_CENTERLINE_RAY_INTERSECT_DOCUMENTED_SUPPORT_FACE,INF,CURRENT_DERIVED_WITH_PROVENANCE_WATCH,Exact analytical face point is derived; source topology/identity evidence remains separate and is not promoted to DOC coordinate evidence.
M0G-F-G3-B043-TO,G3,BEAM_SUPPORT_FACE,30,,G3-B043,TO,Y_NEG,0.0000,19.5834,6.4000,110,30,DOC,SUPPORTED_REFERENCE_PLUS_MIS_EXTENDED+UPPER_SHEET_REGISTRATION_MIS,DOC+RIF,DOC,SUPPORT_CENTERLINE_RAY_INTERSECT_DOCUMENTED_SUPPORT_FACE,INF,CURRENT_DERIVED_WITH_PROVENANCE_WATCH,Exact analytical face point is derived; source topology/identity evidence remains separate and is not promoted to DOC coordinate evidence.
M0G-F-G3-B044-FROM,G3,BEAM_SUPPORT_FACE,28,,G3-B044,FROM,X_NEG,-0.2000,8.9500,6.4000,40,40,DOC,DOC_METRIC_OR_AXIS+UPPER_SHEET_REGISTRATION_MIS,DOC+RIF,DOC,SUPPORT_CENTERLINE_RAY_INTERSECT_DOCUMENTED_SUPPORT_FACE,INF,CURRENT_DERIVED_WITH_PROVENANCE_WATCH,Exact analytical face point is derived; source topology/identity evidence remains separate and is not promoted to DOC coordinate evidence.
M0G-F-G3-B044-TO,G3,BEAM_SUPPORT_FACE,31,,G3-B044,TO,X_POS,-4.5000,8.9500,6.4000,40,40,DOC,DOC_METRIC_OR_AXIS+UPPER_SHEET_REGISTRATION_MIS,DOC+RIF,DOC,SUPPORT_CENTERLINE_RAY_INTERSECT_DOCUMENTED_SUPPORT_FACE,INF,CURRENT_DERIVED_WITH_PROVENANCE_WATCH,Exact analytical face point is derived; source topology/identity evidence remains separate and is not promoted to DOC coordinate evidence.
M0G-F-G3-B045-FROM,G3,BEAM_SUPPORT_FACE,29,,G3-B045,FROM,X_NEG,-0.1500,15.2000,6.4000,30,50,DOC,DOC_METRIC_OR_AXIS+UPPER_SHEET_REGISTRATION_MIS,DOC+RIF,DOC,SUPPORT_CENTERLINE_RAY_INTERSECT_DOCUMENTED_SUPPORT_FACE,INF,CURRENT_DERIVED_WITH_PROVENANCE_WATCH,Exact analytical face point is derived; source topology/identity evidence remains separate and is not promoted to DOC coordinate evidence.
M0G-F-G3-B045-TO,G3,BEAM_SUPPORT_FACE,32,,G3-B045,TO,X_POS,-4.5000,15.2000,6.4000,40,40,DOC,DOC_METRIC_OR_AXIS+UPPER_SHEET_REGISTRATION_MIS,DOC+RIF,DOC,SUPPORT_CENTERLINE_RAY_INTERSECT_DOCUMENTED_SUPPORT_FACE,INF,CURRENT_DERIVED_WITH_PROVENANCE_WATCH,Exact analytical face point is derived; source topology/identity evidence remains separate and is not promoted to DOC coordinate evidence.
M0G-F-G3-B046-FROM,G3,BEAM_SUPPORT_FACE,30,,G3-B046,FROM,X_NEG,-0.5500,19.7822,6.4000,110,30,DOC,SUPPORTED_REFERENCE_PLUS_MIS_EXTENDED+UPPER_SHEET_REGISTRATION_MIS,DOC+RIF,DOC,SUPPORT_CENTERLINE_RAY_INTERSECT_DOCUMENTED_SUPPORT_FACE,INF,CURRENT_DERIVED_WITH_PROVENANCE_WATCH,Exact analytical face point is derived; source topology/identity evidence remains separate and is not promoted to DOC coordinate evidence.
M0G-F-G3-B046-TO,G3,BEAM_SUPPORT_FACE,33,,G3-B046,TO,X_POS,-4.5000,20.1323,6.4000,40,40,DOC,DOC_METRIC_OR_AXIS+UPPER_SHEET_REGISTRATION_MIS,DOC+RIF,DOC,SUPPORT_CENTERLINE_RAY_INTERSECT_DOCUMENTED_SUPPORT_FACE,INF,CURRENT_DERIVED_WITH_PROVENANCE_WATCH,Exact analytical face point is derived; source topology/identity evidence remains separate and is not promoted to DOC coordinate evidence.
M0G-F-G3-B047-FROM,G3,BEAM_SUPPORT_FACE,31,,G3-B047,FROM,Y_POS,-4.7000,9.1500,6.4000,40,40,DOC,DOC_METRIC_OR_AXIS+UPPER_SHEET_REGISTRATION_MIS,DOC+RIF,DOC,SUPPORT_CENTERLINE_RAY_INTERSECT_DOCUMENTED_SUPPORT_FACE,INF,CURRENT_DERIVED_WITH_PROVENANCE_WATCH,Exact analytical face point is derived; source topology/identity evidence remains separate and is not promoted to DOC coordinate evidence.
M0G-F-G3-B047-TO,G3,BEAM_SUPPORT_FACE,32,,G3-B047,TO,Y_NEG,-4.7000,15.0000,6.4000,40,40,DOC,DOC_METRIC_OR_AXIS+UPPER_SHEET_REGISTRATION_MIS,DOC+RIF,DOC,SUPPORT_CENTERLINE_RAY_INTERSECT_DOCUMENTED_SUPPORT_FACE,INF,CURRENT_DERIVED_WITH_PROVENANCE_WATCH,Exact analytical face point is derived; source topology/identity evidence remains separate and is not promoted to DOC coordinate evidence.
M0G-F-G3-B048-FROM,G3,BEAM_SUPPORT_FACE,32,,G3-B048,FROM,Y_POS,-4.7000,15.4000,6.4000,40,40,DOC,DOC_METRIC_OR_AXIS+UPPER_SHEET_REGISTRATION_MIS,DOC+RIF,DOC,SUPPORT_CENTERLINE_RAY_INTERSECT_DOCUMENTED_SUPPORT_FACE,INF,CURRENT_DERIVED_WITH_PROVENANCE_WATCH,Exact analytical face point is derived; source topology/identity evidence remains separate and is not promoted to DOC coordinate evidence.
M0G-F-G3-B048-TO,G3,BEAM_SUPPORT_FACE,33,,G3-B048,TO,Y_NEG,-4.7000,19.9500,6.4000,40,40,DOC,DOC_METRIC_OR_AXIS+UPPER_SHEET_REGISTRATION_MIS,DOC+RIF,DOC,SUPPORT_CENTERLINE_RAY_INTERSECT_DOCUMENTED_SUPPORT_FACE,INF,CURRENT_DERIVED_WITH_PROVENANCE_WATCH,Exact analytical face point is derived; source topology/identity evidence remains separate and is not promoted to DOC coordinate evidence.
M0G-F-G4-B001-FROM,G4,BEAM_SUPPORT_FACE,1,,G4-B001,FROM,Y_POS,18.0000,0.2000,9.6000,40,40,DOC,DOC_METRIC_OR_AXIS+UPPER_SHEET_REGISTRATION_MIS,DOC+RIF,DOC,SUPPORT_CENTERLINE_RAY_INTERSECT_DOCUMENTED_SUPPORT_FACE,INF,CURRENT_DERIVED_WITH_PROVENANCE_WATCH,Exact analytical face point is derived; source topology/identity evidence remains separate and is not promoted to DOC coordinate evidence.
M0G-F-G4-B001-TO,G4,BEAM_SUPPORT_FACE,2,,G4-B001,TO,Y_NEG,18.0000,4.5000,9.6000,40,40,DOC,DOC_METRIC_OR_AXIS+UPPER_SHEET_REGISTRATION_MIS,DOC+RIF,DOC,SUPPORT_CENTERLINE_RAY_INTERSECT_DOCUMENTED_SUPPORT_FACE,INF,CURRENT_DERIVED_WITH_PROVENANCE_WATCH,Exact analytical face point is derived; source topology/identity evidence remains separate and is not promoted to DOC coordinate evidence.
M0G-F-G4-B002-FROM,G4,BEAM_SUPPORT_FACE,2,,G4-B002,FROM,Y_POS,18.0000,4.9000,9.6000,40,40,DOC,DOC_METRIC_OR_AXIS+UPPER_SHEET_REGISTRATION_MIS,DOC+RIF,DOC,SUPPORT_CENTERLINE_RAY_INTERSECT_DOCUMENTED_SUPPORT_FACE,INF,CURRENT_DERIVED_WITH_PROVENANCE_WATCH,Exact analytical face point is derived; source topology/identity evidence remains separate and is not promoted to DOC coordinate evidence.
M0G-F-G4-B002-TO,G4,BEAM_SUPPORT_FACE,3,,G4-B002,TO,Y_NEG,18.0000,9.6000,9.6000,40,40,DOC,DOC_METRIC_OR_AXIS+UPPER_SHEET_REGISTRATION_MIS,DOC+RIF,DOC,SUPPORT_CENTERLINE_RAY_INTERSECT_DOCUMENTED_SUPPORT_FACE,INF,CURRENT_DERIVED_WITH_PROVENANCE_WATCH,Exact analytical face point is derived; source topology/identity evidence remains separate and is not promoted to DOC coordinate evidence.
M0G-F-G4-B003-FROM,G4,BEAM_SUPPORT_FACE,3,,G4-B003,FROM,Y_POS,18.0000,10.0000,9.6000,40,40,DOC,DOC_METRIC_OR_AXIS+UPPER_SHEET_REGISTRATION_MIS,DOC+RIF,DOC,SUPPORT_CENTERLINE_RAY_INTERSECT_DOCUMENTED_SUPPORT_FACE,INF,CURRENT_DERIVED_WITH_PROVENANCE_WATCH,Exact analytical face point is derived; source topology/identity evidence remains separate and is not promoted to DOC coordinate evidence.
M0G-F-G4-B003-TO,G4,BEAM_SUPPORT_FACE,4,,G4-B003,TO,Y_NEG,18.0000,13.7500,9.6000,40,40,DOC,DOC_METRIC_OR_AXIS+UPPER_SHEET_REGISTRATION_MIS,DOC+RIF,DOC,SUPPORT_CENTERLINE_RAY_INTERSECT_DOCUMENTED_SUPPORT_FACE,INF,CURRENT_DERIVED_WITH_PROVENANCE_WATCH,Exact analytical face point is derived; source topology/identity evidence remains separate and is not promoted to DOC coordinate evidence.
M0G-F-G4-B004-FROM,G4,BEAM_SUPPORT_FACE,4,,G4-B004,FROM,X_NEG,17.8000,13.9500,9.6000,40,40,DOC,DOC_METRIC_OR_AXIS+UPPER_SHEET_REGISTRATION_MIS,DOC+RIF,DOC,SUPPORT_CENTERLINE_RAY_INTERSECT_DOCUMENTED_SUPPORT_FACE,INF,CURRENT_DERIVED_WITH_PROVENANCE_WATCH,Exact analytical face point is derived; source topology/identity evidence remains separate and is not promoted to DOC coordinate evidence.
M0G-F-G4-B004-TO,G4,BEAM_SUPPORT_FACE,5,,G4-B004,TO,X_POS,16.3000,13.9500,9.6000,40,40,DOC,DOC_METRIC_OR_AXIS+UPPER_SHEET_REGISTRATION_MIS,DOC+RIF,DOC,SUPPORT_CENTERLINE_RAY_INTERSECT_DOCUMENTED_SUPPORT_FACE,INF,CURRENT_DERIVED_WITH_PROVENANCE_WATCH,Exact analytical face point is derived; source topology/identity evidence remains separate and is not promoted to DOC coordinate evidence.
M0G-F-G4-B005-FROM,G4,BEAM_SUPPORT_FACE,5,,G4-B005,FROM,Y_POS,16.1000,14.1500,9.6000,40,40,DOC,DOC_METRIC_OR_AXIS+UPPER_SHEET_REGISTRATION_MIS,DOC+RIF,DOC,SUPPORT_CENTERLINE_RAY_INTERSECT_DOCUMENTED_SUPPORT_FACE,INF,CURRENT_DERIVED_WITH_PROVENANCE_WATCH,Exact analytical face point is derived; source topology/identity evidence remains separate and is not promoted to DOC coordinate evidence.
M0G-F-G4-B005-TO,G4,BEAM_SUPPORT_FACE,6,,G4-B005,TO,Y_NEG,16.1000,17.9000,9.6000,40,40,DOC,DOC_METRIC_OR_AXIS+UPPER_SHEET_REGISTRATION_MIS,DOC+RIF,DOC,SUPPORT_CENTERLINE_RAY_INTERSECT_DOCUMENTED_SUPPORT_FACE,INF,CURRENT_DERIVED_WITH_PROVENANCE_WATCH,Exact analytical face point is derived; source topology/identity evidence remains separate and is not promoted to DOC coordinate evidence.
M0G-F-G4-B006-FROM,G4,BEAM_SUPPORT_FACE,6,,G4-B006,FROM,Y_POS,16.1000,18.3000,9.6000,40,40,DOC,DOC_METRIC_OR_AXIS+UPPER_SHEET_REGISTRATION_MIS,DOC+RIF,DOC,SUPPORT_CENTERLINE_RAY_INTERSECT_DOCUMENTED_SUPPORT_FACE,INF,CURRENT_DERIVED_WITH_PROVENANCE_WATCH,Exact analytical face point is derived; source topology/identity evidence remains separate and is not promoted to DOC coordinate evidence.
M0G-F-G4-B006-TO,G4,BEAM_SUPPORT_FACE,7,,G4-B006,TO,Y_NEG,16.1000,23.2000,9.6000,40,40,DOC,DOC_METRIC_OR_AXIS+UPPER_SHEET_REGISTRATION_MIS,DOC+RIF,DOC,SUPPORT_CENTERLINE_RAY_INTERSECT_DOCUMENTED_SUPPORT_FACE,INF,CURRENT_DERIVED_WITH_PROVENANCE_WATCH,Exact analytical face point is derived; source topology/identity evidence remains separate and is not promoted to DOC coordinate evidence.
M0G-F-G4-B007-FROM,G4,BEAM_SUPPORT_FACE,7,,G4-B007,FROM,Y_POS,16.1000,23.6000,9.6000,40,40,DOC,DOC_METRIC_OR_AXIS+UPPER_SHEET_REGISTRATION_MIS,DOC+RIF,DOC,SUPPORT_CENTERLINE_RAY_INTERSECT_DOCUMENTED_SUPPORT_FACE,INF,CURRENT_DERIVED_WITH_PROVENANCE_WATCH,Exact analytical face point is derived; source topology/identity evidence remains separate and is not promoted to DOC coordinate evidence.
M0G-F-G4-B007-TO,G4,BEAM_SUPPORT_FACE,8,,G4-B007,TO,Y_NEG,16.1000,27.9000,9.6000,40,40,DOC,DOC_METRIC_OR_AXIS+UPPER_SHEET_REGISTRATION_MIS,DOC+RIF,DOC,SUPPORT_CENTERLINE_RAY_INTERSECT_DOCUMENTED_SUPPORT_FACE,INF,CURRENT_DERIVED_WITH_PROVENANCE_WATCH,Exact analytical face point is derived; source topology/identity evidence remains separate and is not promoted to DOC coordinate evidence.
M0G-F-G4-B008-FROM,G4,BEAM_SUPPORT_FACE,1,,G4-B008,FROM,X_NEG,17.8000,0.0000,9.6000,40,40,DOC,DOC_METRIC_OR_AXIS+UPPER_SHEET_REGISTRATION_MIS,DOC+RIF,DOC,SUPPORT_CENTERLINE_RAY_INTERSECT_DOCUMENTED_SUPPORT_FACE,INF,CURRENT_DERIVED_WITH_PROVENANCE_WATCH,Exact analytical face point is derived; source topology/identity evidence remains separate and is not promoted to DOC coordinate evidence.
M0G-F-G4-B008-TO,G4,BEAM_SUPPORT_FACE,9,,G4-B008,TO,X_POS,12.6000,0.0000,9.6000,40,40,DOC,DOC_METRIC_OR_AXIS+UPPER_SHEET_REGISTRATION_MIS,DOC+RIF,DOC,SUPPORT_CENTERLINE_RAY_INTERSECT_DOCUMENTED_SUPPORT_FACE,INF,CURRENT_DERIVED_WITH_PROVENANCE_WATCH,Exact analytical face point is derived; source topology/identity evidence remains separate and is not promoted to DOC coordinate evidence.
M0G-F-G4-B009-FROM,G4,BEAM_SUPPORT_FACE,2,,G4-B009,FROM,X_NEG,17.8000,4.7000,9.6000,40,40,DOC,DOC_METRIC_OR_AXIS+UPPER_SHEET_REGISTRATION_MIS,DOC+RIF,DOC,SUPPORT_CENTERLINE_RAY_INTERSECT_DOCUMENTED_SUPPORT_FACE,INF,CURRENT_DERIVED_WITH_PROVENANCE_WATCH,Exact analytical face point is derived; source topology/identity evidence remains separate and is not promoted to DOC coordinate evidence.
M0G-F-G4-B009-TO,G4,BEAM_SUPPORT_FACE,10,,G4-B009,TO,X_POS,12.6250,4.7000,9.6000,45,30,DOC,DOC_METRIC_OR_AXIS+UPPER_SHEET_REGISTRATION_MIS,DOC+RIF,DOC,SUPPORT_CENTERLINE_RAY_INTERSECT_DOCUMENTED_SUPPORT_FACE,INF,CURRENT_DERIVED_WITH_PROVENANCE_WATCH,Exact analytical face point is derived; source topology/identity evidence remains separate and is not promoted to DOC coordinate evidence.
M0G-F-G4-B010-FROM,G4,BEAM_SUPPORT_FACE,3,,G4-B010,FROM,X_NEG,17.8000,9.8000,9.6000,40,40,DOC,DOC_METRIC_OR_AXIS+UPPER_SHEET_REGISTRATION_MIS,DOC+RIF,DOC,SUPPORT_CENTERLINE_RAY_INTERSECT_DOCUMENTED_SUPPORT_FACE,INF,CURRENT_DERIVED_WITH_PROVENANCE_WATCH,Exact analytical face point is derived; source topology/identity evidence remains separate and is not promoted to DOC coordinate evidence.
M0G-F-G4-B010-TO,G4,BEAM_SUPPORT_FACE,11,,G4-B010,TO,X_POS,12.6250,9.8000,9.6000,45,30,DOC,DOC_METRIC_OR_AXIS+UPPER_SHEET_REGISTRATION_MIS,DOC+RIF,DOC,SUPPORT_CENTERLINE_RAY_INTERSECT_DOCUMENTED_SUPPORT_FACE,INF,CURRENT_DERIVED_WITH_PROVENANCE_WATCH,Exact analytical face point is derived; source topology/identity evidence remains separate and is not promoted to DOC coordinate evidence.
M0G-F-G4-B011-FROM,G4,BEAM_SUPPORT_FACE,6,,G4-B011,FROM,X_NEG,15.9000,18.1000,9.6000,40,40,DOC,DOC_METRIC_OR_AXIS+UPPER_SHEET_REGISTRATION_MIS,DOC+RIF,DOC,SUPPORT_CENTERLINE_RAY_INTERSECT_DOCUMENTED_SUPPORT_FACE,INF,CURRENT_DERIVED_WITH_PROVENANCE_WATCH,Exact analytical face point is derived; source topology/identity evidence remains separate and is not promoted to DOC coordinate evidence.
M0G-F-G4-B011-TO,G4,BEAM_SUPPORT_FACE,14,,G4-B011,TO,X_POS,11.6750,18.1000,9.6000,45,30,DOC,DOC_METRIC_OR_AXIS+UPPER_SHEET_REGISTRATION_MIS,DOC+RIF,DOC,SUPPORT_CENTERLINE_RAY_INTERSECT_DOCUMENTED_SUPPORT_FACE,INF,CURRENT_DERIVED_WITH_PROVENANCE_WATCH,Exact analytical face point is derived; source topology/identity evidence remains separate and is not promoted to DOC coordinate evidence.
M0G-F-G4-B012-FROM,G4,BEAM_SUPPORT_FACE,7,,G4-B012,FROM,X_NEG,15.9000,23.4000,9.6000,40,40,DOC,DOC_METRIC_OR_AXIS+UPPER_SHEET_REGISTRATION_MIS,DOC+RIF,DOC,SUPPORT_CENTERLINE_RAY_INTERSECT_DOCUMENTED_SUPPORT_FACE,INF,CURRENT_DERIVED_WITH_PROVENANCE_WATCH,Exact analytical face point is derived; source topology/identity evidence remains separate and is not promoted to DOC coordinate evidence.
M0G-F-G4-B012-TO,G4,BEAM_SUPPORT_FACE,15,,G4-B012,TO,X_POS,11.6750,23.4000,9.6000,45,30,DOC,DOC_METRIC_OR_AXIS+UPPER_SHEET_REGISTRATION_MIS,DOC+RIF,DOC,SUPPORT_CENTERLINE_RAY_INTERSECT_DOCUMENTED_SUPPORT_FACE,INF,CURRENT_DERIVED_WITH_PROVENANCE_WATCH,Exact analytical face point is derived; source topology/identity evidence remains separate and is not promoted to DOC coordinate evidence.
M0G-F-G4-B013-FROM,G4,BEAM_SUPPORT_FACE,8,,G4-B013,FROM,X_NEG,15.9000,28.1000,9.6000,40,40,DOC,DOC_METRIC_OR_AXIS+UPPER_SHEET_REGISTRATION_MIS,DOC+RIF,DOC,SUPPORT_CENTERLINE_RAY_INTERSECT_DOCUMENTED_SUPPORT_FACE,INF,CURRENT_DERIVED_WITH_PROVENANCE_WATCH,Exact analytical face point is derived; source topology/identity evidence remains separate and is not promoted to DOC coordinate evidence.
M0G-F-G4-B013-TO,G4,BEAM_SUPPORT_FACE,16,,G4-B013,TO,X_POS,11.6500,28.1000,9.6000,40,40,DOC,DOC_METRIC_OR_AXIS+UPPER_SHEET_REGISTRATION_MIS,DOC+RIF,DOC,SUPPORT_CENTERLINE_RAY_INTERSECT_DOCUMENTED_SUPPORT_FACE,INF,CURRENT_DERIVED_WITH_PROVENANCE_WATCH,Exact analytical face point is derived; source topology/identity evidence remains separate and is not promoted to DOC coordinate evidence.
M0G-F-G4-B014-FROM,G4,BEAM_SUPPORT_FACE,9,,G4-B014,FROM,Y_POS,12.4000,0.2000,9.6000,40,40,DOC,DOC_METRIC_OR_AXIS+UPPER_SHEET_REGISTRATION_MIS,DOC+RIF,DOC,SUPPORT_CENTERLINE_RAY_INTERSECT_DOCUMENTED_SUPPORT_FACE,INF,CURRENT_DERIVED_WITH_PROVENANCE_WATCH,Exact analytical face point is derived; source topology/identity evidence remains separate and is not promoted to DOC coordinate evidence.
M0G-F-G4-B014-TO,G4,BEAM_SUPPORT_FACE,10,,G4-B014,TO,Y_NEG,12.4000,4.5500,9.6000,45,30,DOC,DOC_METRIC_OR_AXIS+UPPER_SHEET_REGISTRATION_MIS,DOC+RIF,DOC,SUPPORT_CENTERLINE_RAY_INTERSECT_DOCUMENTED_SUPPORT_FACE,INF,CURRENT_DERIVED_WITH_PROVENANCE_WATCH,Exact analytical face point is derived; source topology/identity evidence remains separate and is not promoted to DOC coordinate evidence.
M0G-F-G4-B015-FROM,G4,BEAM_SUPPORT_FACE,10,,G4-B015,FROM,Y_POS,12.4000,4.8500,9.6000,45,30,DOC,DOC_METRIC_OR_AXIS+UPPER_SHEET_REGISTRATION_MIS,DOC+RIF,DOC,SUPPORT_CENTERLINE_RAY_INTERSECT_DOCUMENTED_SUPPORT_FACE,INF,CURRENT_DERIVED_WITH_PROVENANCE_WATCH,Exact analytical face point is derived; source topology/identity evidence remains separate and is not promoted to DOC coordinate evidence.
M0G-F-G4-B015-TO,G4,BEAM_SUPPORT_FACE,11,,G4-B015,TO,Y_NEG,12.4000,9.6500,9.6000,45,30,DOC,DOC_METRIC_OR_AXIS+UPPER_SHEET_REGISTRATION_MIS,DOC+RIF,DOC,SUPPORT_CENTERLINE_RAY_INTERSECT_DOCUMENTED_SUPPORT_FACE,INF,CURRENT_DERIVED_WITH_PROVENANCE_WATCH,Exact analytical face point is derived; source topology/identity evidence remains separate and is not promoted to DOC coordinate evidence.
M0G-F-G4-B016-FROM,G4,BEAM_SUPPORT_FACE,11,,G4-B016,FROM,Y_POS,12.4000,9.9500,9.6000,45,30,DOC,DOC_METRIC_OR_AXIS+UPPER_SHEET_REGISTRATION_MIS,DOC+RIF,DOC,SUPPORT_CENTERLINE_RAY_INTERSECT_DOCUMENTED_SUPPORT_FACE,INF,CURRENT_DERIVED_WITH_PROVENANCE_WATCH,Exact analytical face point is derived; source topology/identity evidence remains separate and is not promoted to DOC coordinate evidence.
M0G-F-G4-B016-TO,G4,BEAM_SUPPORT_FACE,12,,G4-B016,TO,Y_NEG,12.4000,12.8475,9.6000,30,45,DOC,MIS_AFFINE+UPPER_SHEET_REGISTRATION_MIS,DOC+RIF,DOC,SUPPORT_CENTERLINE_RAY_INTERSECT_DOCUMENTED_SUPPORT_FACE,INF,CURRENT_DERIVED_WITH_PROVENANCE_WATCH,Exact analytical face point is derived; source topology/identity evidence remains separate and is not promoted to DOC coordinate evidence.
M0G-F-G4-B017-FROM,G4,BEAM_SUPPORT_FACE,13,,G4-B017,FROM,Y_POS,11.4500,15.3500,9.6000,45,30,DOC,DOC_METRIC_OR_AXIS+UPPER_SHEET_REGISTRATION_MIS,DOC+RIF,DOC,SUPPORT_CENTERLINE_RAY_INTERSECT_DOCUMENTED_SUPPORT_FACE,INF,CURRENT_DERIVED_WITH_PROVENANCE_WATCH,Exact analytical face point is derived; source topology/identity evidence remains separate and is not promoted to DOC coordinate evidence.
M0G-F-G4-B017-TO,G4,BEAM_SUPPORT_FACE,14,,G4-B017,TO,Y_NEG,11.4500,17.9500,9.6000,45,30,DOC,DOC_METRIC_OR_AXIS+UPPER_SHEET_REGISTRATION_MIS,DOC+RIF,DOC,SUPPORT_CENTERLINE_RAY_INTERSECT_DOCUMENTED_SUPPORT_FACE,INF,CURRENT_DERIVED_WITH_PROVENANCE_WATCH,Exact analytical face point is derived; source topology/identity evidence remains separate and is not promoted to DOC coordinate evidence.
M0G-F-G4-B018-FROM,G4,BEAM_SUPPORT_FACE,14,,G4-B018,FROM,Y_POS,11.4500,18.2500,9.6000,45,30,DOC,DOC_METRIC_OR_AXIS+UPPER_SHEET_REGISTRATION_MIS,DOC+RIF,DOC,SUPPORT_CENTERLINE_RAY_INTERSECT_DOCUMENTED_SUPPORT_FACE,INF,CURRENT_DERIVED_WITH_PROVENANCE_WATCH,Exact analytical face point is derived; source topology/identity evidence remains separate and is not promoted to DOC coordinate evidence.
M0G-F-G4-B018-TO,G4,BEAM_SUPPORT_FACE,15,,G4-B018,TO,Y_NEG,11.4500,23.2500,9.6000,45,30,DOC,DOC_METRIC_OR_AXIS+UPPER_SHEET_REGISTRATION_MIS,DOC+RIF,DOC,SUPPORT_CENTERLINE_RAY_INTERSECT_DOCUMENTED_SUPPORT_FACE,INF,CURRENT_DERIVED_WITH_PROVENANCE_WATCH,Exact analytical face point is derived; source topology/identity evidence remains separate and is not promoted to DOC coordinate evidence.
M0G-F-G4-B019-FROM,G4,BEAM_SUPPORT_FACE,15,,G4-B019,FROM,Y_POS,11.4500,23.5500,9.6000,45,30,DOC,DOC_METRIC_OR_AXIS+UPPER_SHEET_REGISTRATION_MIS,DOC+RIF,DOC,SUPPORT_CENTERLINE_RAY_INTERSECT_DOCUMENTED_SUPPORT_FACE,INF,CURRENT_DERIVED_WITH_PROVENANCE_WATCH,Exact analytical face point is derived; source topology/identity evidence remains separate and is not promoted to DOC coordinate evidence.
M0G-F-G4-B019-TO,G4,BEAM_SUPPORT_FACE,16,,G4-B019,TO,Y_NEG,11.4500,27.9000,9.6000,40,40,DOC,DOC_METRIC_OR_AXIS+UPPER_SHEET_REGISTRATION_MIS,DOC+RIF,DOC,SUPPORT_CENTERLINE_RAY_INTERSECT_DOCUMENTED_SUPPORT_FACE,INF,CURRENT_DERIVED_WITH_PROVENANCE_WATCH,Exact analytical face point is derived; source topology/identity evidence remains separate and is not promoted to DOC coordinate evidence.
M0G-F-G4-B020-FROM,G4,BEAM_SUPPORT_FACE,11,,G4-B020,FROM,X_NEG,12.1750,9.8000,9.6000,45,30,DOC,DOC_METRIC_OR_AXIS+UPPER_SHEET_REGISTRATION_MIS,DOC+RIF,DOC,SUPPORT_CENTERLINE_RAY_INTERSECT_DOCUMENTED_SUPPORT_FACE,INF,CURRENT_DERIVED_WITH_PROVENANCE_WATCH,Exact analytical face point is derived; source topology/identity evidence remains separate and is not promoted to DOC coordinate evidence.
M0G-F-G4-B020-TO,G4,BEAM_SUPPORT_FACE,20,,G4-B020,TO,X_POS,7.8318,9.8000,9.6000,40,40,DOC,MIS_AFFINE_WATCH+UPPER_SHEET_REGISTRATION_MIS,DOC+RIF,DOC,SUPPORT_CENTERLINE_RAY_INTERSECT_DOCUMENTED_SUPPORT_FACE,INF,CURRENT_DERIVED_WITH_PROVENANCE_WATCH,Exact analytical face point is derived; source topology/identity evidence remains separate and is not promoted to DOC coordinate evidence.
M0G-F-G4-B021-FROM,G4,BEAM_SUPPORT_FACE,10,,G4-B021,FROM,X_NEG,12.1750,4.7000,9.6000,45,30,DOC,DOC_METRIC_OR_AXIS+UPPER_SHEET_REGISTRATION_MIS,DOC+RIF,DOC,SUPPORT_CENTERLINE_RAY_INTERSECT_DOCUMENTED_SUPPORT_FACE,INF,CURRENT_DERIVED_WITH_PROVENANCE_WATCH,Exact analytical face point is derived; source topology/identity evidence remains separate and is not promoted to DOC coordinate evidence.
M0G-F-G4-B021-TO,G4,BEAM_SUPPORT_FACE,18,,G4-B021,TO,X_POS,7.3740,4.7000,9.6000,30,110,DOC,MIS_AFFINE_EXTENDED+UPPER_SHEET_REGISTRATION_MIS,DOC+RIF,DOC,SUPPORT_CENTERLINE_RAY_INTERSECT_DOCUMENTED_SUPPORT_FACE,INF,CURRENT_DERIVED_WITH_PROVENANCE_WATCH,Exact analytical face point is derived; source topology/identity evidence remains separate and is not promoted to DOC coordinate evidence.
M0G-F-G4-B022-FROM,G4,BEAM_SUPPORT_FACE,9,,G4-B022,FROM,X_NEG,12.2000,0.0000,9.6000,40,40,DOC,DOC_METRIC_OR_AXIS+UPPER_SHEET_REGISTRATION_MIS,DOC+RIF,DOC,SUPPORT_CENTERLINE_RAY_INTERSECT_DOCUMENTED_SUPPORT_FACE,INF,CURRENT_DERIVED_WITH_PROVENANCE_WATCH,Exact analytical face point is derived; source topology/identity evidence remains separate and is not promoted to DOC coordinate evidence.
M0G-F-G4-B022-TO,G4,BEAM_SUPPORT_FACE,17,,G4-B022,TO,X_POS,7.1000,0.0000,9.6000,40,40,DOC,DOC_METRIC_OR_AXIS+UPPER_SHEET_REGISTRATION_MIS,DOC+RIF,DOC,SUPPORT_CENTERLINE_RAY_INTERSECT_DOCUMENTED_SUPPORT_FACE,INF,CURRENT_DERIVED_WITH_PROVENANCE_WATCH,Exact analytical face point is derived; source topology/identity evidence remains separate and is not promoted to DOC coordinate evidence.
M0G-F-G4-B023-FROM,G4,BEAM_SUPPORT_FACE,13,,G4-B023,FROM,X_NEG,11.2250,15.2000,9.6000,45,30,DOC,DOC_METRIC_OR_AXIS+UPPER_SHEET_REGISTRATION_MIS,DOC+RIF,DOC,SUPPORT_CENTERLINE_RAY_INTERSECT_DOCUMENTED_SUPPORT_FACE,INF,CURRENT_DERIVED_WITH_PROVENANCE_WATCH,Exact analytical face point is derived; source topology/identity evidence remains separate and is not promoted to DOC coordinate evidence.
M0G-F-G4-B023-TO,G4,BEAM_SUPPORT_FACE,21,,G4-B023,TO,X_POS,5.7000,15.2000,9.6000,30,45,DOC,SUPPORTED_REFERENCE_REBOUND+UPPER_SHEET_REGISTRATION_MIS,DOC+RIF,DOC,SUPPORT_CENTERLINE_RAY_INTERSECT_DOCUMENTED_SUPPORT_FACE,INF,CURRENT_DERIVED_WITH_PROVENANCE_WATCH,Exact analytical face point is derived; source topology/identity evidence remains separate and is not promoted to DOC coordinate evidence.
M0G-F-G4-B024-FROM,G4,BEAM_SUPPORT_FACE,14,,G4-B024,FROM,X_NEG,11.2250,18.1000,9.6000,45,30,DOC,DOC_METRIC_OR_AXIS+UPPER_SHEET_REGISTRATION_MIS,DOC+RIF,DOC,SUPPORT_CENTERLINE_RAY_INTERSECT_DOCUMENTED_SUPPORT_FACE,INF,CURRENT_DERIVED_WITH_PROVENANCE_WATCH,Exact analytical face point is derived; source topology/identity evidence remains separate and is not promoted to DOC coordinate evidence.
M0G-F-G4-B024-TO,G4,BEAM_SUPPORT_FACE,22,,G4-B024,TO,X_POS,5.7000,18.1000,9.6000,30,45,DOC,SUPPORTED_REFERENCE_REBOUND+UPPER_SHEET_REGISTRATION_MIS,DOC+RIF,DOC,SUPPORT_CENTERLINE_RAY_INTERSECT_DOCUMENTED_SUPPORT_FACE,INF,CURRENT_DERIVED_WITH_PROVENANCE_WATCH,Exact analytical face point is derived; source topology/identity evidence remains separate and is not promoted to DOC coordinate evidence.
M0G-F-G4-B025-FROM,G4,BEAM_SUPPORT_FACE,15,,G4-B025,FROM,X_NEG,11.2250,23.4000,9.6000,45,30,DOC,DOC_METRIC_OR_AXIS+UPPER_SHEET_REGISTRATION_MIS,DOC+RIF,DOC,SUPPORT_CENTERLINE_RAY_INTERSECT_DOCUMENTED_SUPPORT_FACE,INF,CURRENT_DERIVED_WITH_PROVENANCE_WATCH,Exact analytical face point is derived; source topology/identity evidence remains separate and is not promoted to DOC coordinate evidence.
M0G-F-G4-B025-TO,G4,BEAM_SUPPORT_FACE,23,,G4-B025,TO,X_POS,5.3789,23.4000,9.6000,30,110,DOC,MIS_AFFINE_EXTENDED+UPPER_SHEET_REGISTRATION_MIS,DOC+RIF,DOC,SUPPORT_CENTERLINE_RAY_INTERSECT_DOCUMENTED_SUPPORT_FACE,INF,CURRENT_DERIVED_WITH_PROVENANCE_WATCH,Exact analytical face point is derived; source topology/identity evidence remains separate and is not promoted to DOC coordinate evidence.
M0G-F-G4-B026-FROM,G4,BEAM_SUPPORT_FACE,16,,G4-B026,FROM,X_NEG,11.2500,28.1000,9.6000,40,40,DOC,DOC_METRIC_OR_AXIS+UPPER_SHEET_REGISTRATION_MIS,DOC+RIF,DOC,SUPPORT_CENTERLINE_RAY_INTERSECT_DOCUMENTED_SUPPORT_FACE,INF,CURRENT_DERIVED_WITH_PROVENANCE_WATCH,Exact analytical face point is derived; source topology/identity evidence remains separate and is not promoted to DOC coordinate evidence.
M0G-F-G4-B026-TO,G4,BEAM_SUPPORT_FACE,24,,G4-B026,TO,X_POS,5.2000,28.1000,9.6000,40,40,DOC,DOC_METRIC_OR_AXIS+UPPER_SHEET_REGISTRATION_MIS,DOC+RIF,DOC,SUPPORT_CENTERLINE_RAY_INTERSECT_DOCUMENTED_SUPPORT_FACE,INF,CURRENT_DERIVED_WITH_PROVENANCE_WATCH,Exact analytical face point is derived; source topology/identity evidence remains separate and is not promoted to DOC coordinate evidence.
M0G-F-G4-B027-FROM,G4,BEAM_SUPPORT_FACE,19,,G4-B027,FROM,Y_POS,7.6318,9.1500,9.6000,40,40,DOC,MIS_AFFINE_WATCH+UPPER_SHEET_REGISTRATION_MIS,DOC+RIF,DOC,SUPPORT_CENTERLINE_RAY_INTERSECT_DOCUMENTED_SUPPORT_FACE,INF,CURRENT_DERIVED_WITH_PROVENANCE_WATCH,Exact analytical face point is derived; source topology/identity evidence remains separate and is not promoted to DOC coordinate evidence.
M0G-F-G4-B027-TO,G4,BEAM_SUPPORT_FACE,20,,G4-B027,TO,Y_NEG,7.6318,9.6000,9.6000,40,40,DOC,MIS_AFFINE_WATCH+UPPER_SHEET_REGISTRATION_MIS,DOC+RIF,DOC,SUPPORT_CENTERLINE_RAY_INTERSECT_DOCUMENTED_SUPPORT_FACE,INF,CURRENT_DERIVED_WITH_PROVENANCE_WATCH,Exact analytical face point is derived; source topology/identity evidence remains separate and is not promoted to DOC coordinate evidence.
M0G-F-G4-B028-FROM,G4,BEAM_SUPPORT_FACE,18,,G4-B028,FROM,Y_POS,7.2768,5.2500,9.6000,30,110,DOC,MIS_AFFINE_EXTENDED+UPPER_SHEET_REGISTRATION_MIS,DOC+RIF,DOC,SUPPORT_CENTERLINE_RAY_INTERSECT_DOCUMENTED_SUPPORT_FACE,INF,CURRENT_DERIVED_WITH_PROVENANCE_WATCH,Exact analytical face point is derived; source topology/identity evidence remains separate and is not promoted to DOC coordinate evidence.
M0G-F-G4-B028-TO,G4,BEAM_SUPPORT_FACE,19,,G4-B028,TO,Y_NEG,7.6126,8.7500,9.6000,40,40,DOC,MIS_AFFINE_WATCH+UPPER_SHEET_REGISTRATION_MIS,DOC+RIF,DOC,SUPPORT_CENTERLINE_RAY_INTERSECT_DOCUMENTED_SUPPORT_FACE,INF,CURRENT_DERIVED_WITH_PROVENANCE_WATCH,Exact analytical face point is derived; source topology/identity evidence remains separate and is not promoted to DOC coordinate evidence.
M0G-F-G4-B029-FROM,G4,BEAM_SUPPORT_FACE,17,,G4-B029,FROM,Y_POS,6.9138,0.2000,9.6000,40,40,DOC,DOC_METRIC_OR_AXIS+UPPER_SHEET_REGISTRATION_MIS,DOC+RIF,DOC,SUPPORT_CENTERLINE_RAY_INTERSECT_DOCUMENTED_SUPPORT_FACE,INF,CURRENT_DERIVED_WITH_PROVENANCE_WATCH,Exact analytical face point is derived; source topology/identity evidence remains separate and is not promoted to DOC coordinate evidence.
M0G-F-G4-B029-TO,G4,BEAM_SUPPORT_FACE,18,,G4-B029,TO,Y_NEG,7.1861,4.1500,9.6000,30,110,DOC,MIS_AFFINE_EXTENDED+UPPER_SHEET_REGISTRATION_MIS,DOC+RIF,DOC,SUPPORT_CENTERLINE_RAY_INTERSECT_DOCUMENTED_SUPPORT_FACE,INF,CURRENT_DERIVED_WITH_PROVENANCE_WATCH,Exact analytical face point is derived; source topology/identity evidence remains separate and is not promoted to DOC coordinate evidence.
M0G-F-G4-B030-FROM,G4,BEAM_SUPPORT_FACE,19,,G4-B030,FROM,X_NEG,7.4318,8.9500,9.6000,40,40,DOC,MIS_AFFINE_WATCH+UPPER_SHEET_REGISTRATION_MIS,DOC+RIF,DOC,SUPPORT_CENTERLINE_RAY_INTERSECT_DOCUMENTED_SUPPORT_FACE,INF,CURRENT_DERIVED_WITH_PROVENANCE_WATCH,Exact analytical face point is derived; source topology/identity evidence remains separate and is not promoted to DOC coordinate evidence.
M0G-F-G4-B030-TO,G4,BEAM_SUPPORT_FACE,25,,G4-B030,TO,X_POS,3.6500,8.9500,9.6000,40,40,DOC,DOC_METRIC_OR_AXIS+UPPER_SHEET_REGISTRATION_MIS,DOC+RIF,DOC,SUPPORT_CENTERLINE_RAY_INTERSECT_DOCUMENTED_SUPPORT_FACE,INF,CURRENT_DERIVED_WITH_PROVENANCE_WATCH,Exact analytical face point is derived; source topology/identity evidence remains separate and is not promoted to DOC coordinate evidence.
M0G-F-G4-B031-FROM,G4,BEAM_SUPPORT_FACE,21,,G4-B031,FROM,Y_POS,5.5500,15.4250,9.6000,30,45,DOC,SUPPORTED_REFERENCE_REBOUND+UPPER_SHEET_REGISTRATION_MIS,DOC+RIF,DOC,SUPPORT_CENTERLINE_RAY_INTERSECT_DOCUMENTED_SUPPORT_FACE,INF,CURRENT_DERIVED_WITH_PROVENANCE_WATCH,Exact analytical face point is derived; source topology/identity evidence remains separate and is not promoted to DOC coordinate evidence.
M0G-F-G4-B031-TO,G4,BEAM_SUPPORT_FACE,22,,G4-B031,TO,Y_NEG,5.5500,17.8750,9.6000,30,45,DOC,SUPPORTED_REFERENCE_REBOUND+UPPER_SHEET_REGISTRATION_MIS,DOC+RIF,DOC,SUPPORT_CENTERLINE_RAY_INTERSECT_DOCUMENTED_SUPPORT_FACE,INF,CURRENT_DERIVED_WITH_PROVENANCE_WATCH,Exact analytical face point is derived; source topology/identity evidence remains separate and is not promoted to DOC coordinate evidence.
M0G-F-G4-B032-FROM,G4,BEAM_SUPPORT_FACE,22,,G4-B032,FROM,Y_POS,5.5500,18.3250,9.6000,30,45,DOC,SUPPORTED_REFERENCE_REBOUND+UPPER_SHEET_REGISTRATION_MIS,DOC+RIF,DOC,SUPPORT_CENTERLINE_RAY_INTERSECT_DOCUMENTED_SUPPORT_FACE,INF,CURRENT_DERIVED_WITH_PROVENANCE_WATCH,Exact analytical face point is derived; source topology/identity evidence remains separate and is not promoted to DOC coordinate evidence.
M0G-F-G4-B032-TO,G4,BEAM_SUPPORT_FACE,22',,G4-B032,TO,Y_NEG,5.5500,19.0800,9.6000,40,40,DOC,SUPPORTED_REFERENCE_PLUS_MIS+UPPER_SHEET_REGISTRATION_MIS,DOC+RIF,DOC,SUPPORT_CENTERLINE_RAY_INTERSECT_DOCUMENTED_SUPPORT_FACE,INF,CURRENT_DERIVED_WITH_PROVENANCE_WATCH,Exact analytical face point is derived; source topology/identity evidence remains separate and is not promoted to DOC coordinate evidence.
M0G-F-G4-B033-FROM,G4,BEAM_SUPPORT_FACE,22',,G4-B033,FROM,Y_POS,5.5344,19.4800,9.6000,40,40,DOC,SUPPORTED_REFERENCE_PLUS_MIS+UPPER_SHEET_REGISTRATION_MIS,DOC+RIF,DOC,SUPPORT_CENTERLINE_RAY_INTERSECT_DOCUMENTED_SUPPORT_FACE,INF,CURRENT_DERIVED_WITH_PROVENANCE_WATCH,Exact analytical face point is derived; source topology/identity evidence remains separate and is not promoted to DOC coordinate evidence.
M0G-F-G4-B033-TO,G4,BEAM_SUPPORT_FACE,23,,G4-B033,TO,Y_NEG,5.2718,22.8500,9.6000,30,110,DOC,MIS_AFFINE_EXTENDED+UPPER_SHEET_REGISTRATION_MIS,DOC+RIF,DOC,SUPPORT_CENTERLINE_RAY_INTERSECT_DOCUMENTED_SUPPORT_FACE,INF,CURRENT_DERIVED_WITH_PROVENANCE_WATCH,Exact analytical face point is derived; source topology/identity evidence remains separate and is not promoted to DOC coordinate evidence.
M0G-F-G4-B034-FROM,G4,BEAM_SUPPORT_FACE,23,,G4-B034,FROM,Y_POS,5.2021,23.9500,9.6000,30,110,DOC,MIS_AFFINE_EXTENDED+UPPER_SHEET_REGISTRATION_MIS,DOC+RIF,DOC,SUPPORT_CENTERLINE_RAY_INTERSECT_DOCUMENTED_SUPPORT_FACE,INF,CURRENT_DERIVED_WITH_PROVENANCE_WATCH,Exact analytical face point is derived; source topology/identity evidence remains separate and is not promoted to DOC coordinate evidence.
M0G-F-G4-B034-TO,G4,BEAM_SUPPORT_FACE,24,,G4-B034,TO,Y_NEG,5.0097,27.9000,9.6000,40,40,DOC,DOC_METRIC_OR_AXIS+UPPER_SHEET_REGISTRATION_MIS,DOC+RIF,DOC,SUPPORT_CENTERLINE_RAY_INTERSECT_DOCUMENTED_SUPPORT_FACE,INF,CURRENT_DERIVED_WITH_PROVENANCE_WATCH,Exact analytical face point is derived; source topology/identity evidence remains separate and is not promoted to DOC coordinate evidence.
M0G-F-G4-B035-FROM,G4,BEAM_SUPPORT_FACE,21,,G4-B035,FROM,X_NEG,5.4000,15.2000,9.6000,30,45,DOC,SUPPORTED_REFERENCE_REBOUND+UPPER_SHEET_REGISTRATION_MIS,DOC+RIF,DOC,SUPPORT_CENTERLINE_RAY_INTERSECT_DOCUMENTED_SUPPORT_FACE,INF,CURRENT_DERIVED_WITH_PROVENANCE_WATCH,Exact analytical face point is derived; source topology/identity evidence remains separate and is not promoted to DOC coordinate evidence.
M0G-F-G4-B035-TO,G4,BEAM_SUPPORT_FACE,26,,G4-B035,TO,X_POS,3.6000,15.2000,9.6000,30,45,DOC,DOC_METRIC_OR_AXIS+UPPER_SHEET_REGISTRATION_MIS,DOC+RIF,DOC,SUPPORT_CENTERLINE_RAY_INTERSECT_DOCUMENTED_SUPPORT_FACE,INF,CURRENT_DERIVED_WITH_PROVENANCE_WATCH,Exact analytical face point is derived; source topology/identity evidence remains separate and is not promoted to DOC coordinate evidence.
M0G-F-G4-B036-FROM,G4,BEAM_SUPPORT_FACE,22',,G4-B036,FROM,X_NEG,5.3500,19.2800,9.6000,40,40,DOC,SUPPORTED_REFERENCE_PLUS_MIS+UPPER_SHEET_REGISTRATION_MIS,DOC+RIF,DOC,SUPPORT_CENTERLINE_RAY_INTERSECT_DOCUMENTED_SUPPORT_FACE,INF,CURRENT_DERIVED_WITH_PROVENANCE_WATCH,Exact analytical face point is derived; source topology/identity evidence remains separate and is not promoted to DOC coordinate evidence.
M0G-F-G4-B036-TO,G4,BEAM_SUPPORT_FACE,27,,G4-B036,TO,X_POS,3.6500,19.2800,9.6000,40,40,DOC,SUPPORTED_MIS_SHARED_ROW+UPPER_SHEET_REGISTRATION_MIS,DOC+RIF,DOC,SUPPORT_CENTERLINE_RAY_INTERSECT_DOCUMENTED_SUPPORT_FACE,INF,CURRENT_DERIVED_WITH_PROVENANCE_WATCH,Exact analytical face point is derived; source topology/identity evidence remains separate and is not promoted to DOC coordinate evidence.
M0G-F-G4-B037-FROM,G4,BEAM_SUPPORT_FACE,25,,G4-B037,FROM,Y_POS,3.4500,9.1500,9.6000,40,40,DOC,DOC_METRIC_OR_AXIS+UPPER_SHEET_REGISTRATION_MIS,DOC+RIF,DOC,SUPPORT_CENTERLINE_RAY_INTERSECT_DOCUMENTED_SUPPORT_FACE,INF,CURRENT_DERIVED_WITH_PROVENANCE_WATCH,Exact analytical face point is derived; source topology/identity evidence remains separate and is not promoted to DOC coordinate evidence.
M0G-F-G4-B037-TO,G4,BEAM_SUPPORT_FACE,26,,G4-B037,TO,Y_NEG,3.4500,14.9750,9.6000,30,45,DOC,DOC_METRIC_OR_AXIS+UPPER_SHEET_REGISTRATION_MIS,DOC+RIF,DOC,SUPPORT_CENTERLINE_RAY_INTERSECT_DOCUMENTED_SUPPORT_FACE,INF,CURRENT_DERIVED_WITH_PROVENANCE_WATCH,Exact analytical face point is derived; source topology/identity evidence remains separate and is not promoted to DOC coordinate evidence.
M0G-F-G4-B038-FROM,G4,BEAM_SUPPORT_FACE,26,,G4-B038,FROM,Y_POS,3.4500,15.4250,9.6000,30,45,DOC,DOC_METRIC_OR_AXIS+UPPER_SHEET_REGISTRATION_MIS,DOC+RIF,DOC,SUPPORT_CENTERLINE_RAY_INTERSECT_DOCUMENTED_SUPPORT_FACE,INF,CURRENT_DERIVED_WITH_PROVENANCE_WATCH,Exact analytical face point is derived; source topology/identity evidence remains separate and is not promoted to DOC coordinate evidence.
M0G-F-G4-B038-TO,G4,BEAM_SUPPORT_FACE,27,,G4-B038,TO,Y_NEG,3.4500,19.0800,9.6000,40,40,DOC,SUPPORTED_MIS_SHARED_ROW+UPPER_SHEET_REGISTRATION_MIS,DOC+RIF,DOC,SUPPORT_CENTERLINE_RAY_INTERSECT_DOCUMENTED_SUPPORT_FACE,INF,CURRENT_DERIVED_WITH_PROVENANCE_WATCH,Exact analytical face point is derived; source topology/identity evidence remains separate and is not promoted to DOC coordinate evidence.
M0G-F-G4-B039-FROM,G4,BEAM_SUPPORT_FACE,25,,G4-B039,FROM,X_NEG,3.2500,8.9500,9.6000,40,40,DOC,DOC_METRIC_OR_AXIS+UPPER_SHEET_REGISTRATION_MIS,DOC+RIF,DOC,SUPPORT_CENTERLINE_RAY_INTERSECT_DOCUMENTED_SUPPORT_FACE,INF,CURRENT_DERIVED_WITH_PROVENANCE_WATCH,Exact analytical face point is derived; source topology/identity evidence remains separate and is not promoted to DOC coordinate evidence.
M0G-F-G4-B039-TO,G4,BEAM_SUPPORT_FACE,28,,G4-B039,TO,X_POS,0.2000,8.9500,9.6000,40,40,DOC,DOC_METRIC_OR_AXIS+UPPER_SHEET_REGISTRATION_MIS,DOC+RIF,DOC,SUPPORT_CENTERLINE_RAY_INTERSECT_DOCUMENTED_SUPPORT_FACE,INF,CURRENT_DERIVED_WITH_PROVENANCE_WATCH,Exact analytical face point is derived; source topology/identity evidence remains separate and is not promoted to DOC coordinate evidence.
M0G-F-G4-B040-FROM,G4,BEAM_SUPPORT_FACE,26,,G4-B040,FROM,X_NEG,3.3000,15.2000,9.6000,30,45,DOC,DOC_METRIC_OR_AXIS+UPPER_SHEET_REGISTRATION_MIS,DOC+RIF,DOC,SUPPORT_CENTERLINE_RAY_INTERSECT_DOCUMENTED_SUPPORT_FACE,INF,CURRENT_DERIVED_WITH_PROVENANCE_WATCH,Exact analytical face point is derived; source topology/identity evidence remains separate and is not promoted to DOC coordinate evidence.
M0G-F-G4-B040-TO,G4,BEAM_SUPPORT_FACE,29,,G4-B040,TO,X_POS,0.1500,15.2000,9.6000,30,45,DOC,DOC_METRIC_OR_AXIS+UPPER_SHEET_REGISTRATION_MIS,DOC+RIF,DOC,SUPPORT_CENTERLINE_RAY_INTERSECT_DOCUMENTED_SUPPORT_FACE,INF,CURRENT_DERIVED_WITH_PROVENANCE_WATCH,Exact analytical face point is derived; source topology/identity evidence remains separate and is not promoted to DOC coordinate evidence.
M0G-F-G4-B041-FROM,G4,BEAM_SUPPORT_FACE,27,,G4-B041,FROM,X_NEG,3.2500,19.3063,9.6000,40,40,DOC,SUPPORTED_MIS_SHARED_ROW+UPPER_SHEET_REGISTRATION_MIS,DOC+RIF,DOC,SUPPORT_CENTERLINE_RAY_INTERSECT_DOCUMENTED_SUPPORT_FACE,INF,CURRENT_DERIVED_WITH_PROVENANCE_WATCH,Exact analytical face point is derived; source topology/identity evidence remains separate and is not promoted to DOC coordinate evidence.
M0G-F-G4-B041-TO,G4,BEAM_SUPPORT_FACE,30,,G4-B041,TO,X_POS,0.5500,19.6611,9.6000,110,30,DOC,SUPPORTED_REFERENCE_PLUS_MIS_EXTENDED+UPPER_SHEET_REGISTRATION_MIS,DOC+RIF,DOC,SUPPORT_CENTERLINE_RAY_INTERSECT_DOCUMENTED_SUPPORT_FACE,INF,CURRENT_DERIVED_WITH_PROVENANCE_WATCH,Exact analytical face point is derived; source topology/identity evidence remains separate and is not promoted to DOC coordinate evidence.
M0G-F-G4-B042-FROM,G4,BEAM_SUPPORT_FACE,28,,G4-B042,FROM,Y_POS,0.0000,9.1500,9.6000,40,40,DOC,DOC_METRIC_OR_AXIS+UPPER_SHEET_REGISTRATION_MIS,DOC+RIF,DOC,SUPPORT_CENTERLINE_RAY_INTERSECT_DOCUMENTED_SUPPORT_FACE,INF,CURRENT_DERIVED_WITH_PROVENANCE_WATCH,Exact analytical face point is derived; source topology/identity evidence remains separate and is not promoted to DOC coordinate evidence.
M0G-F-G4-B042-TO,G4,BEAM_SUPPORT_FACE,29,,G4-B042,TO,Y_NEG,0.0000,14.9750,9.6000,30,45,DOC,DOC_METRIC_OR_AXIS+UPPER_SHEET_REGISTRATION_MIS,DOC+RIF,DOC,SUPPORT_CENTERLINE_RAY_INTERSECT_DOCUMENTED_SUPPORT_FACE,INF,CURRENT_DERIVED_WITH_PROVENANCE_WATCH,Exact analytical face point is derived; source topology/identity evidence remains separate and is not promoted to DOC coordinate evidence.
M0G-F-G4-B043-FROM,G4,BEAM_SUPPORT_FACE,29,,G4-B043,FROM,Y_POS,0.0000,15.4250,9.6000,30,45,DOC,DOC_METRIC_OR_AXIS+UPPER_SHEET_REGISTRATION_MIS,DOC+RIF,DOC,SUPPORT_CENTERLINE_RAY_INTERSECT_DOCUMENTED_SUPPORT_FACE,INF,CURRENT_DERIVED_WITH_PROVENANCE_WATCH,Exact analytical face point is derived; source topology/identity evidence remains separate and is not promoted to DOC coordinate evidence.
M0G-F-G4-B043-TO,G4,BEAM_SUPPORT_FACE,30,,G4-B043,TO,Y_NEG,0.0000,19.5834,9.6000,110,30,DOC,SUPPORTED_REFERENCE_PLUS_MIS_EXTENDED+UPPER_SHEET_REGISTRATION_MIS,DOC+RIF,DOC,SUPPORT_CENTERLINE_RAY_INTERSECT_DOCUMENTED_SUPPORT_FACE,INF,CURRENT_DERIVED_WITH_PROVENANCE_WATCH,Exact analytical face point is derived; source topology/identity evidence remains separate and is not promoted to DOC coordinate evidence.
M0G-F-G4-B044-FROM,G4,BEAM_SUPPORT_FACE,28,,G4-B044,FROM,X_NEG,-0.2000,8.9500,9.6000,40,40,DOC,DOC_METRIC_OR_AXIS+UPPER_SHEET_REGISTRATION_MIS,DOC+RIF,DOC,SUPPORT_CENTERLINE_RAY_INTERSECT_DOCUMENTED_SUPPORT_FACE,INF,CURRENT_DERIVED_WITH_PROVENANCE_WATCH,Exact analytical face point is derived; source topology/identity evidence remains separate and is not promoted to DOC coordinate evidence.
M0G-F-G4-B044-TO,G4,BEAM_SUPPORT_FACE,31,,G4-B044,TO,X_POS,-4.5000,8.9500,9.6000,40,40,DOC,DOC_METRIC_OR_AXIS+UPPER_SHEET_REGISTRATION_MIS,DOC+RIF,DOC,SUPPORT_CENTERLINE_RAY_INTERSECT_DOCUMENTED_SUPPORT_FACE,INF,CURRENT_DERIVED_WITH_PROVENANCE_WATCH,Exact analytical face point is derived; source topology/identity evidence remains separate and is not promoted to DOC coordinate evidence.
M0G-F-G4-B045-FROM,G4,BEAM_SUPPORT_FACE,29,,G4-B045,FROM,X_NEG,-0.1500,15.2000,9.6000,30,45,DOC,DOC_METRIC_OR_AXIS+UPPER_SHEET_REGISTRATION_MIS,DOC+RIF,DOC,SUPPORT_CENTERLINE_RAY_INTERSECT_DOCUMENTED_SUPPORT_FACE,INF,CURRENT_DERIVED_WITH_PROVENANCE_WATCH,Exact analytical face point is derived; source topology/identity evidence remains separate and is not promoted to DOC coordinate evidence.
M0G-F-G4-B045-TO,G4,BEAM_SUPPORT_FACE,32,,G4-B045,TO,X_POS,-4.5000,15.2000,9.6000,40,40,DOC,DOC_METRIC_OR_AXIS+UPPER_SHEET_REGISTRATION_MIS,DOC+RIF,DOC,SUPPORT_CENTERLINE_RAY_INTERSECT_DOCUMENTED_SUPPORT_FACE,INF,CURRENT_DERIVED_WITH_PROVENANCE_WATCH,Exact analytical face point is derived; source topology/identity evidence remains separate and is not promoted to DOC coordinate evidence.
M0G-F-G4-B046-FROM,G4,BEAM_SUPPORT_FACE,30,,G4-B046,FROM,X_NEG,-0.5500,19.7822,9.6000,110,30,DOC,SUPPORTED_REFERENCE_PLUS_MIS_EXTENDED+UPPER_SHEET_REGISTRATION_MIS,DOC+RIF,DOC,SUPPORT_CENTERLINE_RAY_INTERSECT_DOCUMENTED_SUPPORT_FACE,INF,CURRENT_DERIVED_WITH_PROVENANCE_WATCH,Exact analytical face point is derived; source topology/identity evidence remains separate and is not promoted to DOC coordinate evidence.
M0G-F-G4-B046-TO,G4,BEAM_SUPPORT_FACE,33,,G4-B046,TO,X_POS,-4.5000,20.1323,9.6000,40,40,DOC,DOC_METRIC_OR_AXIS+UPPER_SHEET_REGISTRATION_MIS,DOC+RIF,DOC,SUPPORT_CENTERLINE_RAY_INTERSECT_DOCUMENTED_SUPPORT_FACE,INF,CURRENT_DERIVED_WITH_PROVENANCE_WATCH,Exact analytical face point is derived; source topology/identity evidence remains separate and is not promoted to DOC coordinate evidence.
M0G-F-G4-B047-FROM,G4,BEAM_SUPPORT_FACE,31,,G4-B047,FROM,Y_POS,-4.7000,9.1500,9.6000,40,40,DOC,DOC_METRIC_OR_AXIS+UPPER_SHEET_REGISTRATION_MIS,DOC+RIF,DOC,SUPPORT_CENTERLINE_RAY_INTERSECT_DOCUMENTED_SUPPORT_FACE,INF,CURRENT_DERIVED_WITH_PROVENANCE_WATCH,Exact analytical face point is derived; source topology/identity evidence remains separate and is not promoted to DOC coordinate evidence.
M0G-F-G4-B047-TO,G4,BEAM_SUPPORT_FACE,32,,G4-B047,TO,Y_NEG,-4.7000,15.0000,9.6000,40,40,DOC,DOC_METRIC_OR_AXIS+UPPER_SHEET_REGISTRATION_MIS,DOC+RIF,DOC,SUPPORT_CENTERLINE_RAY_INTERSECT_DOCUMENTED_SUPPORT_FACE,INF,CURRENT_DERIVED_WITH_PROVENANCE_WATCH,Exact analytical face point is derived; source topology/identity evidence remains separate and is not promoted to DOC coordinate evidence.
M0G-F-G4-B048-FROM,G4,BEAM_SUPPORT_FACE,32,,G4-B048,FROM,Y_POS,-4.7000,15.4000,9.6000,40,40,DOC,DOC_METRIC_OR_AXIS+UPPER_SHEET_REGISTRATION_MIS,DOC+RIF,DOC,SUPPORT_CENTERLINE_RAY_INTERSECT_DOCUMENTED_SUPPORT_FACE,INF,CURRENT_DERIVED_WITH_PROVENANCE_WATCH,Exact analytical face point is derived; source topology/identity evidence remains separate and is not promoted to DOC coordinate evidence.
M0G-F-G4-B048-TO,G4,BEAM_SUPPORT_FACE,33,,G4-B048,TO,Y_NEG,-4.7000,19.9500,9.6000,40,40,DOC,DOC_METRIC_OR_AXIS+UPPER_SHEET_REGISTRATION_MIS,DOC+RIF,DOC,SUPPORT_CENTERLINE_RAY_INTERSECT_DOCUMENTED_SUPPORT_FACE,INF,CURRENT_DERIVED_WITH_PROVENANCE_WATCH,Exact analytical face point is derived; source topology/identity evidence remains separate and is not promoted to DOC coordinate evidence.
M0G-F-G5-B001-FROM,G5,BEAM_SUPPORT_FACE,2,,G5-B001,FROM,Y_POS,18.0000,4.9000,11.8000,40,40,DOC,DOC_METRIC_OR_AXIS+UPPER_SHEET_REGISTRATION_MIS,DOC,DOC,SUPPORT_CENTERLINE_RAY_INTERSECT_DOCUMENTED_SUPPORT_FACE,INF,CURRENT_DERIVED_WITH_PROVENANCE_WATCH,Exact analytical face point is derived; source topology/identity evidence remains separate and is not promoted to DOC coordinate evidence.
M0G-F-G5-B001-TO,G5,BEAM_SUPPORT_FACE,3,,G5-B001,TO,Y_NEG,18.0000,9.6000,11.8000,40,40,DOC,DOC_METRIC_OR_AXIS+UPPER_SHEET_REGISTRATION_MIS,DOC,DOC,SUPPORT_CENTERLINE_RAY_INTERSECT_DOCUMENTED_SUPPORT_FACE,INF,CURRENT_DERIVED_WITH_PROVENANCE_WATCH,Exact analytical face point is derived; source topology/identity evidence remains separate and is not promoted to DOC coordinate evidence.
M0G-F-G5-B002-FROM,G5,BEAM_SUPPORT_FACE,3,,G5-B002,FROM,Y_POS,18.0000,10.0000,11.8000,40,40,DOC,DOC_METRIC_OR_AXIS+UPPER_SHEET_REGISTRATION_MIS,DOC,DOC,SUPPORT_CENTERLINE_RAY_INTERSECT_DOCUMENTED_SUPPORT_FACE,INF,CURRENT_DERIVED_WITH_PROVENANCE_WATCH,Exact analytical face point is derived; source topology/identity evidence remains separate and is not promoted to DOC coordinate evidence.
M0G-F-G5-B002-TO,G5,BEAM_SUPPORT_FACE,4,,G5-B002,TO,Y_NEG,18.0000,13.7500,11.8000,40,40,DOC,DOC_METRIC_OR_AXIS+UPPER_SHEET_REGISTRATION_MIS,DOC,DOC,SUPPORT_CENTERLINE_RAY_INTERSECT_DOCUMENTED_SUPPORT_FACE,INF,CURRENT_DERIVED_WITH_PROVENANCE_WATCH,Exact analytical face point is derived; source topology/identity evidence remains separate and is not promoted to DOC coordinate evidence.
M0G-F-G5-B003-FROM,G5,BEAM_SUPPORT_FACE,4,,G5-B003,FROM,X_NEG,17.8000,13.9500,11.8000,40,40,DOC,DOC_METRIC_OR_AXIS+UPPER_SHEET_REGISTRATION_MIS,DOC,DOC,SUPPORT_CENTERLINE_RAY_INTERSECT_DOCUMENTED_SUPPORT_FACE,INF,CURRENT_DERIVED_WITH_PROVENANCE_WATCH,Exact analytical face point is derived; source topology/identity evidence remains separate and is not promoted to DOC coordinate evidence.
M0G-F-G5-B003-TO,G5,BEAM_SUPPORT_FACE,5,,G5-B003,TO,X_POS,16.3000,13.9500,11.8000,40,40,DOC,DOC_METRIC_OR_AXIS+UPPER_SHEET_REGISTRATION_MIS,DOC,DOC,SUPPORT_CENTERLINE_RAY_INTERSECT_DOCUMENTED_SUPPORT_FACE,INF,CURRENT_DERIVED_WITH_PROVENANCE_WATCH,Exact analytical face point is derived; source topology/identity evidence remains separate and is not promoted to DOC coordinate evidence.
M0G-F-G5-B004-FROM,G5,BEAM_SUPPORT_FACE,5,,G5-B004,FROM,Y_POS,16.1000,14.1500,11.8000,40,40,DOC,DOC_METRIC_OR_AXIS+UPPER_SHEET_REGISTRATION_MIS,DOC,DOC,SUPPORT_CENTERLINE_RAY_INTERSECT_DOCUMENTED_SUPPORT_FACE,INF,CURRENT_DERIVED_WITH_PROVENANCE_WATCH,Exact analytical face point is derived; source topology/identity evidence remains separate and is not promoted to DOC coordinate evidence.
M0G-F-G5-B004-TO,G5,BEAM_SUPPORT_FACE,6,,G5-B004,TO,Y_NEG,16.1000,17.9000,11.8000,40,40,DOC,DOC_METRIC_OR_AXIS+UPPER_SHEET_REGISTRATION_MIS,DOC,DOC,SUPPORT_CENTERLINE_RAY_INTERSECT_DOCUMENTED_SUPPORT_FACE,INF,CURRENT_DERIVED_WITH_PROVENANCE_WATCH,Exact analytical face point is derived; source topology/identity evidence remains separate and is not promoted to DOC coordinate evidence.
M0G-F-G5-B005-FROM,G5,BEAM_SUPPORT_FACE,6,,G5-B005,FROM,Y_POS,16.1000,18.3000,11.8000,40,40,DOC,DOC_METRIC_OR_AXIS+UPPER_SHEET_REGISTRATION_MIS,DOC,DOC,SUPPORT_CENTERLINE_RAY_INTERSECT_DOCUMENTED_SUPPORT_FACE,INF,CURRENT_DERIVED_WITH_PROVENANCE_WATCH,Exact analytical face point is derived; source topology/identity evidence remains separate and is not promoted to DOC coordinate evidence.
M0G-F-G5-B005-TO,G5,BEAM_SUPPORT_FACE,7,,G5-B005,TO,Y_NEG,16.1000,23.2000,11.8000,40,40,DOC,DOC_METRIC_OR_AXIS+UPPER_SHEET_REGISTRATION_MIS,DOC,DOC,SUPPORT_CENTERLINE_RAY_INTERSECT_DOCUMENTED_SUPPORT_FACE,INF,CURRENT_DERIVED_WITH_PROVENANCE_WATCH,Exact analytical face point is derived; source topology/identity evidence remains separate and is not promoted to DOC coordinate evidence.
M0G-F-G5-B006-FROM,G5,BEAM_SUPPORT_FACE,2,,G5-B006,FROM,X_NEG,17.8000,4.7000,11.8000,40,40,DOC,DOC_METRIC_OR_AXIS+UPPER_SHEET_REGISTRATION_MIS,DOC,DOC,SUPPORT_CENTERLINE_RAY_INTERSECT_DOCUMENTED_SUPPORT_FACE,INF,CURRENT_DERIVED_WITH_PROVENANCE_WATCH,Exact analytical face point is derived; source topology/identity evidence remains separate and is not promoted to DOC coordinate evidence.
M0G-F-G5-B006-TO,G5,BEAM_SUPPORT_FACE,10,,G5-B006,TO,X_POS,12.5500,4.7000,11.8000,30,40,DOC,DOC_METRIC_OR_AXIS+UPPER_SHEET_REGISTRATION_MIS,DOC,DOC,SUPPORT_CENTERLINE_RAY_INTERSECT_DOCUMENTED_SUPPORT_FACE,INF,CURRENT_DERIVED_WITH_PROVENANCE_WATCH,Exact analytical face point is derived; source topology/identity evidence remains separate and is not promoted to DOC coordinate evidence.
M0G-F-G5-B007-FROM,G5,BEAM_SUPPORT_FACE,3,,G5-B007,FROM,X_NEG,17.8000,9.8000,11.8000,40,40,DOC,DOC_METRIC_OR_AXIS+UPPER_SHEET_REGISTRATION_MIS,DOC,DOC,SUPPORT_CENTERLINE_RAY_INTERSECT_DOCUMENTED_SUPPORT_FACE,INF,CURRENT_DERIVED_WITH_PROVENANCE_WATCH,Exact analytical face point is derived; source topology/identity evidence remains separate and is not promoted to DOC coordinate evidence.
M0G-F-G5-B007-TO,G5,BEAM_SUPPORT_FACE,11,,G5-B007,TO,X_POS,12.5500,9.8000,11.8000,30,40,DOC,DOC_METRIC_OR_AXIS+UPPER_SHEET_REGISTRATION_MIS,DOC,DOC,SUPPORT_CENTERLINE_RAY_INTERSECT_DOCUMENTED_SUPPORT_FACE,INF,CURRENT_DERIVED_WITH_PROVENANCE_WATCH,Exact analytical face point is derived; source topology/identity evidence remains separate and is not promoted to DOC coordinate evidence.
M0G-F-G5-B008-FROM,G5,BEAM_SUPPORT_FACE,5,,G5-B008,FROM,X_NEG,15.9000,13.9500,11.8000,40,40,DOC,DOC_METRIC_OR_AXIS+UPPER_SHEET_REGISTRATION_MIS,DOC,DOC,TAV06S_OFFSET_POLYLINE_ENDPOINT_TANGENT_PLUS_SUPPORT_FACE,INF,CURRENT_DERIVED_WITH_PROVENANCE_WATCH,Exact analytical face point is derived; source topology/identity evidence remains separate and is not promoted to DOC coordinate evidence.
M0G-F-G5-B008-TO,G5,BEAM_SUPPORT_FACE,13,,G5-B008,TO,Y_NEG,11.4500,15.0000,11.8000,30,40,DOC,DOC_METRIC_OR_AXIS+UPPER_SHEET_REGISTRATION_MIS,DOC,DOC,TAV06S_OFFSET_POLYLINE_ENDPOINT_TANGENT_PLUS_SUPPORT_FACE,INF,CURRENT_DERIVED_WITH_PROVENANCE_WATCH,Exact analytical face point is derived; source topology/identity evidence remains separate and is not promoted to DOC coordinate evidence.
M0G-F-G5-B009-FROM,G5,BEAM_SUPPORT_FACE,6,,G5-B009,FROM,X_NEG,15.9000,18.1000,11.8000,40,40,DOC,DOC_METRIC_OR_AXIS+UPPER_SHEET_REGISTRATION_MIS,DOC,DOC,SUPPORT_CENTERLINE_RAY_INTERSECT_DOCUMENTED_SUPPORT_FACE,INF,CURRENT_DERIVED_WITH_PROVENANCE_WATCH,Exact analytical face point is derived; source topology/identity evidence remains separate and is not promoted to DOC coordinate evidence.
M0G-F-G5-B009-TO,G5,BEAM_SUPPORT_FACE,14,,G5-B009,TO,X_POS,11.6000,18.1000,11.8000,30,40,DOC,DOC_METRIC_OR_AXIS+UPPER_SHEET_REGISTRATION_MIS,DOC,DOC,SUPPORT_CENTERLINE_RAY_INTERSECT_DOCUMENTED_SUPPORT_FACE,INF,CURRENT_DERIVED_WITH_PROVENANCE_WATCH,Exact analytical face point is derived; source topology/identity evidence remains separate and is not promoted to DOC coordinate evidence.
M0G-F-G5-B010-FROM,G5,BEAM_SUPPORT_FACE,7,,G5-B010,FROM,X_NEG,15.9000,23.4000,11.8000,40,40,DOC,DOC_METRIC_OR_AXIS+UPPER_SHEET_REGISTRATION_MIS,DOC,DOC,SUPPORT_CENTERLINE_RAY_INTERSECT_DOCUMENTED_SUPPORT_FACE,INF,CURRENT_DERIVED_WITH_PROVENANCE_WATCH,Exact analytical face point is derived; source topology/identity evidence remains separate and is not promoted to DOC coordinate evidence.
M0G-F-G5-B010-TO,G5,BEAM_SUPPORT_FACE,15,,G5-B010,TO,X_POS,11.6000,23.4000,11.8000,30,40,DOC,DOC_METRIC_OR_AXIS+UPPER_SHEET_REGISTRATION_MIS,DOC,DOC,SUPPORT_CENTERLINE_RAY_INTERSECT_DOCUMENTED_SUPPORT_FACE,INF,CURRENT_DERIVED_WITH_PROVENANCE_WATCH,Exact analytical face point is derived; source topology/identity evidence remains separate and is not promoted to DOC coordinate evidence.
M0G-F-G5-B011-FROM,G5,BEAM_SUPPORT_FACE,10,,G5-B011,FROM,Y_POS,12.4000,4.9000,11.8000,30,40,DOC,DOC_METRIC_OR_AXIS+UPPER_SHEET_REGISTRATION_MIS,DOC,DOC,SUPPORT_CENTERLINE_RAY_INTERSECT_DOCUMENTED_SUPPORT_FACE,INF,CURRENT_DERIVED_WITH_PROVENANCE_WATCH,Exact analytical face point is derived; source topology/identity evidence remains separate and is not promoted to DOC coordinate evidence.
M0G-F-G5-B011-TO,G5,BEAM_SUPPORT_FACE,11,,G5-B011,TO,Y_NEG,12.4000,9.6000,11.8000,30,40,DOC,DOC_METRIC_OR_AXIS+UPPER_SHEET_REGISTRATION_MIS,DOC,DOC,SUPPORT_CENTERLINE_RAY_INTERSECT_DOCUMENTED_SUPPORT_FACE,INF,CURRENT_DERIVED_WITH_PROVENANCE_WATCH,Exact analytical face point is derived; source topology/identity evidence remains separate and is not promoted to DOC coordinate evidence.
M0G-F-G5-B012-FROM,G5,BEAM_SUPPORT_FACE,11,,G5-B012,FROM,Y_POS,12.4000,10.0000,11.8000,30,40,DOC,DOC_METRIC_OR_AXIS+UPPER_SHEET_REGISTRATION_MIS,DOC,DOC,SUPPORT_CENTERLINE_RAY_INTERSECT_DOCUMENTED_SUPPORT_FACE,INF,CURRENT_DERIVED_WITH_PROVENANCE_WATCH,Exact analytical face point is derived; source topology/identity evidence remains separate and is not promoted to DOC coordinate evidence.
M0G-F-G5-B012-TO,G5,BEAM_SUPPORT_FACE,12,,G5-B012,TO,Y_NEG,12.4000,12.8725,11.8000,30,40,DOC,MIS_AFFINE+UPPER_SHEET_REGISTRATION_MIS,DOC,DOC,SUPPORT_CENTERLINE_RAY_INTERSECT_DOCUMENTED_SUPPORT_FACE,INF,CURRENT_DERIVED_WITH_PROVENANCE_WATCH,Exact analytical face point is derived; source topology/identity evidence remains separate and is not promoted to DOC coordinate evidence.
M0G-F-G5-B013-FROM,G5,BEAM_SUPPORT_FACE,13,,G5-B013,FROM,Y_POS,11.4500,15.4000,11.8000,30,40,DOC,DOC_METRIC_OR_AXIS+UPPER_SHEET_REGISTRATION_MIS,DOC,DOC,SUPPORT_CENTERLINE_RAY_INTERSECT_DOCUMENTED_SUPPORT_FACE,INF,CURRENT_DERIVED_WITH_PROVENANCE_WATCH,Exact analytical face point is derived; source topology/identity evidence remains separate and is not promoted to DOC coordinate evidence.
M0G-F-G5-B013-TO,G5,BEAM_SUPPORT_FACE,14,,G5-B013,TO,Y_NEG,11.4500,17.9000,11.8000,30,40,DOC,DOC_METRIC_OR_AXIS+UPPER_SHEET_REGISTRATION_MIS,DOC,DOC,SUPPORT_CENTERLINE_RAY_INTERSECT_DOCUMENTED_SUPPORT_FACE,INF,CURRENT_DERIVED_WITH_PROVENANCE_WATCH,Exact analytical face point is derived; source topology/identity evidence remains separate and is not promoted to DOC coordinate evidence.
M0G-F-G5-B014-FROM,G5,BEAM_SUPPORT_FACE,14,,G5-B014,FROM,Y_POS,11.4500,18.3000,11.8000,30,40,DOC,DOC_METRIC_OR_AXIS+UPPER_SHEET_REGISTRATION_MIS,DOC,DOC,SUPPORT_CENTERLINE_RAY_INTERSECT_DOCUMENTED_SUPPORT_FACE,INF,CURRENT_DERIVED_WITH_PROVENANCE_WATCH,Exact analytical face point is derived; source topology/identity evidence remains separate and is not promoted to DOC coordinate evidence.
M0G-F-G5-B014-TO,G5,BEAM_SUPPORT_FACE,15,,G5-B014,TO,Y_NEG,11.4500,23.2000,11.8000,30,40,DOC,DOC_METRIC_OR_AXIS+UPPER_SHEET_REGISTRATION_MIS,DOC,DOC,SUPPORT_CENTERLINE_RAY_INTERSECT_DOCUMENTED_SUPPORT_FACE,INF,CURRENT_DERIVED_WITH_PROVENANCE_WATCH,Exact analytical face point is derived; source topology/identity evidence remains separate and is not promoted to DOC coordinate evidence.
M0G-F-G5-B015-FROM,G5,BEAM_SUPPORT_FACE,10,,G5-B015,FROM,X_NEG,12.2500,4.7000,11.8000,30,40,DOC,DOC_METRIC_OR_AXIS+UPPER_SHEET_REGISTRATION_MIS,DOC,DOC,SUPPORT_CENTERLINE_RAY_INTERSECT_DOCUMENTED_SUPPORT_FACE,INF,CURRENT_DERIVED_WITH_PROVENANCE_WATCH,Exact analytical face point is derived; source topology/identity evidence remains separate and is not promoted to DOC coordinate evidence.
M0G-F-G5-B015-TO,G5,BEAM_SUPPORT_FACE,18,,G5-B015,TO,X_POS,7.3740,4.7000,11.8000,30,40,DOC,MIS_AFFINE_EXTENDED+UPPER_SHEET_REGISTRATION_MIS,DOC,DOC,SUPPORT_CENTERLINE_RAY_INTERSECT_DOCUMENTED_SUPPORT_FACE,INF,CURRENT_DERIVED_WITH_PROVENANCE_WATCH,Exact analytical face point is derived; source topology/identity evidence remains separate and is not promoted to DOC coordinate evidence.
M0G-F-G5-B016-FROM,G5,BEAM_SUPPORT_FACE,11,,G5-B016,FROM,X_NEG,12.2500,9.8000,11.8000,30,40,DOC,DOC_METRIC_OR_AXIS+UPPER_SHEET_REGISTRATION_MIS,DOC,DOC,SUPPORT_CENTERLINE_RAY_INTERSECT_DOCUMENTED_SUPPORT_FACE,INF,CURRENT_DERIVED_WITH_PROVENANCE_WATCH,Exact analytical face point is derived; source topology/identity evidence remains separate and is not promoted to DOC coordinate evidence.
M0G-F-G5-B016-TO,G5,BEAM_SUPPORT_FACE,20,,G5-B016,TO,X_POS,7.8318,9.8000,11.8000,40,40,DOC,MIS_AFFINE_WATCH+UPPER_SHEET_REGISTRATION_MIS,DOC,DOC,SUPPORT_CENTERLINE_RAY_INTERSECT_DOCUMENTED_SUPPORT_FACE,INF,CURRENT_DERIVED_WITH_PROVENANCE_WATCH,Exact analytical face point is derived; source topology/identity evidence remains separate and is not promoted to DOC coordinate evidence.
M0G-F-G5-B017-FROM,G5,BEAM_SUPPORT_FACE,12,,G5-B017,FROM,X_NEG,12.2500,12.9428,11.8000,30,40,DOC,MIS_AFFINE+UPPER_SHEET_REGISTRATION_MIS,DOC,DOC,SUPPORT_CENTERLINE_RAY_INTERSECT_DOCUMENTED_SUPPORT_FACE,INF,CURRENT_DERIVED_WITH_PROVENANCE_WATCH,Exact analytical face point is derived; source topology/identity evidence remains separate and is not promoted to DOC coordinate evidence.
M0G-F-G5-B017-TO,G5,BEAM_SUPPORT_FACE,19,,G5-B017,TO,X_POS,7.8318,9.1229,11.8000,40,40,DOC,MIS_AFFINE_WATCH+UPPER_SHEET_REGISTRATION_MIS,DOC,DOC,SUPPORT_CENTERLINE_RAY_INTERSECT_DOCUMENTED_SUPPORT_FACE,INF,CURRENT_DERIVED_WITH_PROVENANCE_WATCH,Exact analytical face point is derived; source topology/identity evidence remains separate and is not promoted to DOC coordinate evidence.
M0G-F-G5-B018-FROM,G5,BEAM_SUPPORT_FACE,18,,G5-B018,FROM,Y_POS,7.2432,4.9000,11.8000,30,40,DOC,MIS_AFFINE_EXTENDED+UPPER_SHEET_REGISTRATION_MIS,DOC,DOC,SUPPORT_CENTERLINE_RAY_INTERSECT_DOCUMENTED_SUPPORT_FACE,INF,CURRENT_DERIVED_WITH_PROVENANCE_WATCH,Exact analytical face point is derived; source topology/identity evidence remains separate and is not promoted to DOC coordinate evidence.
M0G-F-G5-B018-TO,G5,BEAM_SUPPORT_FACE,19,,G5-B018,TO,Y_NEG,7.6126,8.7500,11.8000,40,40,DOC,MIS_AFFINE_WATCH+UPPER_SHEET_REGISTRATION_MIS,DOC,DOC,SUPPORT_CENTERLINE_RAY_INTERSECT_DOCUMENTED_SUPPORT_FACE,INF,CURRENT_DERIVED_WITH_PROVENANCE_WATCH,Exact analytical face point is derived; source topology/identity evidence remains separate and is not promoted to DOC coordinate evidence.
M0G-F-G5-B019-FROM,G5,BEAM_SUPPORT_FACE,19,,G5-B019,FROM,Y_POS,7.6318,9.1500,11.8000,40,40,DOC,MIS_AFFINE_WATCH+UPPER_SHEET_REGISTRATION_MIS,DOC,DOC,SUPPORT_CENTERLINE_RAY_INTERSECT_DOCUMENTED_SUPPORT_FACE,INF,CURRENT_DERIVED_WITH_PROVENANCE_WATCH,Exact analytical face point is derived; source topology/identity evidence remains separate and is not promoted to DOC coordinate evidence.
M0G-F-G5-B019-TO,G5,BEAM_SUPPORT_FACE,20,,G5-B019,TO,Y_NEG,7.6318,9.6000,11.8000,40,40,DOC,MIS_AFFINE_WATCH+UPPER_SHEET_REGISTRATION_MIS,DOC,DOC,SUPPORT_CENTERLINE_RAY_INTERSECT_DOCUMENTED_SUPPORT_FACE,INF,CURRENT_DERIVED_WITH_PROVENANCE_WATCH,Exact analytical face point is derived; source topology/identity evidence remains separate and is not promoted to DOC coordinate evidence.
M0G-F-G5-B020-FROM,G5,BEAM_SUPPORT_FACE,13,,G5-B020,FROM,X_NEG,11.3000,15.2000,11.8000,30,40,DOC,DOC_METRIC_OR_AXIS+UPPER_SHEET_REGISTRATION_MIS,DOC,DOC,SUPPORT_CENTERLINE_RAY_INTERSECT_DOCUMENTED_SUPPORT_FACE,INF,CURRENT_DERIVED_WITH_PROVENANCE_WATCH,Exact analytical face point is derived; source topology/identity evidence remains separate and is not promoted to DOC coordinate evidence.
M0G-F-G5-B020-TO,G5,BEAM_SUPPORT_FACE,21,,G5-B020,TO,X_POS,5.7000,15.2000,11.8000,30,40,DOC,SUPPORTED_REFERENCE_REBOUND+UPPER_SHEET_REGISTRATION_MIS,DOC,DOC,SUPPORT_CENTERLINE_RAY_INTERSECT_DOCUMENTED_SUPPORT_FACE,INF,CURRENT_DERIVED_WITH_PROVENANCE_WATCH,Exact analytical face point is derived; source topology/identity evidence remains separate and is not promoted to DOC coordinate evidence.
M0G-F-G5-B021-FROM,G5,BEAM_SUPPORT_FACE,14,,G5-B021,FROM,X_NEG,11.3000,18.1000,11.8000,30,40,DOC,DOC_METRIC_OR_AXIS+UPPER_SHEET_REGISTRATION_MIS,DOC,DOC,SUPPORT_CENTERLINE_RAY_INTERSECT_DOCUMENTED_SUPPORT_FACE,INF,CURRENT_DERIVED_WITH_PROVENANCE_WATCH,Exact analytical face point is derived; source topology/identity evidence remains separate and is not promoted to DOC coordinate evidence.
M0G-F-G5-B021-TO,G5,BEAM_SUPPORT_FACE,22,,G5-B021,TO,X_POS,5.7500,18.1000,11.8000,40,40,DOC,SUPPORTED_REFERENCE_REBOUND+UPPER_SHEET_REGISTRATION_MIS,DOC,DOC,SUPPORT_CENTERLINE_RAY_INTERSECT_DOCUMENTED_SUPPORT_FACE,INF,CURRENT_DERIVED_WITH_PROVENANCE_WATCH,Exact analytical face point is derived; source topology/identity evidence remains separate and is not promoted to DOC coordinate evidence.
M0G-F-G5-B022-FROM,G5,BEAM_SUPPORT_FACE,15,,G5-B022,FROM,X_NEG,11.3000,23.4000,11.8000,30,40,DOC,DOC_METRIC_OR_AXIS+UPPER_SHEET_REGISTRATION_MIS,DOC,DOC,SUPPORT_CENTERLINE_RAY_INTERSECT_DOCUMENTED_SUPPORT_FACE,INF,CURRENT_DERIVED_WITH_PROVENANCE_WATCH,Exact analytical face point is derived; source topology/identity evidence remains separate and is not promoted to DOC coordinate evidence.
M0G-F-G5-B022-TO,G5,BEAM_SUPPORT_FACE,23,,G5-B022,TO,X_POS,5.3789,23.4000,11.8000,30,40,DOC,MIS_AFFINE_EXTENDED+UPPER_SHEET_REGISTRATION_MIS,DOC,DOC,SUPPORT_CENTERLINE_RAY_INTERSECT_DOCUMENTED_SUPPORT_FACE,INF,CURRENT_DERIVED_WITH_PROVENANCE_WATCH,Exact analytical face point is derived; source topology/identity evidence remains separate and is not promoted to DOC coordinate evidence.
M0G-F-G5-B023-FROM,G5,BEAM_SUPPORT_FACE,19,,G5-B023,FROM,X_NEG,7.4318,8.9500,11.8000,40,40,DOC,MIS_AFFINE_WATCH+UPPER_SHEET_REGISTRATION_MIS,DOC,DOC,SUPPORT_CENTERLINE_RAY_INTERSECT_DOCUMENTED_SUPPORT_FACE,INF,CURRENT_DERIVED_WITH_PROVENANCE_WATCH,Exact analytical face point is derived; source topology/identity evidence remains separate and is not promoted to DOC coordinate evidence.
M0G-F-G5-B023-TO,G5,BEAM_SUPPORT_FACE,25,,G5-B023,TO,X_POS,3.6500,8.9500,11.8000,40,40,DOC,DOC_METRIC_OR_AXIS+UPPER_SHEET_REGISTRATION_MIS,DOC,DOC,SUPPORT_CENTERLINE_RAY_INTERSECT_DOCUMENTED_SUPPORT_FACE,INF,CURRENT_DERIVED_WITH_PROVENANCE_WATCH,Exact analytical face point is derived; source topology/identity evidence remains separate and is not promoted to DOC coordinate evidence.
M0G-F-G5-B024-FROM,G5,BEAM_SUPPORT_FACE,21,,G5-B024,FROM,Y_POS,5.5500,15.4000,11.8000,30,40,DOC,SUPPORTED_REFERENCE_REBOUND+UPPER_SHEET_REGISTRATION_MIS,DOC,DOC,SUPPORT_CENTERLINE_RAY_INTERSECT_DOCUMENTED_SUPPORT_FACE,INF,CURRENT_DERIVED_WITH_PROVENANCE_WATCH,Exact analytical face point is derived; source topology/identity evidence remains separate and is not promoted to DOC coordinate evidence.
M0G-F-G5-B024-TO,G5,BEAM_SUPPORT_FACE,22,,G5-B024,TO,Y_NEG,5.5500,17.9000,11.8000,40,40,DOC,SUPPORTED_REFERENCE_REBOUND+UPPER_SHEET_REGISTRATION_MIS,DOC,DOC,SUPPORT_CENTERLINE_RAY_INTERSECT_DOCUMENTED_SUPPORT_FACE,INF,CURRENT_DERIVED_WITH_PROVENANCE_WATCH,Exact analytical face point is derived; source topology/identity evidence remains separate and is not promoted to DOC coordinate evidence.
M0G-F-G5-B025-FROM,G5,BEAM_SUPPORT_FACE,22,,G5-B025,FROM,Y_POS,5.5500,18.3000,11.8000,40,40,DOC,SUPPORTED_REFERENCE_REBOUND+UPPER_SHEET_REGISTRATION_MIS,DOC,DOC,SUPPORT_CENTERLINE_RAY_INTERSECT_DOCUMENTED_SUPPORT_FACE,INF,CURRENT_DERIVED_WITH_PROVENANCE_WATCH,Exact analytical face point is derived; source topology/identity evidence remains separate and is not promoted to DOC coordinate evidence.
M0G-F-G5-B025-TO,G5,BEAM_SUPPORT_FACE,22',,G5-B025,TO,Y_NEG,5.5500,19.0800,11.8000,40,40,DOC,SUPPORTED_REFERENCE_PLUS_MIS+UPPER_SHEET_REGISTRATION_MIS,DOC,DOC,SUPPORT_CENTERLINE_RAY_INTERSECT_DOCUMENTED_SUPPORT_FACE,INF,CURRENT_DERIVED_WITH_PROVENANCE_WATCH,Exact analytical face point is derived; source topology/identity evidence remains separate and is not promoted to DOC coordinate evidence.
M0G-F-G5-B026-FROM,G5,BEAM_SUPPORT_FACE,22',,G5-B026,FROM,Y_POS,5.5344,19.4800,11.8000,40,40,DOC,SUPPORTED_REFERENCE_PLUS_MIS+UPPER_SHEET_REGISTRATION_MIS,DOC,DOC,SUPPORT_CENTERLINE_RAY_INTERSECT_DOCUMENTED_SUPPORT_FACE,INF,CURRENT_DERIVED_WITH_PROVENANCE_WATCH,Exact analytical face point is derived; source topology/identity evidence remains separate and is not promoted to DOC coordinate evidence.
M0G-F-G5-B026-TO,G5,BEAM_SUPPORT_FACE,23,,G5-B026,TO,Y_NEG,5.2445,23.2000,11.8000,30,40,DOC,MIS_AFFINE_EXTENDED+UPPER_SHEET_REGISTRATION_MIS,DOC,DOC,SUPPORT_CENTERLINE_RAY_INTERSECT_DOCUMENTED_SUPPORT_FACE,INF,CURRENT_DERIVED_WITH_PROVENANCE_WATCH,Exact analytical face point is derived; source topology/identity evidence remains separate and is not promoted to DOC coordinate evidence.
M0G-F-G5-B027-FROM,G5,BEAM_SUPPORT_FACE,21,,G5-B027,FROM,X_NEG,5.4000,15.2000,11.8000,30,40,DOC,SUPPORTED_REFERENCE_REBOUND+UPPER_SHEET_REGISTRATION_MIS,DOC,DOC,SUPPORT_CENTERLINE_RAY_INTERSECT_DOCUMENTED_SUPPORT_FACE,INF,CURRENT_DERIVED_WITH_PROVENANCE_WATCH,Exact analytical face point is derived; source topology/identity evidence remains separate and is not promoted to DOC coordinate evidence.
M0G-F-G5-B027-TO,G5,BEAM_SUPPORT_FACE,26,,G5-B027,TO,X_POS,3.6000,15.2000,11.8000,30,40,DOC,DOC_METRIC_OR_AXIS+UPPER_SHEET_REGISTRATION_MIS,DOC,DOC,SUPPORT_CENTERLINE_RAY_INTERSECT_DOCUMENTED_SUPPORT_FACE,INF,CURRENT_DERIVED_WITH_PROVENANCE_WATCH,Exact analytical face point is derived; source topology/identity evidence remains separate and is not promoted to DOC coordinate evidence.
M0G-F-G5-B028-FROM,G5,BEAM_SUPPORT_FACE,22',,G5-B028,FROM,X_NEG,5.3500,19.2800,11.8000,40,40,DOC,SUPPORTED_REFERENCE_PLUS_MIS+UPPER_SHEET_REGISTRATION_MIS,DOC,DOC,SUPPORT_CENTERLINE_RAY_INTERSECT_DOCUMENTED_SUPPORT_FACE,INF,CURRENT_DERIVED_WITH_PROVENANCE_WATCH,Exact analytical face point is derived; source topology/identity evidence remains separate and is not promoted to DOC coordinate evidence.
M0G-F-G5-B028-TO,G5,BEAM_SUPPORT_FACE,27,,G5-B028,TO,X_POS,3.6500,19.2800,11.8000,40,40,DOC,SUPPORTED_MIS_SHARED_ROW+UPPER_SHEET_REGISTRATION_MIS,DOC,DOC,SUPPORT_CENTERLINE_RAY_INTERSECT_DOCUMENTED_SUPPORT_FACE,INF,CURRENT_DERIVED_WITH_PROVENANCE_WATCH,Exact analytical face point is derived; source topology/identity evidence remains separate and is not promoted to DOC coordinate evidence.
M0G-F-G5-B029-FROM,G5,BEAM_SUPPORT_FACE,25,,G5-B029,FROM,Y_POS,3.4500,9.1500,11.8000,40,40,DOC,DOC_METRIC_OR_AXIS+UPPER_SHEET_REGISTRATION_MIS,DOC,DOC,SUPPORT_CENTERLINE_RAY_INTERSECT_DOCUMENTED_SUPPORT_FACE,INF,CURRENT_DERIVED_WITH_PROVENANCE_WATCH,Exact analytical face point is derived; source topology/identity evidence remains separate and is not promoted to DOC coordinate evidence.
M0G-F-G5-B029-TO,G5,BEAM_SUPPORT_FACE,26,,G5-B029,TO,Y_NEG,3.4500,15.0000,11.8000,30,40,DOC,DOC_METRIC_OR_AXIS+UPPER_SHEET_REGISTRATION_MIS,DOC,DOC,SUPPORT_CENTERLINE_RAY_INTERSECT_DOCUMENTED_SUPPORT_FACE,INF,CURRENT_DERIVED_WITH_PROVENANCE_WATCH,Exact analytical face point is derived; source topology/identity evidence remains separate and is not promoted to DOC coordinate evidence.
M0G-F-G5-B030-FROM,G5,BEAM_SUPPORT_FACE,26,,G5-B030,FROM,Y_POS,3.4500,15.4000,11.8000,30,40,DOC,DOC_METRIC_OR_AXIS+UPPER_SHEET_REGISTRATION_MIS,DOC,DOC,SUPPORT_CENTERLINE_RAY_INTERSECT_DOCUMENTED_SUPPORT_FACE,INF,CURRENT_DERIVED_WITH_PROVENANCE_WATCH,Exact analytical face point is derived; source topology/identity evidence remains separate and is not promoted to DOC coordinate evidence.
M0G-F-G5-B030-TO,G5,BEAM_SUPPORT_FACE,27,,G5-B030,TO,Y_NEG,3.4500,19.0800,11.8000,40,40,DOC,SUPPORTED_MIS_SHARED_ROW+UPPER_SHEET_REGISTRATION_MIS,DOC,DOC,SUPPORT_CENTERLINE_RAY_INTERSECT_DOCUMENTED_SUPPORT_FACE,INF,CURRENT_DERIVED_WITH_PROVENANCE_WATCH,Exact analytical face point is derived; source topology/identity evidence remains separate and is not promoted to DOC coordinate evidence.
M0G-F-G5-B031-FROM,G5,BEAM_SUPPORT_FACE,25,,G5-B031,FROM,X_NEG,3.2500,8.9500,11.8000,40,40,DOC,DOC_METRIC_OR_AXIS+UPPER_SHEET_REGISTRATION_MIS,DOC,DOC,SUPPORT_CENTERLINE_RAY_INTERSECT_DOCUMENTED_SUPPORT_FACE,INF,CURRENT_DERIVED_WITH_PROVENANCE_WATCH,Exact analytical face point is derived; source topology/identity evidence remains separate and is not promoted to DOC coordinate evidence.
M0G-F-G5-B031-TO,G5,BEAM_SUPPORT_FACE,28,,G5-B031,TO,X_POS,0.2000,8.9500,11.8000,40,40,DOC,DOC_METRIC_OR_AXIS+UPPER_SHEET_REGISTRATION_MIS,DOC,DOC,SUPPORT_CENTERLINE_RAY_INTERSECT_DOCUMENTED_SUPPORT_FACE,INF,CURRENT_DERIVED_WITH_PROVENANCE_WATCH,Exact analytical face point is derived; source topology/identity evidence remains separate and is not promoted to DOC coordinate evidence.
M0G-F-G5-B032-FROM,G5,BEAM_SUPPORT_FACE,26,,G5-B032,FROM,X_NEG,3.3000,15.2000,11.8000,30,40,DOC,DOC_METRIC_OR_AXIS+UPPER_SHEET_REGISTRATION_MIS,DOC,DOC,SUPPORT_CENTERLINE_RAY_INTERSECT_DOCUMENTED_SUPPORT_FACE,INF,CURRENT_DERIVED_WITH_PROVENANCE_WATCH,Exact analytical face point is derived; source topology/identity evidence remains separate and is not promoted to DOC coordinate evidence.
M0G-F-G5-B032-TO,G5,BEAM_SUPPORT_FACE,29,,G5-B032,TO,X_POS,0.1500,15.2000,11.8000,30,40,DOC,DOC_METRIC_OR_AXIS+UPPER_SHEET_REGISTRATION_MIS,DOC,DOC,SUPPORT_CENTERLINE_RAY_INTERSECT_DOCUMENTED_SUPPORT_FACE,INF,CURRENT_DERIVED_WITH_PROVENANCE_WATCH,Exact analytical face point is derived; source topology/identity evidence remains separate and is not promoted to DOC coordinate evidence.
M0G-F-G5-B033-FROM,G5,BEAM_SUPPORT_FACE,27,,G5-B033,FROM,X_NEG,3.2500,19.3063,11.8000,40,40,DOC,SUPPORTED_MIS_SHARED_ROW+UPPER_SHEET_REGISTRATION_MIS,DOC,DOC,SUPPORT_CENTERLINE_RAY_INTERSECT_DOCUMENTED_SUPPORT_FACE,INF,CURRENT_DERIVED_WITH_PROVENANCE_WATCH,Exact analytical face point is derived; source topology/identity evidence remains separate and is not promoted to DOC coordinate evidence.
M0G-F-G5-B033-TO,G5,BEAM_SUPPORT_FACE,30,,G5-B033,TO,X_POS,0.1500,19.7137,11.8000,30,40,DOC,SUPPORTED_REFERENCE_PLUS_MIS_EXTENDED+UPPER_SHEET_REGISTRATION_MIS,DOC,DOC,SUPPORT_CENTERLINE_RAY_INTERSECT_DOCUMENTED_SUPPORT_FACE,INF,CURRENT_DERIVED_WITH_PROVENANCE_WATCH,Exact analytical face point is derived; source topology/identity evidence remains separate and is not promoted to DOC coordinate evidence.
M0G-F-G5-B034-FROM,G5,BEAM_SUPPORT_FACE,28,,G5-B034,FROM,Y_POS,0.0000,9.1500,11.8000,40,40,DOC,DOC_METRIC_OR_AXIS+UPPER_SHEET_REGISTRATION_MIS,DOC,DOC,SUPPORT_CENTERLINE_RAY_INTERSECT_DOCUMENTED_SUPPORT_FACE,INF,CURRENT_DERIVED_WITH_PROVENANCE_WATCH,Exact analytical face point is derived; source topology/identity evidence remains separate and is not promoted to DOC coordinate evidence.
M0G-F-G5-B034-TO,G5,BEAM_SUPPORT_FACE,29,,G5-B034,TO,Y_NEG,0.0000,15.0000,11.8000,30,40,DOC,DOC_METRIC_OR_AXIS+UPPER_SHEET_REGISTRATION_MIS,DOC,DOC,SUPPORT_CENTERLINE_RAY_INTERSECT_DOCUMENTED_SUPPORT_FACE,INF,CURRENT_DERIVED_WITH_PROVENANCE_WATCH,Exact analytical face point is derived; source topology/identity evidence remains separate and is not promoted to DOC coordinate evidence.
M0G-F-G5-B035-FROM,G5,BEAM_SUPPORT_FACE,29,,G5-B035,FROM,Y_POS,0.0000,15.4000,11.8000,30,40,DOC,DOC_METRIC_OR_AXIS+UPPER_SHEET_REGISTRATION_MIS,DOC,DOC,SUPPORT_CENTERLINE_RAY_INTERSECT_DOCUMENTED_SUPPORT_FACE,INF,CURRENT_DERIVED_WITH_PROVENANCE_WATCH,Exact analytical face point is derived; source topology/identity evidence remains separate and is not promoted to DOC coordinate evidence.
M0G-F-G5-B035-TO,G5,BEAM_SUPPORT_FACE,30,,G5-B035,TO,Y_NEG,0.0000,19.5334,11.8000,30,40,DOC,SUPPORTED_REFERENCE_PLUS_MIS_EXTENDED+UPPER_SHEET_REGISTRATION_MIS,DOC,DOC,SUPPORT_CENTERLINE_RAY_INTERSECT_DOCUMENTED_SUPPORT_FACE,INF,CURRENT_DERIVED_WITH_PROVENANCE_WATCH,Exact analytical face point is derived; source topology/identity evidence remains separate and is not promoted to DOC coordinate evidence.
M0G-F-G5-B036-FROM,G5,BEAM_SUPPORT_FACE,19,,G5-B036,FROM,Y_POS,7.4980,9.1500,11.8000,40,40,DOC,MIS_AFFINE_WATCH+UPPER_SHEET_REGISTRATION_MIS,DOC,DOC,SUPPORT_CENTERLINE_RAY_INTERSECT_DOCUMENTED_SUPPORT_FACE,INF,CURRENT_DERIVED_WITH_PROVENANCE_WATCH,Exact analytical face point is derived; source topology/identity evidence remains separate and is not promoted to DOC coordinate evidence.
M0G-F-G5-B036-TO,G5,BEAM_SUPPORT_FACE,26,,G5-B036,TO,Y_NEG,3.5838,15.0000,11.8000,30,40,DOC,DOC_METRIC_OR_AXIS+UPPER_SHEET_REGISTRATION_MIS,DOC,DOC,SUPPORT_CENTERLINE_RAY_INTERSECT_DOCUMENTED_SUPPORT_FACE,INF,CURRENT_DERIVED_WITH_PROVENANCE_WATCH,Exact analytical face point is derived; source topology/identity evidence remains separate and is not promoted to DOC coordinate evidence.
