link_id,level_id,support_id,core_node_id,face_node_id,beam_id,beam_end,face_ref,dx_m,dy_m,dz_m,offset_length_m,link_role,source_face_coordinate_state,link_evidence_state,validation_state,usage_rule,note
M0G-RL-M0G-F-G1-AN-008,G1,1,M0G-C-G1-1,M0G-F-G1-AN-008,B-004,SOURCE_CURRENT_PT,WEST,-0.2000,0.0000,0.0000,0.2000,RIGID_JOINT_OFFSET,INF,INF,CURRENT_DERIVED_WITH_PROVENANCE_WATCH,ANALYTICAL_CONSTRAINT_NOT_ORDINARY_STRUCTURAL_MEMBER,Rigid analytical offset from support/column core to the distinct beam-support face incidence; same physical support and level; never merge face incidences by support_id.
M0G-RL-M0G-F-G1-AN-013,G1,1,M0G-C-G1-1,M0G-F-G1-AN-013,B-007,SOURCE_CURRENT_PT,SOUTH,0.0000,0.2500,0.0000,0.2500,RIGID_JOINT_OFFSET,INF,INF,CURRENT_DERIVED_WITH_PROVENANCE_WATCH,ANALYTICAL_CONSTRAINT_NOT_ORDINARY_STRUCTURAL_MEMBER,Rigid analytical offset from support/column core to the distinct beam-support face incidence; same physical support and level; never merge face incidences by support_id.
M0G-RL-M0G-F-G1-AN-072,G1,10,M0G-C-G1-10,M0G-F-G1-AN-072,B-038,SOURCE_CURRENT_PT,WEST,-0.2500,0.0000,0.0000,0.2500,RIGID_JOINT_OFFSET,INF,INF,CURRENT_DERIVED_WITH_PROVENANCE_WATCH,ANALYTICAL_CONSTRAINT_NOT_ORDINARY_STRUCTURAL_MEMBER,Rigid analytical offset from support/column core to the distinct beam-support face incidence; same physical support and level; never merge face incidences by support_id.
M0G-RL-M0G-F-G1-AN-073,G1,10,M0G-C-G1-10,M0G-F-G1-AN-073,B-039,SOURCE_CURRENT_PT,EAST,0.2500,0.0000,0.0000,0.2500,RIGID_JOINT_OFFSET,INF,INF,CURRENT_DERIVED_WITH_PROVENANCE_WATCH,ANALYTICAL_CONSTRAINT_NOT_ORDINARY_STRUCTURAL_MEMBER,Rigid analytical offset from support/column core to the distinct beam-support face incidence; same physical support and level; never merge face incidences by support_id.
M0G-RL-M0G-F-G1-AN-080,G1,10,M0G-C-G1-10,M0G-F-G1-AN-080,B-042,SOURCE_CURRENT_PT,NORTH,0.0000,-0.2000,0.0000,0.2000,RIGID_JOINT_OFFSET,INF,INF,CURRENT_DERIVED_WITH_PROVENANCE_WATCH,ANALYTICAL_CONSTRAINT_NOT_ORDINARY_STRUCTURAL_MEMBER,Rigid analytical offset from support/column core to the distinct beam-support face incidence; same physical support and level; never merge face incidences by support_id.
M0G-RL-M0G-F-G1-AN-081,G1,10,M0G-C-G1-10,M0G-F-G1-AN-081,B-043,SOURCE_CURRENT_PT,SOUTH,0.0000,0.2000,0.0000,0.2000,RIGID_JOINT_OFFSET,INF,INF,CURRENT_DERIVED_WITH_PROVENANCE_WATCH,ANALYTICAL_CONSTRAINT_NOT_ORDINARY_STRUCTURAL_MEMBER,Rigid analytical offset from support/column core to the distinct beam-support face incidence; same physical support and level; never merge face incidences by support_id.
M0G-RL-M0G-F-G1-AN-076,G1,11,M0G-C-G1-11,M0G-F-G1-AN-076,B-040,SOURCE_CURRENT_PT,WEST,-0.2500,0.0000,0.0000,0.2500,RIGID_JOINT_OFFSET,INF,INF,CURRENT_DERIVED_WITH_PROVENANCE_WATCH,ANALYTICAL_CONSTRAINT_NOT_ORDINARY_STRUCTURAL_MEMBER,Rigid analytical offset from support/column core to the distinct beam-support face incidence; same physical support and level; never merge face incidences by support_id.
M0G-RL-M0G-F-G1-AN-077,G1,11,M0G-C-G1-11,M0G-F-G1-AN-077,B-041,SOURCE_CURRENT_PT,EAST,0.2500,0.0000,0.0000,0.2500,RIGID_JOINT_OFFSET,INF,INF,CURRENT_DERIVED_WITH_PROVENANCE_WATCH,ANALYTICAL_CONSTRAINT_NOT_ORDINARY_STRUCTURAL_MEMBER,Rigid analytical offset from support/column core to the distinct beam-support face incidence; same physical support and level; never merge face incidences by support_id.
M0G-RL-M0G-F-G1-AN-082,G1,11,M0G-C-G1-11,M0G-F-G1-AN-082,B-043,SOURCE_CURRENT_PT,NORTH,0.0000,-0.2000,0.0000,0.2000,RIGID_JOINT_OFFSET,INF,INF,CURRENT_DERIVED_WITH_PROVENANCE_WATCH,ANALYTICAL_CONSTRAINT_NOT_ORDINARY_STRUCTURAL_MEMBER,Rigid analytical offset from support/column core to the distinct beam-support face incidence; same physical support and level; never merge face incidences by support_id.
M0G-RL-M0G-F-G1-AN-089,G1,11,M0G-C-G1-11,M0G-F-G1-AN-089,B-048,SOURCE_CURRENT_PT,SOUTH,0.0000,0.2000,0.0000,0.2000,RIGID_JOINT_OFFSET,INF,INF,CURRENT_DERIVED_WITH_PROVENANCE_WATCH,ANALYTICAL_CONSTRAINT_NOT_ORDINARY_STRUCTURAL_MEMBER,Rigid analytical offset from support/column core to the distinct beam-support face incidence; same physical support and level; never merge face incidences by support_id.
M0G-RL-M0G-F-G1-AN-090,G1,12,M0G-C-G1-12,M0G-F-G1-AN-090,B-048,SOURCE_CURRENT_PT,NORTH,0.0000,-0.2500,0.0000,0.2500,RIGID_JOINT_OFFSET,INF,INF,CURRENT_DERIVED_WITH_PROVENANCE_WATCH,ANALYTICAL_CONSTRAINT_NOT_ORDINARY_STRUCTURAL_MEMBER,Rigid analytical offset from support/column core to the distinct beam-support face incidence; same physical support and level; never merge face incidences by support_id.
M0G-RL-M0G-F-G1-AN-091,G1,12,M0G-C-G1-12,M0G-F-G1-AN-091,B-049,SOURCE_CURRENT_PT,SOUTH,-0.1116,0.2500,0.0000,0.2738,RIGID_JOINT_OFFSET,INF,INF,CURRENT_DERIVED_WITH_PROVENANCE_WATCH,ANALYTICAL_CONSTRAINT_NOT_ORDINARY_STRUCTURAL_MEMBER,Rigid analytical offset from support/column core to the distinct beam-support face incidence; same physical support and level; never merge face incidences by support_id.
M0G-RL-M0G-F-G1-AN-092,G1,13,M0G-C-G1-13,M0G-F-G1-AN-092,B-049,SOURCE_CURRENT_PT,NORTH,0.0893,-0.2000,0.0000,0.2190,RIGID_JOINT_OFFSET,INF,INF,CURRENT_DERIVED_WITH_PROVENANCE_WATCH,ANALYTICAL_CONSTRAINT_NOT_ORDINARY_STRUCTURAL_MEMBER,Rigid analytical offset from support/column core to the distinct beam-support face incidence; same physical support and level; never merge face incidences by support_id.
M0G-RL-M0G-F-G1-AN-093,G1,13,M0G-C-G1-13,M0G-F-G1-AN-093,B-050,SOURCE_CURRENT_PT,SOUTH,0.0000,0.2000,0.0000,0.2000,RIGID_JOINT_OFFSET,INF,INF,CURRENT_DERIVED_WITH_PROVENANCE_WATCH,ANALYTICAL_CONSTRAINT_NOT_ORDINARY_STRUCTURAL_MEMBER,Rigid analytical offset from support/column core to the distinct beam-support face incidence; same physical support and level; never merge face incidences by support_id.
M0G-RL-M0G-F-G1-AN-083,G1,14,M0G-C-G1-14,M0G-F-G1-AN-083,B-045,SOURCE_CURRENT_PT,EAST,0.2500,0.0000,0.0000,0.2500,RIGID_JOINT_OFFSET,INF,INF,CURRENT_DERIVED_WITH_PROVENANCE_WATCH,ANALYTICAL_CONSTRAINT_NOT_ORDINARY_STRUCTURAL_MEMBER,Rigid analytical offset from support/column core to the distinct beam-support face incidence; same physical support and level; never merge face incidences by support_id.
M0G-RL-M0G-F-G1-AN-085,G1,14,M0G-C-G1-14,M0G-F-G1-AN-085,B-046,SOURCE_CURRENT_PT,SOUTH,0.0000,0.2000,0.0000,0.2000,RIGID_JOINT_OFFSET,INF,INF,CURRENT_DERIVED_WITH_PROVENANCE_WATCH,ANALYTICAL_CONSTRAINT_NOT_ORDINARY_STRUCTURAL_MEMBER,Rigid analytical offset from support/column core to the distinct beam-support face incidence; same physical support and level; never merge face incidences by support_id.
M0G-RL-M0G-F-G1-AN-094,G1,14,M0G-C-G1-14,M0G-F-G1-AN-094,B-050,SOURCE_CURRENT_PT,NORTH,0.0000,-0.2000,0.0000,0.2000,RIGID_JOINT_OFFSET,INF,INF,CURRENT_DERIVED_WITH_PROVENANCE_WATCH,ANALYTICAL_CONSTRAINT_NOT_ORDINARY_STRUCTURAL_MEMBER,Rigid analytical offset from support/column core to the distinct beam-support face incidence; same physical support and level; never merge face incidences by support_id.
M0G-RL-M0G-F-G1-AN-060,G1,15,M0G-C-G1-15,M0G-F-G1-AN-060,B-031,SOURCE_CURRENT_PT,WEST,-0.2500,0.0000,0.0000,0.2500,RIGID_JOINT_OFFSET,INF,INF,CURRENT_DERIVED_WITH_PROVENANCE_WATCH,ANALYTICAL_CONSTRAINT_NOT_ORDINARY_STRUCTURAL_MEMBER,Rigid analytical offset from support/column core to the distinct beam-support face incidence; same physical support and level; never merge face incidences by support_id.
M0G-RL-M0G-F-G1-AN-061,G1,15,M0G-C-G1-15,M0G-F-G1-AN-061,B-032,SOURCE_CURRENT_PT,EAST,0.2500,0.0000,0.0000,0.2500,RIGID_JOINT_OFFSET,INF,INF,CURRENT_DERIVED_WITH_PROVENANCE_WATCH,ANALYTICAL_CONSTRAINT_NOT_ORDINARY_STRUCTURAL_MEMBER,Rigid analytical offset from support/column core to the distinct beam-support face incidence; same physical support and level; never merge face incidences by support_id.
M0G-RL-M0G-F-G1-AN-069,G1,15,M0G-C-G1-15,M0G-F-G1-AN-069,B-036,SOURCE_CURRENT_PT,SOUTH,0.0000,0.2000,0.0000,0.2000,RIGID_JOINT_OFFSET,INF,INF,CURRENT_DERIVED_WITH_PROVENANCE_WATCH,ANALYTICAL_CONSTRAINT_NOT_ORDINARY_STRUCTURAL_MEMBER,Rigid analytical offset from support/column core to the distinct beam-support face incidence; same physical support and level; never merge face incidences by support_id.
M0G-RL-M0G-F-G1-AN-086,G1,15,M0G-C-G1-15,M0G-F-G1-AN-086,B-046,SOURCE_CURRENT_PT,NORTH,0.0000,-0.2000,0.0000,0.2000,RIGID_JOINT_OFFSET,INF,INF,CURRENT_DERIVED_WITH_PROVENANCE_WATCH,ANALYTICAL_CONSTRAINT_NOT_ORDINARY_STRUCTURAL_MEMBER,Rigid analytical offset from support/column core to the distinct beam-support face incidence; same physical support and level; never merge face incidences by support_id.
M0G-RL-M0G-F-G1-AN-064,G1,16,M0G-C-G1-16,M0G-F-G1-AN-064,B-033,SOURCE_CURRENT_PT,WEST,-0.2500,0.0000,0.0000,0.2500,RIGID_JOINT_OFFSET,INF,INF,CURRENT_DERIVED_WITH_PROVENANCE_WATCH,ANALYTICAL_CONSTRAINT_NOT_ORDINARY_STRUCTURAL_MEMBER,Rigid analytical offset from support/column core to the distinct beam-support face incidence; same physical support and level; never merge face incidences by support_id.
M0G-RL-M0G-F-G1-AN-065,G1,16,M0G-C-G1-16,M0G-F-G1-AN-065,B-034,SOURCE_CURRENT_PT,EAST,0.2500,0.0000,0.0000,0.2500,RIGID_JOINT_OFFSET,INF,INF,CURRENT_DERIVED_WITH_PROVENANCE_WATCH,ANALYTICAL_CONSTRAINT_NOT_ORDINARY_STRUCTURAL_MEMBER,Rigid analytical offset from support/column core to the distinct beam-support face incidence; same physical support and level; never merge face incidences by support_id.
M0G-RL-M0G-F-G1-AN-070,G1,16,M0G-C-G1-16,M0G-F-G1-AN-070,B-036,SOURCE_CURRENT_PT,NORTH,0.0000,-0.2000,0.0000,0.2000,RIGID_JOINT_OFFSET,INF,INF,CURRENT_DERIVED_WITH_PROVENANCE_WATCH,ANALYTICAL_CONSTRAINT_NOT_ORDINARY_STRUCTURAL_MEMBER,Rigid analytical offset from support/column core to the distinct beam-support face incidence; same physical support and level; never merge face incidences by support_id.
M0G-RL-M0G-F-G1-AN-004,G1,17,M0G-C-G1-17,M0G-F-G1-AN-004,B-002,SOURCE_CURRENT_PT,WEST,-0.2500,0.0000,0.0000,0.2500,RIGID_JOINT_OFFSET,INF,INF,CURRENT_DERIVED_WITH_PROVENANCE_WATCH,ANALYTICAL_CONSTRAINT_NOT_ORDINARY_STRUCTURAL_MEMBER,Rigid analytical offset from support/column core to the distinct beam-support face incidence; same physical support and level; never merge face incidences by support_id.
M0G-RL-M0G-F-G1-AN-005,G1,17,M0G-C-G1-17,M0G-F-G1-AN-005,B-003,SOURCE_CURRENT_PT,EAST,0.2500,0.0000,0.0000,0.2500,RIGID_JOINT_OFFSET,INF,INF,CURRENT_DERIVED_WITH_PROVENANCE_WATCH,ANALYTICAL_CONSTRAINT_NOT_ORDINARY_STRUCTURAL_MEMBER,Rigid analytical offset from support/column core to the distinct beam-support face incidence; same physical support and level; never merge face incidences by support_id.
M0G-RL-M0G-F-G1-AN-103,G1,17,M0G-C-G1-17,M0G-F-G1-AN-103,B-055,SOURCE_CURRENT_PT,SOUTH,0.0138,0.2000,0.0000,0.2005,RIGID_JOINT_OFFSET,INF,INF,CURRENT_DERIVED_WITH_PROVENANCE_WATCH,ANALYTICAL_CONSTRAINT_NOT_ORDINARY_STRUCTURAL_MEMBER,Rigid analytical offset from support/column core to the distinct beam-support face incidence; same physical support and level; never merge face incidences by support_id.
M0G-RL-M0G-F-G1-AN-012,G1,18,M0G-C-G1-18,M0G-F-G1-AN-012,B-006,SOURCE_CURRENT_PT,WEST,-0.5500,0.0000,0.0000,0.5500,RIGID_JOINT_OFFSET,INF,INF,CURRENT_DERIVED_WITH_PROVENANCE_WATCH,ANALYTICAL_CONSTRAINT_NOT_ORDINARY_STRUCTURAL_MEMBER,Rigid analytical offset from support/column core to the distinct beam-support face incidence; same physical support and level; never merge face incidences by support_id.
M0G-RL-M0G-F-G1-AN-071,G1,18,M0G-C-G1-18,M0G-F-G1-AN-071,B-038,SOURCE_CURRENT_PT,EAST,0.5500,0.0000,0.0000,0.5500,RIGID_JOINT_OFFSET,INF,INF,CURRENT_DERIVED_WITH_PROVENANCE_WATCH,ANALYTICAL_CONSTRAINT_NOT_ORDINARY_STRUCTURAL_MEMBER,Rigid analytical offset from support/column core to the distinct beam-support face incidence; same physical support and level; never merge face incidences by support_id.
M0G-RL-M0G-F-G1-AN-099,G1,18,M0G-C-G1-18,M0G-F-G1-AN-099,B-053,SOURCE_CURRENT_PT,SOUTH,0.0144,0.1500,0.0000,0.1507,RIGID_JOINT_OFFSET,INF,INF,CURRENT_DERIVED_WITH_PROVENANCE_WATCH,ANALYTICAL_CONSTRAINT_NOT_ORDINARY_STRUCTURAL_MEMBER,Rigid analytical offset from support/column core to the distinct beam-support face incidence; same physical support and level; never merge face incidences by support_id.
M0G-RL-M0G-F-G1-AN-104,G1,18,M0G-C-G1-18,M0G-F-G1-AN-104,B-055,SOURCE_CURRENT_PT,NORTH,-0.0103,-0.1500,0.0000,0.1504,RIGID_JOINT_OFFSET,INF,INF,CURRENT_DERIVED_WITH_PROVENANCE_WATCH,ANALYTICAL_CONSTRAINT_NOT_ORDINARY_STRUCTURAL_MEMBER,Rigid analytical offset from support/column core to the distinct beam-support face incidence; same physical support and level; never merge face incidences by support_id.
M0G-RL-M0G-F-G1-AN-032,G1,19,M0G-C-G1-19,M0G-F-G1-AN-032,B-016,SOURCE_CURRENT_PT,WEST,-0.2000,0.0000,0.0000,0.2000,RIGID_JOINT_OFFSET,INF,INF,CURRENT_DERIVED_WITH_PROVENANCE_WATCH,ANALYTICAL_CONSTRAINT_NOT_ORDINARY_STRUCTURAL_MEMBER,Rigid analytical offset from support/column core to the distinct beam-support face incidence; same physical support and level; never merge face incidences by support_id.
M0G-RL-M0G-F-G1-AN-097,G1,19,M0G-C-G1-19,M0G-F-G1-AN-097,B-052,SOURCE_CURRENT_PT,SOUTH,0.0000,0.2500,0.0000,0.2500,RIGID_JOINT_OFFSET,INF,INF,CURRENT_DERIVED_WITH_PROVENANCE_WATCH,ANALYTICAL_CONSTRAINT_NOT_ORDINARY_STRUCTURAL_MEMBER,Rigid analytical offset from support/column core to the distinct beam-support face incidence; same physical support and level; never merge face incidences by support_id.
M0G-RL-M0G-F-G1-AN-100,G1,19,M0G-C-G1-19,M0G-F-G1-AN-100,B-053,SOURCE_CURRENT_PT,NORTH,-0.0240,-0.2500,0.0000,0.2511,RIGID_JOINT_OFFSET,INF,INF,CURRENT_DERIVED_WITH_PROVENANCE_WATCH,ANALYTICAL_CONSTRAINT_NOT_ORDINARY_STRUCTURAL_MEMBER,Rigid analytical offset from support/column core to the distinct beam-support face incidence; same physical support and level; never merge face incidences by support_id.
M0G-RL-M0G-F-G1-AN-014,G1,2,M0G-C-G1-2,M0G-F-G1-AN-014,B-007,SOURCE_CURRENT_PT,NORTH,0.0000,-0.2000,0.0000,0.2000,RIGID_JOINT_OFFSET,INF,INF,CURRENT_DERIVED_WITH_PROVENANCE_WATCH,ANALYTICAL_CONSTRAINT_NOT_ORDINARY_STRUCTURAL_MEMBER,Rigid analytical offset from support/column core to the distinct beam-support face incidence; same physical support and level; never merge face incidences by support_id.
M0G-RL-M0G-F-G1-AN-015,G1,2,M0G-C-G1-2,M0G-F-G1-AN-015,B-008,SOURCE_CURRENT_PT,SOUTH,0.0000,0.2000,0.0000,0.2000,RIGID_JOINT_OFFSET,INF,INF,CURRENT_DERIVED_WITH_PROVENANCE_WATCH,ANALYTICAL_CONSTRAINT_NOT_ORDINARY_STRUCTURAL_MEMBER,Rigid analytical offset from support/column core to the distinct beam-support face incidence; same physical support and level; never merge face incidences by support_id.
M0G-RL-M0G-F-G1-AN-074,G1,2,M0G-C-G1-2,M0G-F-G1-AN-074,B-039,SOURCE_CURRENT_PT,WEST,-0.2500,0.0000,0.0000,0.2500,RIGID_JOINT_OFFSET,INF,INF,CURRENT_DERIVED_WITH_PROVENANCE_WATCH,ANALYTICAL_CONSTRAINT_NOT_ORDINARY_STRUCTURAL_MEMBER,Rigid analytical offset from support/column core to the distinct beam-support face incidence; same physical support and level; never merge face incidences by support_id.
M0G-RL-M0G-F-G1-AN-075,G1,20,M0G-C-G1-20,M0G-F-G1-AN-075,B-040,SOURCE_CURRENT_PT,EAST,0.2500,0.0000,0.0000,0.2500,RIGID_JOINT_OFFSET,INF,INF,CURRENT_DERIVED_WITH_PROVENANCE_WATCH,ANALYTICAL_CONSTRAINT_NOT_ORDINARY_STRUCTURAL_MEMBER,Rigid analytical offset from support/column core to the distinct beam-support face incidence; same physical support and level; never merge face incidences by support_id.
M0G-RL-M0G-F-G1-AN-095,G1,20,M0G-C-G1-20,M0G-F-G1-AN-095,B-051,SOURCE_CURRENT_PT,SOUTH,-0.0771,0.2000,0.0000,0.2143,RIGID_JOINT_OFFSET,INF,INF,CURRENT_DERIVED_WITH_PROVENANCE_WATCH,ANALYTICAL_CONSTRAINT_NOT_ORDINARY_STRUCTURAL_MEMBER,Rigid analytical offset from support/column core to the distinct beam-support face incidence; same physical support and level; never merge face incidences by support_id.
M0G-RL-M0G-F-G1-AN-098,G1,20,M0G-C-G1-20,M0G-F-G1-AN-098,B-052,SOURCE_CURRENT_PT,NORTH,0.0000,-0.2000,0.0000,0.2000,RIGID_JOINT_OFFSET,INF,INF,CURRENT_DERIVED_WITH_PROVENANCE_WATCH,ANALYTICAL_CONSTRAINT_NOT_ORDINARY_STRUCTURAL_MEMBER,Rigid analytical offset from support/column core to the distinct beam-support face incidence; same physical support and level; never merge face incidences by support_id.
M0G-RL-M0G-F-G1-AN-038,G1,21,M0G-C-G1-21,M0G-F-G1-AN-038,B-019,SOURCE_CURRENT_PT,WEST,-0.2000,0.0000,0.0000,0.2000,RIGID_JOINT_OFFSET,INF,INF,CURRENT_DERIVED_WITH_PROVENANCE_WATCH,ANALYTICAL_CONSTRAINT_NOT_ORDINARY_STRUCTURAL_MEMBER,Rigid analytical offset from support/column core to the distinct beam-support face incidence; same physical support and level; never merge face incidences by support_id.
M0G-RL-M0G-F-G1-AN-057,G1,21,M0G-C-G1-21,M0G-F-G1-AN-057,B-030,SOURCE_CURRENT_PT,SOUTH,0.0000,0.2500,0.0000,0.2500,RIGID_JOINT_OFFSET,INF,INF,CURRENT_DERIVED_WITH_PROVENANCE_WATCH,ANALYTICAL_CONSTRAINT_NOT_ORDINARY_STRUCTURAL_MEMBER,Rigid analytical offset from support/column core to the distinct beam-support face incidence; same physical support and level; never merge face incidences by support_id.
M0G-RL-M0G-F-G1-AN-096,G1,21,M0G-C-G1-21,M0G-F-G1-AN-096,B-051,SOURCE_CURRENT_PT,NORTH,0.0964,-0.2500,0.0000,0.2679,RIGID_JOINT_OFFSET,INF,INF,CURRENT_DERIVED_WITH_PROVENANCE_WATCH,ANALYTICAL_CONSTRAINT_NOT_ORDINARY_STRUCTURAL_MEMBER,Rigid analytical offset from support/column core to the distinct beam-support face incidence; same physical support and level; never merge face incidences by support_id.
M0G-RL-M0G-F-G1-AN-058,G1,22,M0G-C-G1-22,M0G-F-G1-AN-058,B-030,SOURCE_CURRENT_PT,NORTH,0.0000,-0.2000,0.0000,0.2000,RIGID_JOINT_OFFSET,INF,INF,CURRENT_DERIVED_WITH_PROVENANCE_WATCH,ANALYTICAL_CONSTRAINT_NOT_ORDINARY_STRUCTURAL_MEMBER,Rigid analytical offset from support/column core to the distinct beam-support face incidence; same physical support and level; never merge face incidences by support_id.
M0G-RL-M0G-F-G1-AN-087,G1,22,M0G-C-G1-22,M0G-F-G1-AN-087,B-047,SOURCE_CURRENT_PT,SOUTH,0.0000,0.2000,0.0000,0.2000,RIGID_JOINT_OFFSET,INF,INF,CURRENT_DERIVED_WITH_PROVENANCE_WATCH,ANALYTICAL_CONSTRAINT_NOT_ORDINARY_STRUCTURAL_MEMBER,Rigid analytical offset from support/column core to the distinct beam-support face incidence; same physical support and level; never merge face incidences by support_id.
M0G-RL-M0G-F-G1-AN-044,G1,22',M0G-C-G1-22PRIME,M0G-F-G1-AN-044,B-022,SOURCE_CURRENT_PT,WEST,-0.2500,0.0000,0.0000,0.2500,RIGID_JOINT_OFFSET,INF,INF,CURRENT_DERIVED_WITH_PROVENANCE_WATCH,ANALYTICAL_CONSTRAINT_NOT_ORDINARY_STRUCTURAL_MEMBER,Rigid analytical offset from support/column core to the distinct beam-support face incidence; same physical support and level; never merge face incidences by support_id.
M0G-RL-M0G-F-G1-AN-088,G1,22',M0G-C-G1-22PRIME,M0G-F-G1-AN-088,B-047,SOURCE_CURRENT_PT,NORTH,0.0000,-0.2000,0.0000,0.2000,RIGID_JOINT_OFFSET,INF,INF,CURRENT_DERIVED_WITH_PROVENANCE_WATCH,ANALYTICAL_CONSTRAINT_NOT_ORDINARY_STRUCTURAL_MEMBER,Rigid analytical offset from support/column core to the distinct beam-support face incidence; same physical support and level; never merge face incidences by support_id.
M0G-RL-M0G-F-G1-AN-102,G1,22',M0G-C-G1-22PRIME,M0G-F-G1-AN-102,B-054,SOURCE_CURRENT_PT,SOUTH,-0.0156,0.2000,0.0000,0.2006,RIGID_JOINT_OFFSET,INF,INF,CURRENT_DERIVED_WITH_PROVENANCE_WATCH,ANALYTICAL_CONSTRAINT_NOT_ORDINARY_STRUCTURAL_MEMBER,Rigid analytical offset from support/column core to the distinct beam-support face incidence; same physical support and level; never merge face incidences by support_id.
M0G-RL-M0G-F-G1-AN-059,G1,23,M0G-C-G1-23,M0G-F-G1-AN-059,B-031,SOURCE_CURRENT_PT,EAST,0.5500,0.0000,0.0000,0.5500,RIGID_JOINT_OFFSET,INF,INF,CURRENT_DERIVED_WITH_PROVENANCE_WATCH,ANALYTICAL_CONSTRAINT_NOT_ORDINARY_STRUCTURAL_MEMBER,Rigid analytical offset from support/column core to the distinct beam-support face incidence; same physical support and level; never merge face incidences by support_id.
M0G-RL-M0G-F-G1-AN-067,G1,23,M0G-C-G1-23,M0G-F-G1-AN-067,B-035,SOURCE_CURRENT_PT,SOUTH,-0.2289,0.1500,0.0000,0.2737,RIGID_JOINT_OFFSET,INF,INF,CURRENT_DERIVED_WITH_PROVENANCE_WATCH,ANALYTICAL_CONSTRAINT_NOT_ORDINARY_STRUCTURAL_MEMBER,Rigid analytical offset from support/column core to the distinct beam-support face incidence; same physical support and level; never merge face incidences by support_id.
M0G-RL-M0G-F-G1-AN-101,G1,23,M0G-C-G1-23,M0G-F-G1-AN-101,B-054,SOURCE_CURRENT_PT,NORTH,0.0117,-0.1500,0.0000,0.1505,RIGID_JOINT_OFFSET,INF,INF,CURRENT_DERIVED_WITH_PROVENANCE_WATCH,ANALYTICAL_CONSTRAINT_NOT_ORDINARY_STRUCTURAL_MEMBER,Rigid analytical offset from support/column core to the distinct beam-support face incidence; same physical support and level; never merge face incidences by support_id.
M0G-RL-M0G-F-G1-AN-063,G1,24,M0G-C-G1-24,M0G-F-G1-AN-063,B-033,SOURCE_CURRENT_PT,EAST,0.2000,0.0000,0.0000,0.2000,RIGID_JOINT_OFFSET,INF,INF,CURRENT_DERIVED_WITH_PROVENANCE_WATCH,ANALYTICAL_CONSTRAINT_NOT_ORDINARY_STRUCTURAL_MEMBER,Rigid analytical offset from support/column core to the distinct beam-support face incidence; same physical support and level; never merge face incidences by support_id.
M0G-RL-M0G-F-G1-AN-068,G1,24,M0G-C-G1-24,M0G-F-G1-AN-068,B-035,SOURCE_CURRENT_PT,NORTH,0.0000,-0.2500,0.0000,0.2500,RIGID_JOINT_OFFSET,INF,INF,CURRENT_DERIVED_WITH_PROVENANCE_WATCH,ANALYTICAL_CONSTRAINT_NOT_ORDINARY_STRUCTURAL_MEMBER,Rigid analytical offset from support/column core to the distinct beam-support face incidence; same physical support and level; never merge face incidences by support_id.
M0G-RL-M0G-F-G1-AN-030,G1,25,M0G-C-G1-25,M0G-F-G1-AN-030,B-015,SOURCE_CURRENT_PT,WEST,-0.2500,0.0000,0.0000,0.2500,RIGID_JOINT_OFFSET,INF,INF,CURRENT_DERIVED_WITH_PROVENANCE_WATCH,ANALYTICAL_CONSTRAINT_NOT_ORDINARY_STRUCTURAL_MEMBER,Rigid analytical offset from support/column core to the distinct beam-support face incidence; same physical support and level; never merge face incidences by support_id.
M0G-RL-M0G-F-G1-AN-031,G1,25,M0G-C-G1-25,M0G-F-G1-AN-031,B-016,SOURCE_CURRENT_PT,EAST,0.2500,0.0000,0.0000,0.2500,RIGID_JOINT_OFFSET,INF,INF,CURRENT_DERIVED_WITH_PROVENANCE_WATCH,ANALYTICAL_CONSTRAINT_NOT_ORDINARY_STRUCTURAL_MEMBER,Rigid analytical offset from support/column core to the distinct beam-support face incidence; same physical support and level; never merge face incidences by support_id.
M0G-RL-M0G-F-G1-AN-053,G1,25,M0G-C-G1-25,M0G-F-G1-AN-053,B-027,SOURCE_CURRENT_PT,SOUTH,0.0000,0.2000,0.0000,0.2000,RIGID_JOINT_OFFSET,INF,INF,CURRENT_DERIVED_WITH_PROVENANCE_WATCH,ANALYTICAL_CONSTRAINT_NOT_ORDINARY_STRUCTURAL_MEMBER,Rigid analytical offset from support/column core to the distinct beam-support face incidence; same physical support and level; never merge face incidences by support_id.
M0G-RL-M0G-F-G1-AN-036,G1,26,M0G-C-G1-26,M0G-F-G1-AN-036,B-018,SOURCE_CURRENT_PT,WEST,-0.2500,0.0000,0.0000,0.2500,RIGID_JOINT_OFFSET,INF,INF,CURRENT_DERIVED_WITH_PROVENANCE_WATCH,ANALYTICAL_CONSTRAINT_NOT_ORDINARY_STRUCTURAL_MEMBER,Rigid analytical offset from support/column core to the distinct beam-support face incidence; same physical support and level; never merge face incidences by support_id.
M0G-RL-M0G-F-G1-AN-037,G1,26,M0G-C-G1-26,M0G-F-G1-AN-037,B-019,SOURCE_CURRENT_PT,EAST,0.2500,0.0000,0.0000,0.2500,RIGID_JOINT_OFFSET,INF,INF,CURRENT_DERIVED_WITH_PROVENANCE_WATCH,ANALYTICAL_CONSTRAINT_NOT_ORDINARY_STRUCTURAL_MEMBER,Rigid analytical offset from support/column core to the distinct beam-support face incidence; same physical support and level; never merge face incidences by support_id.
M0G-RL-M0G-F-G1-AN-054,G1,26,M0G-C-G1-26,M0G-F-G1-AN-054,B-027,SOURCE_CURRENT_PT,NORTH,0.0000,-0.2000,0.0000,0.2000,RIGID_JOINT_OFFSET,INF,INF,CURRENT_DERIVED_WITH_PROVENANCE_WATCH,ANALYTICAL_CONSTRAINT_NOT_ORDINARY_STRUCTURAL_MEMBER,Rigid analytical offset from support/column core to the distinct beam-support face incidence; same physical support and level; never merge face incidences by support_id.
M0G-RL-M0G-F-G1-AN-055,G1,26,M0G-C-G1-26,M0G-F-G1-AN-055,B-028,SOURCE_CURRENT_PT,SOUTH,0.0000,0.2000,0.0000,0.2000,RIGID_JOINT_OFFSET,INF,INF,CURRENT_DERIVED_WITH_PROVENANCE_WATCH,ANALYTICAL_CONSTRAINT_NOT_ORDINARY_STRUCTURAL_MEMBER,Rigid analytical offset from support/column core to the distinct beam-support face incidence; same physical support and level; never merge face incidences by support_id.
M0G-RL-M0G-F-G1-AN-042,G1,27,M0G-C-G1-27,M0G-F-G1-AN-042,B-021,SOURCE_CURRENT_PT,WEST,-0.2500,0.0000,0.0000,0.2500,RIGID_JOINT_OFFSET,INF,INF,CURRENT_DERIVED_WITH_PROVENANCE_WATCH,ANALYTICAL_CONSTRAINT_NOT_ORDINARY_STRUCTURAL_MEMBER,Rigid analytical offset from support/column core to the distinct beam-support face incidence; same physical support and level; never merge face incidences by support_id.
M0G-RL-M0G-F-G1-AN-043,G1,27,M0G-C-G1-27,M0G-F-G1-AN-043,B-022,SOURCE_CURRENT_PT,EAST,0.2500,0.0000,0.0000,0.2500,RIGID_JOINT_OFFSET,INF,INF,CURRENT_DERIVED_WITH_PROVENANCE_WATCH,ANALYTICAL_CONSTRAINT_NOT_ORDINARY_STRUCTURAL_MEMBER,Rigid analytical offset from support/column core to the distinct beam-support face incidence; same physical support and level; never merge face incidences by support_id.
M0G-RL-M0G-F-G1-AN-056,G1,27,M0G-C-G1-27,M0G-F-G1-AN-056,B-028,SOURCE_CURRENT_PT,NORTH,0.0000,-0.2000,0.0000,0.2000,RIGID_JOINT_OFFSET,INF,INF,CURRENT_DERIVED_WITH_PROVENANCE_WATCH,ANALYTICAL_CONSTRAINT_NOT_ORDINARY_STRUCTURAL_MEMBER,Rigid analytical offset from support/column core to the distinct beam-support face incidence; same physical support and level; never merge face incidences by support_id.
M0G-RL-M0G-F-G1-AN-028,G1,28,M0G-C-G1-28,M0G-F-G1-AN-028,B-014,SOURCE_CURRENT_PT,WEST,-0.2500,0.0000,0.0000,0.2500,RIGID_JOINT_OFFSET,INF,INF,CURRENT_DERIVED_WITH_PROVENANCE_WATCH,ANALYTICAL_CONSTRAINT_NOT_ORDINARY_STRUCTURAL_MEMBER,Rigid analytical offset from support/column core to the distinct beam-support face incidence; same physical support and level; never merge face incidences by support_id.
M0G-RL-M0G-F-G1-AN-029,G1,28,M0G-C-G1-28,M0G-F-G1-AN-029,B-015,SOURCE_CURRENT_PT,EAST,0.2500,0.0000,0.0000,0.2500,RIGID_JOINT_OFFSET,INF,INF,CURRENT_DERIVED_WITH_PROVENANCE_WATCH,ANALYTICAL_CONSTRAINT_NOT_ORDINARY_STRUCTURAL_MEMBER,Rigid analytical offset from support/column core to the distinct beam-support face incidence; same physical support and level; never merge face incidences by support_id.
M0G-RL-M0G-F-G1-AN-049,G1,28,M0G-C-G1-28,M0G-F-G1-AN-049,B-025,SOURCE_CURRENT_PT,SOUTH,0.0000,0.2000,0.0000,0.2000,RIGID_JOINT_OFFSET,INF,INF,CURRENT_DERIVED_WITH_PROVENANCE_WATCH,ANALYTICAL_CONSTRAINT_NOT_ORDINARY_STRUCTURAL_MEMBER,Rigid analytical offset from support/column core to the distinct beam-support face incidence; same physical support and level; never merge face incidences by support_id.
M0G-RL-M0G-F-G1-AN-034,G1,29,M0G-C-G1-29,M0G-F-G1-AN-034,B-017,SOURCE_CURRENT_PT,WEST,-0.2500,0.0000,0.0000,0.2500,RIGID_JOINT_OFFSET,INF,INF,CURRENT_DERIVED_WITH_PROVENANCE_WATCH,ANALYTICAL_CONSTRAINT_NOT_ORDINARY_STRUCTURAL_MEMBER,Rigid analytical offset from support/column core to the distinct beam-support face incidence; same physical support and level; never merge face incidences by support_id.
M0G-RL-M0G-F-G1-AN-035,G1,29,M0G-C-G1-29,M0G-F-G1-AN-035,B-018,SOURCE_CURRENT_PT,EAST,0.2500,0.0000,0.0000,0.2500,RIGID_JOINT_OFFSET,INF,INF,CURRENT_DERIVED_WITH_PROVENANCE_WATCH,ANALYTICAL_CONSTRAINT_NOT_ORDINARY_STRUCTURAL_MEMBER,Rigid analytical offset from support/column core to the distinct beam-support face incidence; same physical support and level; never merge face incidences by support_id.
M0G-RL-M0G-F-G1-AN-050,G1,29,M0G-C-G1-29,M0G-F-G1-AN-050,B-025,SOURCE_CURRENT_PT,NORTH,0.0000,-0.2000,0.0000,0.2000,RIGID_JOINT_OFFSET,INF,INF,CURRENT_DERIVED_WITH_PROVENANCE_WATCH,ANALYTICAL_CONSTRAINT_NOT_ORDINARY_STRUCTURAL_MEMBER,Rigid analytical offset from support/column core to the distinct beam-support face incidence; same physical support and level; never merge face incidences by support_id.
M0G-RL-M0G-F-G1-AN-051,G1,29,M0G-C-G1-29,M0G-F-G1-AN-051,B-026,SOURCE_CURRENT_PT,SOUTH,0.0000,0.2000,0.0000,0.2000,RIGID_JOINT_OFFSET,INF,INF,CURRENT_DERIVED_WITH_PROVENANCE_WATCH,ANALYTICAL_CONSTRAINT_NOT_ORDINARY_STRUCTURAL_MEMBER,Rigid analytical offset from support/column core to the distinct beam-support face incidence; same physical support and level; never merge face incidences by support_id.
M0G-RL-M0G-F-G1-AN-016,G1,3,M0G-C-G1-3,M0G-F-G1-AN-016,B-008,SOURCE_CURRENT_PT,NORTH,0.0000,-0.2000,0.0000,0.2000,RIGID_JOINT_OFFSET,INF,INF,CURRENT_DERIVED_WITH_PROVENANCE_WATCH,ANALYTICAL_CONSTRAINT_NOT_ORDINARY_STRUCTURAL_MEMBER,Rigid analytical offset from support/column core to the distinct beam-support face incidence; same physical support and level; never merge face incidences by support_id.
M0G-RL-M0G-F-G1-AN-017,G1,3,M0G-C-G1-3,M0G-F-G1-AN-017,B-009,SOURCE_CURRENT_PT,SOUTH,0.0000,0.2000,0.0000,0.2000,RIGID_JOINT_OFFSET,INF,INF,CURRENT_DERIVED_WITH_PROVENANCE_WATCH,ANALYTICAL_CONSTRAINT_NOT_ORDINARY_STRUCTURAL_MEMBER,Rigid analytical offset from support/column core to the distinct beam-support face incidence; same physical support and level; never merge face incidences by support_id.
M0G-RL-M0G-F-G1-AN-078,G1,3,M0G-C-G1-3,M0G-F-G1-AN-078,B-041,SOURCE_CURRENT_PT,WEST,-0.3000,0.0000,0.0000,0.3000,RIGID_JOINT_OFFSET,INF,INF,CURRENT_DERIVED_WITH_PROVENANCE_WATCH,ANALYTICAL_CONSTRAINT_NOT_ORDINARY_STRUCTURAL_MEMBER,Rigid analytical offset from support/column core to the distinct beam-support face incidence; same physical support and level; never merge face incidences by support_id.
M0G-RL-M0G-F-G1-AN-040,G1,30,M0G-C-G1-30,M0G-F-G1-AN-040,B-020,SOURCE_CURRENT_PT,WEST,-0.1500,0.4166,0.0000,0.4428,RIGID_JOINT_OFFSET,INF,INF,CURRENT_DERIVED_WITH_PROVENANCE_WATCH,ANALYTICAL_CONSTRAINT_NOT_ORDINARY_STRUCTURAL_MEMBER,Rigid analytical offset from support/column core to the distinct beam-support face incidence; same physical support and level; never merge face incidences by support_id.
M0G-RL-M0G-F-G1-AN-041,G1,30,M0G-C-G1-30,M0G-F-G1-AN-041,B-021,SOURCE_CURRENT_PT,EAST,0.1500,-0.4534,0.0000,0.4776,RIGID_JOINT_OFFSET,INF,INF,CURRENT_DERIVED_WITH_PROVENANCE_WATCH,ANALYTICAL_CONSTRAINT_NOT_ORDINARY_STRUCTURAL_MEMBER,Rigid analytical offset from support/column core to the distinct beam-support face incidence; same physical support and level; never merge face incidences by support_id.
M0G-RL-M0G-F-G1-AN-052,G1,30,M0G-C-G1-30,M0G-F-G1-AN-052,B-026,SOURCE_CURRENT_PT,NORTH,0.0000,-0.5500,0.0000,0.5500,RIGID_JOINT_OFFSET,INF,INF,CURRENT_DERIVED_WITH_PROVENANCE_WATCH,ANALYTICAL_CONSTRAINT_NOT_ORDINARY_STRUCTURAL_MEMBER,Rigid analytical offset from support/column core to the distinct beam-support face incidence; same physical support and level; never merge face incidences by support_id.
M0G-RL-M0G-F-G1-AN-027,G1,31,M0G-C-G1-31,M0G-F-G1-AN-027,B-014,SOURCE_CURRENT_PT,EAST,0.2500,0.0000,0.0000,0.2500,RIGID_JOINT_OFFSET,INF,INF,CURRENT_DERIVED_WITH_PROVENANCE_WATCH,ANALYTICAL_CONSTRAINT_NOT_ORDINARY_STRUCTURAL_MEMBER,Rigid analytical offset from support/column core to the distinct beam-support face incidence; same physical support and level; never merge face incidences by support_id.
M0G-RL-M0G-F-G1-AN-045,G1,31,M0G-C-G1-31,M0G-F-G1-AN-045,B-023,SOURCE_CURRENT_PT,SOUTH,0.0000,0.2000,0.0000,0.2000,RIGID_JOINT_OFFSET,INF,INF,CURRENT_DERIVED_WITH_PROVENANCE_WATCH,ANALYTICAL_CONSTRAINT_NOT_ORDINARY_STRUCTURAL_MEMBER,Rigid analytical offset from support/column core to the distinct beam-support face incidence; same physical support and level; never merge face incidences by support_id.
M0G-RL-M0G-F-G1-AN-033,G1,32,M0G-C-G1-32,M0G-F-G1-AN-033,B-017,SOURCE_CURRENT_PT,EAST,0.2000,0.0000,0.0000,0.2000,RIGID_JOINT_OFFSET,INF,INF,CURRENT_DERIVED_WITH_PROVENANCE_WATCH,ANALYTICAL_CONSTRAINT_NOT_ORDINARY_STRUCTURAL_MEMBER,Rigid analytical offset from support/column core to the distinct beam-support face incidence; same physical support and level; never merge face incidences by support_id.
M0G-RL-M0G-F-G1-AN-046,G1,32,M0G-C-G1-32,M0G-F-G1-AN-046,B-023,SOURCE_CURRENT_PT,NORTH,0.0000,-0.2500,0.0000,0.2500,RIGID_JOINT_OFFSET,INF,INF,CURRENT_DERIVED_WITH_PROVENANCE_WATCH,ANALYTICAL_CONSTRAINT_NOT_ORDINARY_STRUCTURAL_MEMBER,Rigid analytical offset from support/column core to the distinct beam-support face incidence; same physical support and level; never merge face incidences by support_id.
M0G-RL-M0G-F-G1-AN-047,G1,32,M0G-C-G1-32,M0G-F-G1-AN-047,B-024,SOURCE_CURRENT_PT,SOUTH,0.0000,0.2500,0.0000,0.2500,RIGID_JOINT_OFFSET,INF,INF,CURRENT_DERIVED_WITH_PROVENANCE_WATCH,ANALYTICAL_CONSTRAINT_NOT_ORDINARY_STRUCTURAL_MEMBER,Rigid analytical offset from support/column core to the distinct beam-support face incidence; same physical support and level; never merge face incidences by support_id.
M0G-RL-M0G-F-G1-AN-039,G1,33,M0G-C-G1-33,M0G-F-G1-AN-039,B-020,SOURCE_CURRENT_PT,EAST,0.2000,0.0000,0.0000,0.2000,RIGID_JOINT_OFFSET,INF,INF,CURRENT_DERIVED_WITH_PROVENANCE_WATCH,ANALYTICAL_CONSTRAINT_NOT_ORDINARY_STRUCTURAL_MEMBER,Rigid analytical offset from support/column core to the distinct beam-support face incidence; same physical support and level; never merge face incidences by support_id.
M0G-RL-M0G-F-G1-AN-048,G1,33,M0G-C-G1-33,M0G-F-G1-AN-048,B-024,SOURCE_CURRENT_PT,NORTH,0.0000,-0.2500,0.0000,0.2500,RIGID_JOINT_OFFSET,INF,INF,CURRENT_DERIVED_WITH_PROVENANCE_WATCH,ANALYTICAL_CONSTRAINT_NOT_ORDINARY_STRUCTURAL_MEMBER,Rigid analytical offset from support/column core to the distinct beam-support face incidence; same physical support and level; never merge face incidences by support_id.
M0G-RL-M0G-F-G1-AN-018,G1,4,M0G-C-G1-4,M0G-F-G1-AN-018,B-009,SOURCE_CURRENT_PT,NORTH,0.0000,-0.2500,0.0000,0.2500,RIGID_JOINT_OFFSET,INF,INF,CURRENT_DERIVED_WITH_PROVENANCE_WATCH,ANALYTICAL_CONSTRAINT_NOT_ORDINARY_STRUCTURAL_MEMBER,Rigid analytical offset from support/column core to the distinct beam-support face incidence; same physical support and level; never merge face incidences by support_id.
M0G-RL-M0G-F-G1-AN-026,G1,4,M0G-C-G1-4,M0G-F-G1-AN-026,B-013,SOURCE_CURRENT_PT,WEST,-0.2000,0.0000,0.0000,0.2000,RIGID_JOINT_OFFSET,INF,INF,CURRENT_DERIVED_WITH_PROVENANCE_WATCH,ANALYTICAL_CONSTRAINT_NOT_ORDINARY_STRUCTURAL_MEMBER,Rigid analytical offset from support/column core to the distinct beam-support face incidence; same physical support and level; never merge face incidences by support_id.
M0G-RL-M0G-F-G1-AN-019,G1,5,M0G-C-G1-5,M0G-F-G1-AN-019,B-010,SOURCE_CURRENT_PT,SOUTH,0.0000,0.2500,0.0000,0.2500,RIGID_JOINT_OFFSET,INF,INF,CURRENT_DERIVED_WITH_PROVENANCE_WATCH,ANALYTICAL_CONSTRAINT_NOT_ORDINARY_STRUCTURAL_MEMBER,Rigid analytical offset from support/column core to the distinct beam-support face incidence; same physical support and level; never merge face incidences by support_id.
M0G-RL-M0G-F-G1-AN-025,G1,5,M0G-C-G1-5,M0G-F-G1-AN-025,B-013,SOURCE_CURRENT_PT,EAST,0.2000,0.0000,0.0000,0.2000,RIGID_JOINT_OFFSET,INF,INF,CURRENT_DERIVED_WITH_PROVENANCE_WATCH,ANALYTICAL_CONSTRAINT_NOT_ORDINARY_STRUCTURAL_MEMBER,Rigid analytical offset from support/column core to the distinct beam-support face incidence; same physical support and level; never merge face incidences by support_id.
M0G-RL-M0G-F-G1-AN-020,G1,6,M0G-C-G1-6,M0G-F-G1-AN-020,B-010,SOURCE_CURRENT_PT,NORTH,0.0000,-0.2000,0.0000,0.2000,RIGID_JOINT_OFFSET,INF,INF,CURRENT_DERIVED_WITH_PROVENANCE_WATCH,ANALYTICAL_CONSTRAINT_NOT_ORDINARY_STRUCTURAL_MEMBER,Rigid analytical offset from support/column core to the distinct beam-support face incidence; same physical support and level; never merge face incidences by support_id.
M0G-RL-M0G-F-G1-AN-021,G1,6,M0G-C-G1-6,M0G-F-G1-AN-021,B-011,SOURCE_CURRENT_PT,SOUTH,0.0000,0.2000,0.0000,0.2000,RIGID_JOINT_OFFSET,INF,INF,CURRENT_DERIVED_WITH_PROVENANCE_WATCH,ANALYTICAL_CONSTRAINT_NOT_ORDINARY_STRUCTURAL_MEMBER,Rigid analytical offset from support/column core to the distinct beam-support face incidence; same physical support and level; never merge face incidences by support_id.
M0G-RL-M0G-F-G1-AN-084,G1,6,M0G-C-G1-6,M0G-F-G1-AN-084,B-045,SOURCE_CURRENT_PT,WEST,-0.2500,0.0000,0.0000,0.2500,RIGID_JOINT_OFFSET,INF,INF,CURRENT_DERIVED_WITH_PROVENANCE_WATCH,ANALYTICAL_CONSTRAINT_NOT_ORDINARY_STRUCTURAL_MEMBER,Rigid analytical offset from support/column core to the distinct beam-support face incidence; same physical support and level; never merge face incidences by support_id.
M0G-RL-M0G-F-G1-AN-022,G1,7,M0G-C-G1-7,M0G-F-G1-AN-022,B-011,SOURCE_CURRENT_PT,NORTH,0.0000,-0.2000,0.0000,0.2000,RIGID_JOINT_OFFSET,INF,INF,CURRENT_DERIVED_WITH_PROVENANCE_WATCH,ANALYTICAL_CONSTRAINT_NOT_ORDINARY_STRUCTURAL_MEMBER,Rigid analytical offset from support/column core to the distinct beam-support face incidence; same physical support and level; never merge face incidences by support_id.
M0G-RL-M0G-F-G1-AN-023,G1,7,M0G-C-G1-7,M0G-F-G1-AN-023,B-012,SOURCE_CURRENT_PT,SOUTH,0.0000,0.2000,0.0000,0.2000,RIGID_JOINT_OFFSET,INF,INF,CURRENT_DERIVED_WITH_PROVENANCE_WATCH,ANALYTICAL_CONSTRAINT_NOT_ORDINARY_STRUCTURAL_MEMBER,Rigid analytical offset from support/column core to the distinct beam-support face incidence; same physical support and level; never merge face incidences by support_id.
M0G-RL-M0G-F-G1-AN-062,G1,7,M0G-C-G1-7,M0G-F-G1-AN-062,B-032,SOURCE_CURRENT_PT,WEST,-0.2500,0.0000,0.0000,0.2500,RIGID_JOINT_OFFSET,INF,INF,CURRENT_DERIVED_WITH_PROVENANCE_WATCH,ANALYTICAL_CONSTRAINT_NOT_ORDINARY_STRUCTURAL_MEMBER,Rigid analytical offset from support/column core to the distinct beam-support face incidence; same physical support and level; never merge face incidences by support_id.
M0G-RL-M0G-F-G1-AN-024,G1,8,M0G-C-G1-8,M0G-F-G1-AN-024,B-012,SOURCE_CURRENT_PT,NORTH,0.0000,-0.2500,0.0000,0.2500,RIGID_JOINT_OFFSET,INF,INF,CURRENT_DERIVED_WITH_PROVENANCE_WATCH,ANALYTICAL_CONSTRAINT_NOT_ORDINARY_STRUCTURAL_MEMBER,Rigid analytical offset from support/column core to the distinct beam-support face incidence; same physical support and level; never merge face incidences by support_id.
M0G-RL-M0G-F-G1-AN-066,G1,8,M0G-C-G1-8,M0G-F-G1-AN-066,B-034,SOURCE_CURRENT_PT,WEST,-0.2000,0.0000,0.0000,0.2000,RIGID_JOINT_OFFSET,INF,INF,CURRENT_DERIVED_WITH_PROVENANCE_WATCH,ANALYTICAL_CONSTRAINT_NOT_ORDINARY_STRUCTURAL_MEMBER,Rigid analytical offset from support/column core to the distinct beam-support face incidence; same physical support and level; never merge face incidences by support_id.
M0G-RL-M0G-F-G1-AN-006,G1,9,M0G-C-G1-9,M0G-F-G1-AN-006,B-003,SOURCE_CURRENT_PT,WEST,-0.2000,0.0000,0.0000,0.2000,RIGID_JOINT_OFFSET,INF,INF,CURRENT_DERIVED_WITH_PROVENANCE_WATCH,ANALYTICAL_CONSTRAINT_NOT_ORDINARY_STRUCTURAL_MEMBER,Rigid analytical offset from support/column core to the distinct beam-support face incidence; same physical support and level; never merge face incidences by support_id.
M0G-RL-M0G-F-G1-AN-007,G1,9,M0G-C-G1-9,M0G-F-G1-AN-007,B-004,SOURCE_CURRENT_PT,EAST,0.2000,0.0000,0.0000,0.2000,RIGID_JOINT_OFFSET,INF,INF,CURRENT_DERIVED_WITH_PROVENANCE_WATCH,ANALYTICAL_CONSTRAINT_NOT_ORDINARY_STRUCTURAL_MEMBER,Rigid analytical offset from support/column core to the distinct beam-support face incidence; same physical support and level; never merge face incidences by support_id.
M0G-RL-M0G-F-G1-AN-079,G1,9,M0G-C-G1-9,M0G-F-G1-AN-079,B-042,SOURCE_CURRENT_PT,SOUTH,0.0000,0.2500,0.0000,0.2500,RIGID_JOINT_OFFSET,INF,INF,CURRENT_DERIVED_WITH_PROVENANCE_WATCH,ANALYTICAL_CONSTRAINT_NOT_ORDINARY_STRUCTURAL_MEMBER,Rigid analytical offset from support/column core to the distinct beam-support face incidence; same physical support and level; never merge face incidences by support_id.
M0G-RL-M0G-F-G1-AN-002,G1,a,M0G-C-G1-a,M0G-F-G1-AN-002,B-001,SOURCE_CURRENT_PT,WEST,-0.1500,0.0000,0.0000,0.1500,RIGID_JOINT_OFFSET,INF,INF,CURRENT_DERIVED_WITH_PROVENANCE_WATCH,ANALYTICAL_CONSTRAINT_NOT_ORDINARY_STRUCTURAL_MEMBER,Rigid analytical offset from support/column core to the distinct beam-support face incidence; same physical support and level; never merge face incidences by support_id.
M0G-RL-M0G-F-G1-AN-003,G1,a,M0G-C-G1-a,M0G-F-G1-AN-003,B-002,SOURCE_CURRENT_PT,EAST,0.1500,0.0000,0.0000,0.1500,RIGID_JOINT_OFFSET,INF,INF,CURRENT_DERIVED_WITH_PROVENANCE_WATCH,ANALYTICAL_CONSTRAINT_NOT_ORDINARY_STRUCTURAL_MEMBER,Rigid analytical offset from support/column core to the distinct beam-support face incidence; same physical support and level; never merge face incidences by support_id.
M0G-RL-M0G-F-G1-AN-010,G1,b,M0G-C-G1-b,M0G-F-G1-AN-010,B-005,SOURCE_CURRENT_PT,WEST,-0.1500,0.0000,0.0000,0.1500,RIGID_JOINT_OFFSET,INF,INF,CURRENT_DERIVED_WITH_PROVENANCE_WATCH,ANALYTICAL_CONSTRAINT_NOT_ORDINARY_STRUCTURAL_MEMBER,Rigid analytical offset from support/column core to the distinct beam-support face incidence; same physical support and level; never merge face incidences by support_id.
M0G-RL-M0G-F-G1-AN-011,G1,b,M0G-C-G1-b,M0G-F-G1-AN-011,B-006,SOURCE_CURRENT_PT,EAST,0.1500,0.0000,0.0000,0.1500,RIGID_JOINT_OFFSET,INF,INF,CURRENT_DERIVED_WITH_PROVENANCE_WATCH,ANALYTICAL_CONSTRAINT_NOT_ORDINARY_STRUCTURAL_MEMBER,Rigid analytical offset from support/column core to the distinct beam-support face incidence; same physical support and level; never merge face incidences by support_id.
M0G-RL-M0G-F-G1-AN-001,G1,c,M0G-C-G1-c,M0G-F-G1-AN-001,B-001,SOURCE_CURRENT_PT,EAST,0.1500,0.0000,0.0000,0.1500,RIGID_JOINT_OFFSET,INF,INF,CURRENT_DERIVED_WITH_PROVENANCE_WATCH,ANALYTICAL_CONSTRAINT_NOT_ORDINARY_STRUCTURAL_MEMBER,Rigid analytical offset from support/column core to the distinct beam-support face incidence; same physical support and level; never merge face incidences by support_id.
M0G-RL-M0G-F-G1-AN-009,G1,d,M0G-C-G1-d,M0G-F-G1-AN-009,B-005,SOURCE_CURRENT_PT,EAST,0.1500,0.0000,0.0000,0.1500,RIGID_JOINT_OFFSET,INF,INF,CURRENT_DERIVED_WITH_PROVENANCE_WATCH,ANALYTICAL_CONSTRAINT_NOT_ORDINARY_STRUCTURAL_MEMBER,Rigid analytical offset from support/column core to the distinct beam-support face incidence; same physical support and level; never merge face incidences by support_id.
M0G-RL-M0G-F-G2-B001-FROM,G2,1,M0G-C-G2-1,M0G-F-G2-B001-FROM,G2-B001,FROM,Y_POS,0.0000,0.2250,0.0000,0.2250,RIGID_JOINT_OFFSET,INF,INF,CURRENT_DERIVED_WITH_PROVENANCE_WATCH,ANALYTICAL_CONSTRAINT_NOT_ORDINARY_STRUCTURAL_MEMBER,Rigid analytical offset from support/column core to the distinct beam-support face incidence; same physical support and level; never merge face incidences by support_id.
M0G-RL-M0G-F-G2-B008-FROM,G2,1,M0G-C-G2-1,M0G-F-G2-B008-FROM,G2-B008,FROM,X_NEG,-0.2000,0.0000,0.0000,0.2000,RIGID_JOINT_OFFSET,INF,INF,CURRENT_DERIVED_WITH_PROVENANCE_WATCH,ANALYTICAL_CONSTRAINT_NOT_ORDINARY_STRUCTURAL_MEMBER,Rigid analytical offset from support/column core to the distinct beam-support face incidence; same physical support and level; never merge face incidences by support_id.
M0G-RL-M0G-F-G2-B009-TO,G2,10,M0G-C-G2-10,M0G-F-G2-B009-TO,G2-B009,TO,X_POS,0.2500,0.0000,0.0000,0.2500,RIGID_JOINT_OFFSET,INF,INF,CURRENT_DERIVED_WITH_PROVENANCE_WATCH,ANALYTICAL_CONSTRAINT_NOT_ORDINARY_STRUCTURAL_MEMBER,Rigid analytical offset from support/column core to the distinct beam-support face incidence; same physical support and level; never merge face incidences by support_id.
M0G-RL-M0G-F-G2-B014-TO,G2,10,M0G-C-G2-10,M0G-F-G2-B014-TO,G2-B014,TO,Y_NEG,0.0000,-0.1750,0.0000,0.1750,RIGID_JOINT_OFFSET,INF,INF,CURRENT_DERIVED_WITH_PROVENANCE_WATCH,ANALYTICAL_CONSTRAINT_NOT_ORDINARY_STRUCTURAL_MEMBER,Rigid analytical offset from support/column core to the distinct beam-support face incidence; same physical support and level; never merge face incidences by support_id.
M0G-RL-M0G-F-G2-B015-FROM,G2,10,M0G-C-G2-10,M0G-F-G2-B015-FROM,G2-B015,FROM,Y_POS,0.0000,0.1750,0.0000,0.1750,RIGID_JOINT_OFFSET,INF,INF,CURRENT_DERIVED_WITH_PROVENANCE_WATCH,ANALYTICAL_CONSTRAINT_NOT_ORDINARY_STRUCTURAL_MEMBER,Rigid analytical offset from support/column core to the distinct beam-support face incidence; same physical support and level; never merge face incidences by support_id.
M0G-RL-M0G-F-G2-B021-FROM,G2,10,M0G-C-G2-10,M0G-F-G2-B021-FROM,G2-B021,FROM,X_NEG,-0.2500,0.0000,0.0000,0.2500,RIGID_JOINT_OFFSET,INF,INF,CURRENT_DERIVED_WITH_PROVENANCE_WATCH,ANALYTICAL_CONSTRAINT_NOT_ORDINARY_STRUCTURAL_MEMBER,Rigid analytical offset from support/column core to the distinct beam-support face incidence; same physical support and level; never merge face incidences by support_id.
M0G-RL-M0G-F-G2-B010-TO,G2,11,M0G-C-G2-11,M0G-F-G2-B010-TO,G2-B010,TO,X_POS,0.2500,0.0000,0.0000,0.2500,RIGID_JOINT_OFFSET,INF,INF,CURRENT_DERIVED_WITH_PROVENANCE_WATCH,ANALYTICAL_CONSTRAINT_NOT_ORDINARY_STRUCTURAL_MEMBER,Rigid analytical offset from support/column core to the distinct beam-support face incidence; same physical support and level; never merge face incidences by support_id.
M0G-RL-M0G-F-G2-B015-TO,G2,11,M0G-C-G2-11,M0G-F-G2-B015-TO,G2-B015,TO,Y_NEG,0.0000,-0.1750,0.0000,0.1750,RIGID_JOINT_OFFSET,INF,INF,CURRENT_DERIVED_WITH_PROVENANCE_WATCH,ANALYTICAL_CONSTRAINT_NOT_ORDINARY_STRUCTURAL_MEMBER,Rigid analytical offset from support/column core to the distinct beam-support face incidence; same physical support and level; never merge face incidences by support_id.
M0G-RL-M0G-F-G2-B016-FROM,G2,11,M0G-C-G2-11,M0G-F-G2-B016-FROM,G2-B016,FROM,Y_POS,0.0000,0.1750,0.0000,0.1750,RIGID_JOINT_OFFSET,INF,INF,CURRENT_DERIVED_WITH_PROVENANCE_WATCH,ANALYTICAL_CONSTRAINT_NOT_ORDINARY_STRUCTURAL_MEMBER,Rigid analytical offset from support/column core to the distinct beam-support face incidence; same physical support and level; never merge face incidences by support_id.
M0G-RL-M0G-F-G2-B020-FROM,G2,11,M0G-C-G2-11,M0G-F-G2-B020-FROM,G2-B020,FROM,X_NEG,-0.2500,0.0000,0.0000,0.2500,RIGID_JOINT_OFFSET,INF,INF,CURRENT_DERIVED_WITH_PROVENANCE_WATCH,ANALYTICAL_CONSTRAINT_NOT_ORDINARY_STRUCTURAL_MEMBER,Rigid analytical offset from support/column core to the distinct beam-support face incidence; same physical support and level; never merge face incidences by support_id.
M0G-RL-M0G-F-G2-B016-TO,G2,12,M0G-C-G2-12,M0G-F-G2-B016-TO,G2-B016,TO,Y_NEG,0.0000,-0.2500,0.0000,0.2500,RIGID_JOINT_OFFSET,INF,INF,CURRENT_DERIVED_WITH_PROVENANCE_WATCH,ANALYTICAL_CONSTRAINT_NOT_ORDINARY_STRUCTURAL_MEMBER,Rigid analytical offset from support/column core to the distinct beam-support face incidence; same physical support and level; never merge face incidences by support_id.
M0G-RL-M0G-F-G2-B017-FROM,G2,13,M0G-C-G2-13,M0G-F-G2-B017-FROM,G2-B017,FROM,Y_POS,0.0000,0.1750,0.0000,0.1750,RIGID_JOINT_OFFSET,INF,INF,CURRENT_DERIVED_WITH_PROVENANCE_WATCH,ANALYTICAL_CONSTRAINT_NOT_ORDINARY_STRUCTURAL_MEMBER,Rigid analytical offset from support/column core to the distinct beam-support face incidence; same physical support and level; never merge face incidences by support_id.
M0G-RL-M0G-F-G2-B023-FROM,G2,13,M0G-C-G2-13,M0G-F-G2-B023-FROM,G2-B023,FROM,X_NEG,-0.2500,0.0000,0.0000,0.2500,RIGID_JOINT_OFFSET,INF,INF,CURRENT_DERIVED_WITH_PROVENANCE_WATCH,ANALYTICAL_CONSTRAINT_NOT_ORDINARY_STRUCTURAL_MEMBER,Rigid analytical offset from support/column core to the distinct beam-support face incidence; same physical support and level; never merge face incidences by support_id.
M0G-RL-M0G-F-G2-B011-TO,G2,14,M0G-C-G2-14,M0G-F-G2-B011-TO,G2-B011,TO,X_POS,0.2500,0.0000,0.0000,0.2500,RIGID_JOINT_OFFSET,INF,INF,CURRENT_DERIVED_WITH_PROVENANCE_WATCH,ANALYTICAL_CONSTRAINT_NOT_ORDINARY_STRUCTURAL_MEMBER,Rigid analytical offset from support/column core to the distinct beam-support face incidence; same physical support and level; never merge face incidences by support_id.
M0G-RL-M0G-F-G2-B017-TO,G2,14,M0G-C-G2-14,M0G-F-G2-B017-TO,G2-B017,TO,Y_NEG,0.0000,-0.1750,0.0000,0.1750,RIGID_JOINT_OFFSET,INF,INF,CURRENT_DERIVED_WITH_PROVENANCE_WATCH,ANALYTICAL_CONSTRAINT_NOT_ORDINARY_STRUCTURAL_MEMBER,Rigid analytical offset from support/column core to the distinct beam-support face incidence; same physical support and level; never merge face incidences by support_id.
M0G-RL-M0G-F-G2-B018-FROM,G2,14,M0G-C-G2-14,M0G-F-G2-B018-FROM,G2-B018,FROM,Y_POS,0.0000,0.1750,0.0000,0.1750,RIGID_JOINT_OFFSET,INF,INF,CURRENT_DERIVED_WITH_PROVENANCE_WATCH,ANALYTICAL_CONSTRAINT_NOT_ORDINARY_STRUCTURAL_MEMBER,Rigid analytical offset from support/column core to the distinct beam-support face incidence; same physical support and level; never merge face incidences by support_id.
M0G-RL-M0G-F-G2-B024-FROM,G2,14,M0G-C-G2-14,M0G-F-G2-B024-FROM,G2-B024,FROM,X_NEG,-0.2500,0.0000,0.0000,0.2500,RIGID_JOINT_OFFSET,INF,INF,CURRENT_DERIVED_WITH_PROVENANCE_WATCH,ANALYTICAL_CONSTRAINT_NOT_ORDINARY_STRUCTURAL_MEMBER,Rigid analytical offset from support/column core to the distinct beam-support face incidence; same physical support and level; never merge face incidences by support_id.
M0G-RL-M0G-F-G2-B012-TO,G2,15,M0G-C-G2-15,M0G-F-G2-B012-TO,G2-B012,TO,X_POS,0.2500,0.0000,0.0000,0.2500,RIGID_JOINT_OFFSET,INF,INF,CURRENT_DERIVED_WITH_PROVENANCE_WATCH,ANALYTICAL_CONSTRAINT_NOT_ORDINARY_STRUCTURAL_MEMBER,Rigid analytical offset from support/column core to the distinct beam-support face incidence; same physical support and level; never merge face incidences by support_id.
M0G-RL-M0G-F-G2-B018-TO,G2,15,M0G-C-G2-15,M0G-F-G2-B018-TO,G2-B018,TO,Y_NEG,0.0000,-0.1750,0.0000,0.1750,RIGID_JOINT_OFFSET,INF,INF,CURRENT_DERIVED_WITH_PROVENANCE_WATCH,ANALYTICAL_CONSTRAINT_NOT_ORDINARY_STRUCTURAL_MEMBER,Rigid analytical offset from support/column core to the distinct beam-support face incidence; same physical support and level; never merge face incidences by support_id.
M0G-RL-M0G-F-G2-B019-FROM,G2,15,M0G-C-G2-15,M0G-F-G2-B019-FROM,G2-B019,FROM,Y_POS,0.0000,0.1750,0.0000,0.1750,RIGID_JOINT_OFFSET,INF,INF,CURRENT_DERIVED_WITH_PROVENANCE_WATCH,ANALYTICAL_CONSTRAINT_NOT_ORDINARY_STRUCTURAL_MEMBER,Rigid analytical offset from support/column core to the distinct beam-support face incidence; same physical support and level; never merge face incidences by support_id.
M0G-RL-M0G-F-G2-B025-FROM,G2,15,M0G-C-G2-15,M0G-F-G2-B025-FROM,G2-B025,FROM,X_NEG,-0.2500,0.0000,0.0000,0.2500,RIGID_JOINT_OFFSET,INF,INF,CURRENT_DERIVED_WITH_PROVENANCE_WATCH,ANALYTICAL_CONSTRAINT_NOT_ORDINARY_STRUCTURAL_MEMBER,Rigid analytical offset from support/column core to the distinct beam-support face incidence; same physical support and level; never merge face incidences by support_id.
M0G-RL-M0G-F-G2-B013-TO,G2,16,M0G-C-G2-16,M0G-F-G2-B013-TO,G2-B013,TO,X_POS,0.2000,0.0000,0.0000,0.2000,RIGID_JOINT_OFFSET,INF,INF,CURRENT_DERIVED_WITH_PROVENANCE_WATCH,ANALYTICAL_CONSTRAINT_NOT_ORDINARY_STRUCTURAL_MEMBER,Rigid analytical offset from support/column core to the distinct beam-support face incidence; same physical support and level; never merge face incidences by support_id.
M0G-RL-M0G-F-G2-B019-TO,G2,16,M0G-C-G2-16,M0G-F-G2-B019-TO,G2-B019,TO,Y_NEG,0.0000,-0.2250,0.0000,0.2250,RIGID_JOINT_OFFSET,INF,INF,CURRENT_DERIVED_WITH_PROVENANCE_WATCH,ANALYTICAL_CONSTRAINT_NOT_ORDINARY_STRUCTURAL_MEMBER,Rigid analytical offset from support/column core to the distinct beam-support face incidence; same physical support and level; never merge face incidences by support_id.
M0G-RL-M0G-F-G2-B026-FROM,G2,16,M0G-C-G2-16,M0G-F-G2-B026-FROM,G2-B026,FROM,X_NEG,-0.2000,0.0000,0.0000,0.2000,RIGID_JOINT_OFFSET,INF,INF,CURRENT_DERIVED_WITH_PROVENANCE_WATCH,ANALYTICAL_CONSTRAINT_NOT_ORDINARY_STRUCTURAL_MEMBER,Rigid analytical offset from support/column core to the distinct beam-support face incidence; same physical support and level; never merge face incidences by support_id.
M0G-RL-M0G-F-G2-B022-TO,G2,17,M0G-C-G2-17,M0G-F-G2-B022-TO,G2-B022,TO,X_POS,0.2000,0.0000,0.0000,0.2000,RIGID_JOINT_OFFSET,INF,INF,CURRENT_DERIVED_WITH_PROVENANCE_WATCH,ANALYTICAL_CONSTRAINT_NOT_ORDINARY_STRUCTURAL_MEMBER,Rigid analytical offset from support/column core to the distinct beam-support face incidence; same physical support and level; never merge face incidences by support_id.
M0G-RL-M0G-F-G2-B029-FROM,G2,17,M0G-C-G2-17,M0G-F-G2-B029-FROM,G2-B029,FROM,Y_POS,0.0155,0.2250,0.0000,0.2255,RIGID_JOINT_OFFSET,INF,INF,CURRENT_DERIVED_WITH_PROVENANCE_WATCH,ANALYTICAL_CONSTRAINT_NOT_ORDINARY_STRUCTURAL_MEMBER,Rigid analytical offset from support/column core to the distinct beam-support face incidence; same physical support and level; never merge face incidences by support_id.
M0G-RL-M0G-F-G2-B021-TO,G2,18,M0G-C-G2-18,M0G-F-G2-B021-TO,G2-B021,TO,X_POS,0.1500,0.0000,0.0000,0.1500,RIGID_JOINT_OFFSET,INF,INF,CURRENT_DERIVED_WITH_PROVENANCE_WATCH,ANALYTICAL_CONSTRAINT_NOT_ORDINARY_STRUCTURAL_MEMBER,Rigid analytical offset from support/column core to the distinct beam-support face incidence; same physical support and level; never merge face incidences by support_id.
M0G-RL-M0G-F-G2-B028-FROM,G2,18,M0G-C-G2-18,M0G-F-G2-B028-FROM,G2-B028,FROM,Y_POS,0.0528,0.5500,0.0000,0.5525,RIGID_JOINT_OFFSET,INF,INF,CURRENT_DERIVED_WITH_PROVENANCE_WATCH,ANALYTICAL_CONSTRAINT_NOT_ORDINARY_STRUCTURAL_MEMBER,Rigid analytical offset from support/column core to the distinct beam-support face incidence; same physical support and level; never merge face incidences by support_id.
M0G-RL-M0G-F-G2-B029-TO,G2,18,M0G-C-G2-18,M0G-F-G2-B029-TO,G2-B029,TO,Y_NEG,-0.0379,-0.5500,0.0000,0.5513,RIGID_JOINT_OFFSET,INF,INF,CURRENT_DERIVED_WITH_PROVENANCE_WATCH,ANALYTICAL_CONSTRAINT_NOT_ORDINARY_STRUCTURAL_MEMBER,Rigid analytical offset from support/column core to the distinct beam-support face incidence; same physical support and level; never merge face incidences by support_id.
M0G-RL-M0G-F-G2-B027-FROM,G2,19,M0G-C-G2-19,M0G-F-G2-B027-FROM,G2-B027,FROM,Y_POS,0.0000,0.2250,0.0000,0.2250,RIGID_JOINT_OFFSET,INF,INF,CURRENT_DERIVED_WITH_PROVENANCE_WATCH,ANALYTICAL_CONSTRAINT_NOT_ORDINARY_STRUCTURAL_MEMBER,Rigid analytical offset from support/column core to the distinct beam-support face incidence; same physical support and level; never merge face incidences by support_id.
M0G-RL-M0G-F-G2-B028-TO,G2,19,M0G-C-G2-19,M0G-F-G2-B028-TO,G2-B028,TO,Y_NEG,-0.0216,-0.2250,0.0000,0.2260,RIGID_JOINT_OFFSET,INF,INF,CURRENT_DERIVED_WITH_PROVENANCE_WATCH,ANALYTICAL_CONSTRAINT_NOT_ORDINARY_STRUCTURAL_MEMBER,Rigid analytical offset from support/column core to the distinct beam-support face incidence; same physical support and level; never merge face incidences by support_id.
M0G-RL-M0G-F-G2-B030-FROM,G2,19,M0G-C-G2-19,M0G-F-G2-B030-FROM,G2-B030,FROM,X_NEG,-0.2000,0.0000,0.0000,0.2000,RIGID_JOINT_OFFSET,INF,INF,CURRENT_DERIVED_WITH_PROVENANCE_WATCH,ANALYTICAL_CONSTRAINT_NOT_ORDINARY_STRUCTURAL_MEMBER,Rigid analytical offset from support/column core to the distinct beam-support face incidence; same physical support and level; never merge face incidences by support_id.
M0G-RL-M0G-F-G2-B001-TO,G2,2,M0G-C-G2-2,M0G-F-G2-B001-TO,G2-B001,TO,Y_NEG,0.0000,-0.2000,0.0000,0.2000,RIGID_JOINT_OFFSET,INF,INF,CURRENT_DERIVED_WITH_PROVENANCE_WATCH,ANALYTICAL_CONSTRAINT_NOT_ORDINARY_STRUCTURAL_MEMBER,Rigid analytical offset from support/column core to the distinct beam-support face incidence; same physical support and level; never merge face incidences by support_id.
M0G-RL-M0G-F-G2-B002-FROM,G2,2,M0G-C-G2-2,M0G-F-G2-B002-FROM,G2-B002,FROM,Y_POS,0.0000,0.2000,0.0000,0.2000,RIGID_JOINT_OFFSET,INF,INF,CURRENT_DERIVED_WITH_PROVENANCE_WATCH,ANALYTICAL_CONSTRAINT_NOT_ORDINARY_STRUCTURAL_MEMBER,Rigid analytical offset from support/column core to the distinct beam-support face incidence; same physical support and level; never merge face incidences by support_id.
M0G-RL-M0G-F-G2-B009-FROM,G2,2,M0G-C-G2-2,M0G-F-G2-B009-FROM,G2-B009,FROM,X_NEG,-0.2250,0.0000,0.0000,0.2250,RIGID_JOINT_OFFSET,INF,INF,CURRENT_DERIVED_WITH_PROVENANCE_WATCH,ANALYTICAL_CONSTRAINT_NOT_ORDINARY_STRUCTURAL_MEMBER,Rigid analytical offset from support/column core to the distinct beam-support face incidence; same physical support and level; never merge face incidences by support_id.
M0G-RL-M0G-F-G2-B020-TO,G2,20,M0G-C-G2-20,M0G-F-G2-B020-TO,G2-B020,TO,X_POS,0.2250,0.0000,0.0000,0.2250,RIGID_JOINT_OFFSET,INF,INF,CURRENT_DERIVED_WITH_PROVENANCE_WATCH,ANALYTICAL_CONSTRAINT_NOT_ORDINARY_STRUCTURAL_MEMBER,Rigid analytical offset from support/column core to the distinct beam-support face incidence; same physical support and level; never merge face incidences by support_id.
M0G-RL-M0G-F-G2-B027-TO,G2,20,M0G-C-G2-20,M0G-F-G2-B027-TO,G2-B027,TO,Y_NEG,0.0000,-0.2000,0.0000,0.2000,RIGID_JOINT_OFFSET,INF,INF,CURRENT_DERIVED_WITH_PROVENANCE_WATCH,ANALYTICAL_CONSTRAINT_NOT_ORDINARY_STRUCTURAL_MEMBER,Rigid analytical offset from support/column core to the distinct beam-support face incidence; same physical support and level; never merge face incidences by support_id.
M0G-RL-M0G-F-G2-B023-TO,G2,21,M0G-C-G2-21,M0G-F-G2-B023-TO,G2-B023,TO,X_POS,0.1750,0.0000,0.0000,0.1750,RIGID_JOINT_OFFSET,INF,INF,CURRENT_DERIVED_WITH_PROVENANCE_WATCH,ANALYTICAL_CONSTRAINT_NOT_ORDINARY_STRUCTURAL_MEMBER,Rigid analytical offset from support/column core to the distinct beam-support face incidence; same physical support and level; never merge face incidences by support_id.
M0G-RL-M0G-F-G2-B031-FROM,G2,21,M0G-C-G2-21,M0G-F-G2-B031-FROM,G2-B031,FROM,Y_POS,0.0000,0.2500,0.0000,0.2500,RIGID_JOINT_OFFSET,INF,INF,CURRENT_DERIVED_WITH_PROVENANCE_WATCH,ANALYTICAL_CONSTRAINT_NOT_ORDINARY_STRUCTURAL_MEMBER,Rigid analytical offset from support/column core to the distinct beam-support face incidence; same physical support and level; never merge face incidences by support_id.
M0G-RL-M0G-F-G2-B035-FROM,G2,21,M0G-C-G2-21,M0G-F-G2-B035-FROM,G2-B035,FROM,X_NEG,-0.1750,0.0000,0.0000,0.1750,RIGID_JOINT_OFFSET,INF,INF,CURRENT_DERIVED_WITH_PROVENANCE_WATCH,ANALYTICAL_CONSTRAINT_NOT_ORDINARY_STRUCTURAL_MEMBER,Rigid analytical offset from support/column core to the distinct beam-support face incidence; same physical support and level; never merge face incidences by support_id.
M0G-RL-M0G-F-G2-B024-TO,G2,22,M0G-C-G2-22,M0G-F-G2-B024-TO,G2-B024,TO,X_POS,0.1750,0.0000,0.0000,0.1750,RIGID_JOINT_OFFSET,INF,INF,CURRENT_DERIVED_WITH_PROVENANCE_WATCH,ANALYTICAL_CONSTRAINT_NOT_ORDINARY_STRUCTURAL_MEMBER,Rigid analytical offset from support/column core to the distinct beam-support face incidence; same physical support and level; never merge face incidences by support_id.
M0G-RL-M0G-F-G2-B031-TO,G2,22,M0G-C-G2-22,M0G-F-G2-B031-TO,G2-B031,TO,Y_NEG,0.0000,-0.2500,0.0000,0.2500,RIGID_JOINT_OFFSET,INF,INF,CURRENT_DERIVED_WITH_PROVENANCE_WATCH,ANALYTICAL_CONSTRAINT_NOT_ORDINARY_STRUCTURAL_MEMBER,Rigid analytical offset from support/column core to the distinct beam-support face incidence; same physical support and level; never merge face incidences by support_id.
M0G-RL-M0G-F-G2-B032-FROM,G2,22,M0G-C-G2-22,M0G-F-G2-B032-FROM,G2-B032,FROM,Y_POS,0.0000,0.2500,0.0000,0.2500,RIGID_JOINT_OFFSET,INF,INF,CURRENT_DERIVED_WITH_PROVENANCE_WATCH,ANALYTICAL_CONSTRAINT_NOT_ORDINARY_STRUCTURAL_MEMBER,Rigid analytical offset from support/column core to the distinct beam-support face incidence; same physical support and level; never merge face incidences by support_id.
M0G-RL-M0G-F-G2-B032-TO,G2,22',M0G-C-G2-22PRIME,M0G-F-G2-B032-TO,G2-B032,TO,Y_NEG,0.0000,-0.2000,0.0000,0.2000,RIGID_JOINT_OFFSET,INF,INF,CURRENT_DERIVED_WITH_PROVENANCE_WATCH,ANALYTICAL_CONSTRAINT_NOT_ORDINARY_STRUCTURAL_MEMBER,Rigid analytical offset from support/column core to the distinct beam-support face incidence; same physical support and level; never merge face incidences by support_id.
M0G-RL-M0G-F-G2-B033-FROM,G2,22',M0G-C-G2-22PRIME,M0G-F-G2-B033-FROM,G2-B033,FROM,Y_POS,-0.0156,0.2000,0.0000,0.2006,RIGID_JOINT_OFFSET,INF,INF,CURRENT_DERIVED_WITH_PROVENANCE_WATCH,ANALYTICAL_CONSTRAINT_NOT_ORDINARY_STRUCTURAL_MEMBER,Rigid analytical offset from support/column core to the distinct beam-support face incidence; same physical support and level; never merge face incidences by support_id.
M0G-RL-M0G-F-G2-B036-FROM,G2,22',M0G-C-G2-22PRIME,M0G-F-G2-B036-FROM,G2-B036,FROM,X_NEG,-0.2250,0.0000,0.0000,0.2250,RIGID_JOINT_OFFSET,INF,INF,CURRENT_DERIVED_WITH_PROVENANCE_WATCH,ANALYTICAL_CONSTRAINT_NOT_ORDINARY_STRUCTURAL_MEMBER,Rigid analytical offset from support/column core to the distinct beam-support face incidence; same physical support and level; never merge face incidences by support_id.
M0G-RL-M0G-F-G2-B025-TO,G2,23,M0G-C-G2-23,M0G-F-G2-B025-TO,G2-B025,TO,X_POS,0.1500,0.0000,0.0000,0.1500,RIGID_JOINT_OFFSET,INF,INF,CURRENT_DERIVED_WITH_PROVENANCE_WATCH,ANALYTICAL_CONSTRAINT_NOT_ORDINARY_STRUCTURAL_MEMBER,Rigid analytical offset from support/column core to the distinct beam-support face incidence; same physical support and level; never merge face incidences by support_id.
M0G-RL-M0G-F-G2-B033-TO,G2,23,M0G-C-G2-23,M0G-F-G2-B033-TO,G2-B033,TO,Y_NEG,0.0429,-0.5500,0.0000,0.5517,RIGID_JOINT_OFFSET,INF,INF,CURRENT_DERIVED_WITH_PROVENANCE_WATCH,ANALYTICAL_CONSTRAINT_NOT_ORDINARY_STRUCTURAL_MEMBER,Rigid analytical offset from support/column core to the distinct beam-support face incidence; same physical support and level; never merge face incidences by support_id.
M0G-RL-M0G-F-G2-B034-FROM,G2,23,M0G-C-G2-23,M0G-F-G2-B034-FROM,G2-B034,FROM,Y_POS,-0.0268,0.5500,0.0000,0.5507,RIGID_JOINT_OFFSET,INF,INF,CURRENT_DERIVED_WITH_PROVENANCE_WATCH,ANALYTICAL_CONSTRAINT_NOT_ORDINARY_STRUCTURAL_MEMBER,Rigid analytical offset from support/column core to the distinct beam-support face incidence; same physical support and level; never merge face incidences by support_id.
M0G-RL-M0G-F-G2-B026-TO,G2,24,M0G-C-G2-24,M0G-F-G2-B026-TO,G2-B026,TO,X_POS,0.2000,0.0000,0.0000,0.2000,RIGID_JOINT_OFFSET,INF,INF,CURRENT_DERIVED_WITH_PROVENANCE_WATCH,ANALYTICAL_CONSTRAINT_NOT_ORDINARY_STRUCTURAL_MEMBER,Rigid analytical offset from support/column core to the distinct beam-support face incidence; same physical support and level; never merge face incidences by support_id.
M0G-RL-M0G-F-G2-B034-TO,G2,24,M0G-C-G2-24,M0G-F-G2-B034-TO,G2-B034,TO,Y_NEG,0.0110,-0.2250,0.0000,0.2253,RIGID_JOINT_OFFSET,INF,INF,CURRENT_DERIVED_WITH_PROVENANCE_WATCH,ANALYTICAL_CONSTRAINT_NOT_ORDINARY_STRUCTURAL_MEMBER,Rigid analytical offset from support/column core to the distinct beam-support face incidence; same physical support and level; never merge face incidences by support_id.
M0G-RL-M0G-F-G2-B030-TO,G2,25,M0G-C-G2-25,M0G-F-G2-B030-TO,G2-B030,TO,X_POS,0.2000,0.0000,0.0000,0.2000,RIGID_JOINT_OFFSET,INF,INF,CURRENT_DERIVED_WITH_PROVENANCE_WATCH,ANALYTICAL_CONSTRAINT_NOT_ORDINARY_STRUCTURAL_MEMBER,Rigid analytical offset from support/column core to the distinct beam-support face incidence; same physical support and level; never merge face incidences by support_id.
M0G-RL-M0G-F-G2-B037-FROM,G2,25,M0G-C-G2-25,M0G-F-G2-B037-FROM,G2-B037,FROM,Y_POS,0.0000,0.2250,0.0000,0.2250,RIGID_JOINT_OFFSET,INF,INF,CURRENT_DERIVED_WITH_PROVENANCE_WATCH,ANALYTICAL_CONSTRAINT_NOT_ORDINARY_STRUCTURAL_MEMBER,Rigid analytical offset from support/column core to the distinct beam-support face incidence; same physical support and level; never merge face incidences by support_id.
M0G-RL-M0G-F-G2-B039-FROM,G2,25,M0G-C-G2-25,M0G-F-G2-B039-FROM,G2-B039,FROM,X_NEG,-0.2000,0.0000,0.0000,0.2000,RIGID_JOINT_OFFSET,INF,INF,CURRENT_DERIVED_WITH_PROVENANCE_WATCH,ANALYTICAL_CONSTRAINT_NOT_ORDINARY_STRUCTURAL_MEMBER,Rigid analytical offset from support/column core to the distinct beam-support face incidence; same physical support and level; never merge face incidences by support_id.
M0G-RL-M0G-F-G2-B035-TO,G2,26,M0G-C-G2-26,M0G-F-G2-B035-TO,G2-B035,TO,X_POS,0.1750,0.0000,0.0000,0.1750,RIGID_JOINT_OFFSET,INF,INF,CURRENT_DERIVED_WITH_PROVENANCE_WATCH,ANALYTICAL_CONSTRAINT_NOT_ORDINARY_STRUCTURAL_MEMBER,Rigid analytical offset from support/column core to the distinct beam-support face incidence; same physical support and level; never merge face incidences by support_id.
M0G-RL-M0G-F-G2-B037-TO,G2,26,M0G-C-G2-26,M0G-F-G2-B037-TO,G2-B037,TO,Y_NEG,0.0000,-0.2500,0.0000,0.2500,RIGID_JOINT_OFFSET,INF,INF,CURRENT_DERIVED_WITH_PROVENANCE_WATCH,ANALYTICAL_CONSTRAINT_NOT_ORDINARY_STRUCTURAL_MEMBER,Rigid analytical offset from support/column core to the distinct beam-support face incidence; same physical support and level; never merge face incidences by support_id.
M0G-RL-M0G-F-G2-B038-FROM,G2,26,M0G-C-G2-26,M0G-F-G2-B038-FROM,G2-B038,FROM,Y_POS,0.0000,0.2500,0.0000,0.2500,RIGID_JOINT_OFFSET,INF,INF,CURRENT_DERIVED_WITH_PROVENANCE_WATCH,ANALYTICAL_CONSTRAINT_NOT_ORDINARY_STRUCTURAL_MEMBER,Rigid analytical offset from support/column core to the distinct beam-support face incidence; same physical support and level; never merge face incidences by support_id.
M0G-RL-M0G-F-G2-B040-FROM,G2,26,M0G-C-G2-26,M0G-F-G2-B040-FROM,G2-B040,FROM,X_NEG,-0.1750,0.0000,0.0000,0.1750,RIGID_JOINT_OFFSET,INF,INF,CURRENT_DERIVED_WITH_PROVENANCE_WATCH,ANALYTICAL_CONSTRAINT_NOT_ORDINARY_STRUCTURAL_MEMBER,Rigid analytical offset from support/column core to the distinct beam-support face incidence; same physical support and level; never merge face incidences by support_id.
M0G-RL-M0G-F-G2-B036-TO,G2,27,M0G-C-G2-27,M0G-F-G2-B036-TO,G2-B036,TO,X_POS,0.2000,0.0000,0.0000,0.2000,RIGID_JOINT_OFFSET,INF,INF,CURRENT_DERIVED_WITH_PROVENANCE_WATCH,ANALYTICAL_CONSTRAINT_NOT_ORDINARY_STRUCTURAL_MEMBER,Rigid analytical offset from support/column core to the distinct beam-support face incidence; same physical support and level; never merge face incidences by support_id.
M0G-RL-M0G-F-G2-B038-TO,G2,27,M0G-C-G2-27,M0G-F-G2-B038-TO,G2-B038,TO,Y_NEG,0.0000,-0.2250,0.0000,0.2250,RIGID_JOINT_OFFSET,INF,INF,CURRENT_DERIVED_WITH_PROVENANCE_WATCH,ANALYTICAL_CONSTRAINT_NOT_ORDINARY_STRUCTURAL_MEMBER,Rigid analytical offset from support/column core to the distinct beam-support face incidence; same physical support and level; never merge face incidences by support_id.
M0G-RL-M0G-F-G2-B041-FROM,G2,27,M0G-C-G2-27,M0G-F-G2-B041-FROM,G2-B041,FROM,X_NEG,-0.2000,0.0263,0.0000,0.2017,RIGID_JOINT_OFFSET,INF,INF,CURRENT_DERIVED_WITH_PROVENANCE_WATCH,ANALYTICAL_CONSTRAINT_NOT_ORDINARY_STRUCTURAL_MEMBER,Rigid analytical offset from support/column core to the distinct beam-support face incidence; same physical support and level; never merge face incidences by support_id.
M0G-RL-M0G-F-G2-B039-TO,G2,28,M0G-C-G2-28,M0G-F-G2-B039-TO,G2-B039,TO,X_POS,0.2000,0.0000,0.0000,0.2000,RIGID_JOINT_OFFSET,INF,INF,CURRENT_DERIVED_WITH_PROVENANCE_WATCH,ANALYTICAL_CONSTRAINT_NOT_ORDINARY_STRUCTURAL_MEMBER,Rigid analytical offset from support/column core to the distinct beam-support face incidence; same physical support and level; never merge face incidences by support_id.
M0G-RL-M0G-F-G2-B042-FROM,G2,28,M0G-C-G2-28,M0G-F-G2-B042-FROM,G2-B042,FROM,Y_POS,0.0000,0.2250,0.0000,0.2250,RIGID_JOINT_OFFSET,INF,INF,CURRENT_DERIVED_WITH_PROVENANCE_WATCH,ANALYTICAL_CONSTRAINT_NOT_ORDINARY_STRUCTURAL_MEMBER,Rigid analytical offset from support/column core to the distinct beam-support face incidence; same physical support and level; never merge face incidences by support_id.
M0G-RL-M0G-F-G2-B044-FROM,G2,28,M0G-C-G2-28,M0G-F-G2-B044-FROM,G2-B044,FROM,X_NEG,-0.2000,0.0000,0.0000,0.2000,RIGID_JOINT_OFFSET,INF,INF,CURRENT_DERIVED_WITH_PROVENANCE_WATCH,ANALYTICAL_CONSTRAINT_NOT_ORDINARY_STRUCTURAL_MEMBER,Rigid analytical offset from support/column core to the distinct beam-support face incidence; same physical support and level; never merge face incidences by support_id.
M0G-RL-M0G-F-G2-B040-TO,G2,29,M0G-C-G2-29,M0G-F-G2-B040-TO,G2-B040,TO,X_POS,0.1750,0.0000,0.0000,0.1750,RIGID_JOINT_OFFSET,INF,INF,CURRENT_DERIVED_WITH_PROVENANCE_WATCH,ANALYTICAL_CONSTRAINT_NOT_ORDINARY_STRUCTURAL_MEMBER,Rigid analytical offset from support/column core to the distinct beam-support face incidence; same physical support and level; never merge face incidences by support_id.
M0G-RL-M0G-F-G2-B042-TO,G2,29,M0G-C-G2-29,M0G-F-G2-B042-TO,G2-B042,TO,Y_NEG,0.0000,-0.2500,0.0000,0.2500,RIGID_JOINT_OFFSET,INF,INF,CURRENT_DERIVED_WITH_PROVENANCE_WATCH,ANALYTICAL_CONSTRAINT_NOT_ORDINARY_STRUCTURAL_MEMBER,Rigid analytical offset from support/column core to the distinct beam-support face incidence; same physical support and level; never merge face incidences by support_id.
M0G-RL-M0G-F-G2-B043-FROM,G2,29,M0G-C-G2-29,M0G-F-G2-B043-FROM,G2-B043,FROM,Y_POS,0.0000,0.2500,0.0000,0.2500,RIGID_JOINT_OFFSET,INF,INF,CURRENT_DERIVED_WITH_PROVENANCE_WATCH,ANALYTICAL_CONSTRAINT_NOT_ORDINARY_STRUCTURAL_MEMBER,Rigid analytical offset from support/column core to the distinct beam-support face incidence; same physical support and level; never merge face incidences by support_id.
M0G-RL-M0G-F-G2-B045-FROM,G2,29,M0G-C-G2-29,M0G-F-G2-B045-FROM,G2-B045,FROM,X_NEG,-0.1750,0.0000,0.0000,0.1750,RIGID_JOINT_OFFSET,INF,INF,CURRENT_DERIVED_WITH_PROVENANCE_WATCH,ANALYTICAL_CONSTRAINT_NOT_ORDINARY_STRUCTURAL_MEMBER,Rigid analytical offset from support/column core to the distinct beam-support face incidence; same physical support and level; never merge face incidences by support_id.
M0G-RL-M0G-F-G2-B002-TO,G2,3,M0G-C-G2-3,M0G-F-G2-B002-TO,G2-B002,TO,Y_NEG,0.0000,-0.2000,0.0000,0.2000,RIGID_JOINT_OFFSET,INF,INF,CURRENT_DERIVED_WITH_PROVENANCE_WATCH,ANALYTICAL_CONSTRAINT_NOT_ORDINARY_STRUCTURAL_MEMBER,Rigid analytical offset from support/column core to the distinct beam-support face incidence; same physical support and level; never merge face incidences by support_id.
M0G-RL-M0G-F-G2-B003-FROM,G2,3,M0G-C-G2-3,M0G-F-G2-B003-FROM,G2-B003,FROM,Y_POS,0.0000,0.2000,0.0000,0.2000,RIGID_JOINT_OFFSET,INF,INF,CURRENT_DERIVED_WITH_PROVENANCE_WATCH,ANALYTICAL_CONSTRAINT_NOT_ORDINARY_STRUCTURAL_MEMBER,Rigid analytical offset from support/column core to the distinct beam-support face incidence; same physical support and level; never merge face incidences by support_id.
M0G-RL-M0G-F-G2-B010-FROM,G2,3,M0G-C-G2-3,M0G-F-G2-B010-FROM,G2-B010,FROM,X_NEG,-0.2250,0.0000,0.0000,0.2250,RIGID_JOINT_OFFSET,INF,INF,CURRENT_DERIVED_WITH_PROVENANCE_WATCH,ANALYTICAL_CONSTRAINT_NOT_ORDINARY_STRUCTURAL_MEMBER,Rigid analytical offset from support/column core to the distinct beam-support face incidence; same physical support and level; never merge face incidences by support_id.
M0G-RL-M0G-F-G2-B041-TO,G2,30,M0G-C-G2-30,M0G-F-G2-B041-TO,G2-B041,TO,X_POS,0.5500,-0.0723,0.0000,0.5547,RIGID_JOINT_OFFSET,INF,INF,CURRENT_DERIVED_WITH_PROVENANCE_WATCH,ANALYTICAL_CONSTRAINT_NOT_ORDINARY_STRUCTURAL_MEMBER,Rigid analytical offset from support/column core to the distinct beam-support face incidence; same physical support and level; never merge face incidences by support_id.
M0G-RL-M0G-F-G2-B043-TO,G2,30,M0G-C-G2-30,M0G-F-G2-B043-TO,G2-B043,TO,Y_NEG,0.0000,-0.1500,0.0000,0.1500,RIGID_JOINT_OFFSET,INF,INF,CURRENT_DERIVED_WITH_PROVENANCE_WATCH,ANALYTICAL_CONSTRAINT_NOT_ORDINARY_STRUCTURAL_MEMBER,Rigid analytical offset from support/column core to the distinct beam-support face incidence; same physical support and level; never merge face incidences by support_id.
M0G-RL-M0G-F-G2-B046-FROM,G2,30,M0G-C-G2-30,M0G-F-G2-B046-FROM,G2-B046,FROM,X_NEG,-0.5500,0.0488,0.0000,0.5522,RIGID_JOINT_OFFSET,INF,INF,CURRENT_DERIVED_WITH_PROVENANCE_WATCH,ANALYTICAL_CONSTRAINT_NOT_ORDINARY_STRUCTURAL_MEMBER,Rigid analytical offset from support/column core to the distinct beam-support face incidence; same physical support and level; never merge face incidences by support_id.
M0G-RL-M0G-F-G2-B044-TO,G2,31,M0G-C-G2-31,M0G-F-G2-B044-TO,G2-B044,TO,X_POS,0.2000,0.0000,0.0000,0.2000,RIGID_JOINT_OFFSET,INF,INF,CURRENT_DERIVED_WITH_PROVENANCE_WATCH,ANALYTICAL_CONSTRAINT_NOT_ORDINARY_STRUCTURAL_MEMBER,Rigid analytical offset from support/column core to the distinct beam-support face incidence; same physical support and level; never merge face incidences by support_id.
M0G-RL-M0G-F-G2-B047-FROM,G2,31,M0G-C-G2-31,M0G-F-G2-B047-FROM,G2-B047,FROM,Y_POS,0.0000,0.2250,0.0000,0.2250,RIGID_JOINT_OFFSET,INF,INF,CURRENT_DERIVED_WITH_PROVENANCE_WATCH,ANALYTICAL_CONSTRAINT_NOT_ORDINARY_STRUCTURAL_MEMBER,Rigid analytical offset from support/column core to the distinct beam-support face incidence; same physical support and level; never merge face incidences by support_id.
M0G-RL-M0G-F-G2-B045-TO,G2,32,M0G-C-G2-32,M0G-F-G2-B045-TO,G2-B045,TO,X_POS,0.2250,0.0000,0.0000,0.2250,RIGID_JOINT_OFFSET,INF,INF,CURRENT_DERIVED_WITH_PROVENANCE_WATCH,ANALYTICAL_CONSTRAINT_NOT_ORDINARY_STRUCTURAL_MEMBER,Rigid analytical offset from support/column core to the distinct beam-support face incidence; same physical support and level; never merge face incidences by support_id.
M0G-RL-M0G-F-G2-B047-TO,G2,32,M0G-C-G2-32,M0G-F-G2-B047-TO,G2-B047,TO,Y_NEG,0.0000,-0.2000,0.0000,0.2000,RIGID_JOINT_OFFSET,INF,INF,CURRENT_DERIVED_WITH_PROVENANCE_WATCH,ANALYTICAL_CONSTRAINT_NOT_ORDINARY_STRUCTURAL_MEMBER,Rigid analytical offset from support/column core to the distinct beam-support face incidence; same physical support and level; never merge face incidences by support_id.
M0G-RL-M0G-F-G2-B048-FROM,G2,32,M0G-C-G2-32,M0G-F-G2-B048-FROM,G2-B048,FROM,Y_POS,0.0000,0.2000,0.0000,0.2000,RIGID_JOINT_OFFSET,INF,INF,CURRENT_DERIVED_WITH_PROVENANCE_WATCH,ANALYTICAL_CONSTRAINT_NOT_ORDINARY_STRUCTURAL_MEMBER,Rigid analytical offset from support/column core to the distinct beam-support face incidence; same physical support and level; never merge face incidences by support_id.
M0G-RL-M0G-F-G2-B046-TO,G2,33,M0G-C-G2-33,M0G-F-G2-B046-TO,G2-B046,TO,X_POS,0.2000,-0.0177,0.0000,0.2008,RIGID_JOINT_OFFSET,INF,INF,CURRENT_DERIVED_WITH_PROVENANCE_WATCH,ANALYTICAL_CONSTRAINT_NOT_ORDINARY_STRUCTURAL_MEMBER,Rigid analytical offset from support/column core to the distinct beam-support face incidence; same physical support and level; never merge face incidences by support_id.
M0G-RL-M0G-F-G2-B048-TO,G2,33,M0G-C-G2-33,M0G-F-G2-B048-TO,G2-B048,TO,Y_NEG,0.0000,-0.2250,0.0000,0.2250,RIGID_JOINT_OFFSET,INF,INF,CURRENT_DERIVED_WITH_PROVENANCE_WATCH,ANALYTICAL_CONSTRAINT_NOT_ORDINARY_STRUCTURAL_MEMBER,Rigid analytical offset from support/column core to the distinct beam-support face incidence; same physical support and level; never merge face incidences by support_id.
M0G-RL-M0G-F-G2-B003-TO,G2,4,M0G-C-G2-4,M0G-F-G2-B003-TO,G2-B003,TO,Y_NEG,0.0000,-0.2250,0.0000,0.2250,RIGID_JOINT_OFFSET,INF,INF,CURRENT_DERIVED_WITH_PROVENANCE_WATCH,ANALYTICAL_CONSTRAINT_NOT_ORDINARY_STRUCTURAL_MEMBER,Rigid analytical offset from support/column core to the distinct beam-support face incidence; same physical support and level; never merge face incidences by support_id.
M0G-RL-M0G-F-G2-B004-FROM,G2,4,M0G-C-G2-4,M0G-F-G2-B004-FROM,G2-B004,FROM,X_NEG,-0.2000,0.0000,0.0000,0.2000,RIGID_JOINT_OFFSET,INF,INF,CURRENT_DERIVED_WITH_PROVENANCE_WATCH,ANALYTICAL_CONSTRAINT_NOT_ORDINARY_STRUCTURAL_MEMBER,Rigid analytical offset from support/column core to the distinct beam-support face incidence; same physical support and level; never merge face incidences by support_id.
M0G-RL-M0G-F-G2-B004-TO,G2,5,M0G-C-G2-5,M0G-F-G2-B004-TO,G2-B004,TO,X_POS,0.2000,0.0000,0.0000,0.2000,RIGID_JOINT_OFFSET,INF,INF,CURRENT_DERIVED_WITH_PROVENANCE_WATCH,ANALYTICAL_CONSTRAINT_NOT_ORDINARY_STRUCTURAL_MEMBER,Rigid analytical offset from support/column core to the distinct beam-support face incidence; same physical support and level; never merge face incidences by support_id.
M0G-RL-M0G-F-G2-B005-FROM,G2,5,M0G-C-G2-5,M0G-F-G2-B005-FROM,G2-B005,FROM,Y_POS,0.0000,0.2250,0.0000,0.2250,RIGID_JOINT_OFFSET,INF,INF,CURRENT_DERIVED_WITH_PROVENANCE_WATCH,ANALYTICAL_CONSTRAINT_NOT_ORDINARY_STRUCTURAL_MEMBER,Rigid analytical offset from support/column core to the distinct beam-support face incidence; same physical support and level; never merge face incidences by support_id.
M0G-RL-M0G-F-G2-B005-TO,G2,6,M0G-C-G2-6,M0G-F-G2-B005-TO,G2-B005,TO,Y_NEG,0.0000,-0.2000,0.0000,0.2000,RIGID_JOINT_OFFSET,INF,INF,CURRENT_DERIVED_WITH_PROVENANCE_WATCH,ANALYTICAL_CONSTRAINT_NOT_ORDINARY_STRUCTURAL_MEMBER,Rigid analytical offset from support/column core to the distinct beam-support face incidence; same physical support and level; never merge face incidences by support_id.
M0G-RL-M0G-F-G2-B006-FROM,G2,6,M0G-C-G2-6,M0G-F-G2-B006-FROM,G2-B006,FROM,Y_POS,0.0000,0.2000,0.0000,0.2000,RIGID_JOINT_OFFSET,INF,INF,CURRENT_DERIVED_WITH_PROVENANCE_WATCH,ANALYTICAL_CONSTRAINT_NOT_ORDINARY_STRUCTURAL_MEMBER,Rigid analytical offset from support/column core to the distinct beam-support face incidence; same physical support and level; never merge face incidences by support_id.
M0G-RL-M0G-F-G2-B011-FROM,G2,6,M0G-C-G2-6,M0G-F-G2-B011-FROM,G2-B011,FROM,X_NEG,-0.2250,0.0000,0.0000,0.2250,RIGID_JOINT_OFFSET,INF,INF,CURRENT_DERIVED_WITH_PROVENANCE_WATCH,ANALYTICAL_CONSTRAINT_NOT_ORDINARY_STRUCTURAL_MEMBER,Rigid analytical offset from support/column core to the distinct beam-support face incidence; same physical support and level; never merge face incidences by support_id.
M0G-RL-M0G-F-G2-B006-TO,G2,7,M0G-C-G2-7,M0G-F-G2-B006-TO,G2-B006,TO,Y_NEG,0.0000,-0.2000,0.0000,0.2000,RIGID_JOINT_OFFSET,INF,INF,CURRENT_DERIVED_WITH_PROVENANCE_WATCH,ANALYTICAL_CONSTRAINT_NOT_ORDINARY_STRUCTURAL_MEMBER,Rigid analytical offset from support/column core to the distinct beam-support face incidence; same physical support and level; never merge face incidences by support_id.
M0G-RL-M0G-F-G2-B007-FROM,G2,7,M0G-C-G2-7,M0G-F-G2-B007-FROM,G2-B007,FROM,Y_POS,0.0000,0.2000,0.0000,0.2000,RIGID_JOINT_OFFSET,INF,INF,CURRENT_DERIVED_WITH_PROVENANCE_WATCH,ANALYTICAL_CONSTRAINT_NOT_ORDINARY_STRUCTURAL_MEMBER,Rigid analytical offset from support/column core to the distinct beam-support face incidence; same physical support and level; never merge face incidences by support_id.
M0G-RL-M0G-F-G2-B012-FROM,G2,7,M0G-C-G2-7,M0G-F-G2-B012-FROM,G2-B012,FROM,X_NEG,-0.2250,0.0000,0.0000,0.2250,RIGID_JOINT_OFFSET,INF,INF,CURRENT_DERIVED_WITH_PROVENANCE_WATCH,ANALYTICAL_CONSTRAINT_NOT_ORDINARY_STRUCTURAL_MEMBER,Rigid analytical offset from support/column core to the distinct beam-support face incidence; same physical support and level; never merge face incidences by support_id.
M0G-RL-M0G-F-G2-B007-TO,G2,8,M0G-C-G2-8,M0G-F-G2-B007-TO,G2-B007,TO,Y_NEG,0.0000,-0.2250,0.0000,0.2250,RIGID_JOINT_OFFSET,INF,INF,CURRENT_DERIVED_WITH_PROVENANCE_WATCH,ANALYTICAL_CONSTRAINT_NOT_ORDINARY_STRUCTURAL_MEMBER,Rigid analytical offset from support/column core to the distinct beam-support face incidence; same physical support and level; never merge face incidences by support_id.
M0G-RL-M0G-F-G2-B013-FROM,G2,8,M0G-C-G2-8,M0G-F-G2-B013-FROM,G2-B013,FROM,X_NEG,-0.2000,0.0000,0.0000,0.2000,RIGID_JOINT_OFFSET,INF,INF,CURRENT_DERIVED_WITH_PROVENANCE_WATCH,ANALYTICAL_CONSTRAINT_NOT_ORDINARY_STRUCTURAL_MEMBER,Rigid analytical offset from support/column core to the distinct beam-support face incidence; same physical support and level; never merge face incidences by support_id.
M0G-RL-M0G-F-G2-B008-TO,G2,9,M0G-C-G2-9,M0G-F-G2-B008-TO,G2-B008,TO,X_POS,0.2000,0.0000,0.0000,0.2000,RIGID_JOINT_OFFSET,INF,INF,CURRENT_DERIVED_WITH_PROVENANCE_WATCH,ANALYTICAL_CONSTRAINT_NOT_ORDINARY_STRUCTURAL_MEMBER,Rigid analytical offset from support/column core to the distinct beam-support face incidence; same physical support and level; never merge face incidences by support_id.
M0G-RL-M0G-F-G2-B014-FROM,G2,9,M0G-C-G2-9,M0G-F-G2-B014-FROM,G2-B014,FROM,Y_POS,0.0000,0.2250,0.0000,0.2250,RIGID_JOINT_OFFSET,INF,INF,CURRENT_DERIVED_WITH_PROVENANCE_WATCH,ANALYTICAL_CONSTRAINT_NOT_ORDINARY_STRUCTURAL_MEMBER,Rigid analytical offset from support/column core to the distinct beam-support face incidence; same physical support and level; never merge face incidences by support_id.
M0G-RL-M0G-F-G2-B022-FROM,G2,9,M0G-C-G2-9,M0G-F-G2-B022-FROM,G2-B022,FROM,X_NEG,-0.2000,0.0000,0.0000,0.2000,RIGID_JOINT_OFFSET,INF,INF,CURRENT_DERIVED_WITH_PROVENANCE_WATCH,ANALYTICAL_CONSTRAINT_NOT_ORDINARY_STRUCTURAL_MEMBER,Rigid analytical offset from support/column core to the distinct beam-support face incidence; same physical support and level; never merge face incidences by support_id.
M0G-RL-M0G-F-G3-B001-FROM,G3,1,M0G-C-G3-1,M0G-F-G3-B001-FROM,G3-B001,FROM,Y_POS,0.0000,0.2000,0.0000,0.2000,RIGID_JOINT_OFFSET,INF,INF,CURRENT_DERIVED_WITH_PROVENANCE_WATCH,ANALYTICAL_CONSTRAINT_NOT_ORDINARY_STRUCTURAL_MEMBER,Rigid analytical offset from support/column core to the distinct beam-support face incidence; same physical support and level; never merge face incidences by support_id.
M0G-RL-M0G-F-G3-B008-FROM,G3,1,M0G-C-G3-1,M0G-F-G3-B008-FROM,G3-B008,FROM,X_NEG,-0.2000,0.0000,0.0000,0.2000,RIGID_JOINT_OFFSET,INF,INF,CURRENT_DERIVED_WITH_PROVENANCE_WATCH,ANALYTICAL_CONSTRAINT_NOT_ORDINARY_STRUCTURAL_MEMBER,Rigid analytical offset from support/column core to the distinct beam-support face incidence; same physical support and level; never merge face incidences by support_id.
M0G-RL-M0G-F-G3-B009-TO,G3,10,M0G-C-G3-10,M0G-F-G3-B009-TO,G3-B009,TO,X_POS,0.2500,0.0000,0.0000,0.2500,RIGID_JOINT_OFFSET,INF,INF,CURRENT_DERIVED_WITH_PROVENANCE_WATCH,ANALYTICAL_CONSTRAINT_NOT_ORDINARY_STRUCTURAL_MEMBER,Rigid analytical offset from support/column core to the distinct beam-support face incidence; same physical support and level; never merge face incidences by support_id.
M0G-RL-M0G-F-G3-B014-TO,G3,10,M0G-C-G3-10,M0G-F-G3-B014-TO,G3-B014,TO,Y_NEG,0.0000,-0.1500,0.0000,0.1500,RIGID_JOINT_OFFSET,INF,INF,CURRENT_DERIVED_WITH_PROVENANCE_WATCH,ANALYTICAL_CONSTRAINT_NOT_ORDINARY_STRUCTURAL_MEMBER,Rigid analytical offset from support/column core to the distinct beam-support face incidence; same physical support and level; never merge face incidences by support_id.
M0G-RL-M0G-F-G3-B015-FROM,G3,10,M0G-C-G3-10,M0G-F-G3-B015-FROM,G3-B015,FROM,Y_POS,0.0000,0.1500,0.0000,0.1500,RIGID_JOINT_OFFSET,INF,INF,CURRENT_DERIVED_WITH_PROVENANCE_WATCH,ANALYTICAL_CONSTRAINT_NOT_ORDINARY_STRUCTURAL_MEMBER,Rigid analytical offset from support/column core to the distinct beam-support face incidence; same physical support and level; never merge face incidences by support_id.
M0G-RL-M0G-F-G3-B021-FROM,G3,10,M0G-C-G3-10,M0G-F-G3-B021-FROM,G3-B021,FROM,X_NEG,-0.2500,0.0000,0.0000,0.2500,RIGID_JOINT_OFFSET,INF,INF,CURRENT_DERIVED_WITH_PROVENANCE_WATCH,ANALYTICAL_CONSTRAINT_NOT_ORDINARY_STRUCTURAL_MEMBER,Rigid analytical offset from support/column core to the distinct beam-support face incidence; same physical support and level; never merge face incidences by support_id.
M0G-RL-M0G-F-G3-B010-TO,G3,11,M0G-C-G3-11,M0G-F-G3-B010-TO,G3-B010,TO,X_POS,0.2500,0.0000,0.0000,0.2500,RIGID_JOINT_OFFSET,INF,INF,CURRENT_DERIVED_WITH_PROVENANCE_WATCH,ANALYTICAL_CONSTRAINT_NOT_ORDINARY_STRUCTURAL_MEMBER,Rigid analytical offset from support/column core to the distinct beam-support face incidence; same physical support and level; never merge face incidences by support_id.
M0G-RL-M0G-F-G3-B015-TO,G3,11,M0G-C-G3-11,M0G-F-G3-B015-TO,G3-B015,TO,Y_NEG,0.0000,-0.1500,0.0000,0.1500,RIGID_JOINT_OFFSET,INF,INF,CURRENT_DERIVED_WITH_PROVENANCE_WATCH,ANALYTICAL_CONSTRAINT_NOT_ORDINARY_STRUCTURAL_MEMBER,Rigid analytical offset from support/column core to the distinct beam-support face incidence; same physical support and level; never merge face incidences by support_id.
M0G-RL-M0G-F-G3-B016-FROM,G3,11,M0G-C-G3-11,M0G-F-G3-B016-FROM,G3-B016,FROM,Y_POS,0.0000,0.1500,0.0000,0.1500,RIGID_JOINT_OFFSET,INF,INF,CURRENT_DERIVED_WITH_PROVENANCE_WATCH,ANALYTICAL_CONSTRAINT_NOT_ORDINARY_STRUCTURAL_MEMBER,Rigid analytical offset from support/column core to the distinct beam-support face incidence; same physical support and level; never merge face incidences by support_id.
M0G-RL-M0G-F-G3-B020-FROM,G3,11,M0G-C-G3-11,M0G-F-G3-B020-FROM,G3-B020,FROM,X_NEG,-0.2500,0.0000,0.0000,0.2500,RIGID_JOINT_OFFSET,INF,INF,CURRENT_DERIVED_WITH_PROVENANCE_WATCH,ANALYTICAL_CONSTRAINT_NOT_ORDINARY_STRUCTURAL_MEMBER,Rigid analytical offset from support/column core to the distinct beam-support face incidence; same physical support and level; never merge face incidences by support_id.
M0G-RL-M0G-F-G3-B016-TO,G3,12,M0G-C-G3-12,M0G-F-G3-B016-TO,G3-B016,TO,Y_NEG,0.0000,-0.2500,0.0000,0.2500,RIGID_JOINT_OFFSET,INF,INF,CURRENT_DERIVED_WITH_PROVENANCE_WATCH,ANALYTICAL_CONSTRAINT_NOT_ORDINARY_STRUCTURAL_MEMBER,Rigid analytical offset from support/column core to the distinct beam-support face incidence; same physical support and level; never merge face incidences by support_id.
M0G-RL-M0G-F-G3-B017-FROM,G3,13,M0G-C-G3-13,M0G-F-G3-B017-FROM,G3-B017,FROM,Y_POS,0.0000,0.1500,0.0000,0.1500,RIGID_JOINT_OFFSET,INF,INF,CURRENT_DERIVED_WITH_PROVENANCE_WATCH,ANALYTICAL_CONSTRAINT_NOT_ORDINARY_STRUCTURAL_MEMBER,Rigid analytical offset from support/column core to the distinct beam-support face incidence; same physical support and level; never merge face incidences by support_id.
M0G-RL-M0G-F-G3-B023-FROM,G3,13,M0G-C-G3-13,M0G-F-G3-B023-FROM,G3-B023,FROM,X_NEG,-0.2500,0.0000,0.0000,0.2500,RIGID_JOINT_OFFSET,INF,INF,CURRENT_DERIVED_WITH_PROVENANCE_WATCH,ANALYTICAL_CONSTRAINT_NOT_ORDINARY_STRUCTURAL_MEMBER,Rigid analytical offset from support/column core to the distinct beam-support face incidence; same physical support and level; never merge face incidences by support_id.
M0G-RL-M0G-F-G3-B011-TO,G3,14,M0G-C-G3-14,M0G-F-G3-B011-TO,G3-B011,TO,X_POS,0.2500,0.0000,0.0000,0.2500,RIGID_JOINT_OFFSET,INF,INF,CURRENT_DERIVED_WITH_PROVENANCE_WATCH,ANALYTICAL_CONSTRAINT_NOT_ORDINARY_STRUCTURAL_MEMBER,Rigid analytical offset from support/column core to the distinct beam-support face incidence; same physical support and level; never merge face incidences by support_id.
M0G-RL-M0G-F-G3-B017-TO,G3,14,M0G-C-G3-14,M0G-F-G3-B017-TO,G3-B017,TO,Y_NEG,0.0000,-0.1500,0.0000,0.1500,RIGID_JOINT_OFFSET,INF,INF,CURRENT_DERIVED_WITH_PROVENANCE_WATCH,ANALYTICAL_CONSTRAINT_NOT_ORDINARY_STRUCTURAL_MEMBER,Rigid analytical offset from support/column core to the distinct beam-support face incidence; same physical support and level; never merge face incidences by support_id.
M0G-RL-M0G-F-G3-B018-FROM,G3,14,M0G-C-G3-14,M0G-F-G3-B018-FROM,G3-B018,FROM,Y_POS,0.0000,0.1500,0.0000,0.1500,RIGID_JOINT_OFFSET,INF,INF,CURRENT_DERIVED_WITH_PROVENANCE_WATCH,ANALYTICAL_CONSTRAINT_NOT_ORDINARY_STRUCTURAL_MEMBER,Rigid analytical offset from support/column core to the distinct beam-support face incidence; same physical support and level; never merge face incidences by support_id.
M0G-RL-M0G-F-G3-B024-FROM,G3,14,M0G-C-G3-14,M0G-F-G3-B024-FROM,G3-B024,FROM,X_NEG,-0.2500,0.0000,0.0000,0.2500,RIGID_JOINT_OFFSET,INF,INF,CURRENT_DERIVED_WITH_PROVENANCE_WATCH,ANALYTICAL_CONSTRAINT_NOT_ORDINARY_STRUCTURAL_MEMBER,Rigid analytical offset from support/column core to the distinct beam-support face incidence; same physical support and level; never merge face incidences by support_id.
M0G-RL-M0G-F-G3-B012-TO,G3,15,M0G-C-G3-15,M0G-F-G3-B012-TO,G3-B012,TO,X_POS,0.2500,0.0000,0.0000,0.2500,RIGID_JOINT_OFFSET,INF,INF,CURRENT_DERIVED_WITH_PROVENANCE_WATCH,ANALYTICAL_CONSTRAINT_NOT_ORDINARY_STRUCTURAL_MEMBER,Rigid analytical offset from support/column core to the distinct beam-support face incidence; same physical support and level; never merge face incidences by support_id.
M0G-RL-M0G-F-G3-B018-TO,G3,15,M0G-C-G3-15,M0G-F-G3-B018-TO,G3-B018,TO,Y_NEG,0.0000,-0.1500,0.0000,0.1500,RIGID_JOINT_OFFSET,INF,INF,CURRENT_DERIVED_WITH_PROVENANCE_WATCH,ANALYTICAL_CONSTRAINT_NOT_ORDINARY_STRUCTURAL_MEMBER,Rigid analytical offset from support/column core to the distinct beam-support face incidence; same physical support and level; never merge face incidences by support_id.
M0G-RL-M0G-F-G3-B019-FROM,G3,15,M0G-C-G3-15,M0G-F-G3-B019-FROM,G3-B019,FROM,Y_POS,0.0000,0.1500,0.0000,0.1500,RIGID_JOINT_OFFSET,INF,INF,CURRENT_DERIVED_WITH_PROVENANCE_WATCH,ANALYTICAL_CONSTRAINT_NOT_ORDINARY_STRUCTURAL_MEMBER,Rigid analytical offset from support/column core to the distinct beam-support face incidence; same physical support and level; never merge face incidences by support_id.
M0G-RL-M0G-F-G3-B025-FROM,G3,15,M0G-C-G3-15,M0G-F-G3-B025-FROM,G3-B025,FROM,X_NEG,-0.2500,0.0000,0.0000,0.2500,RIGID_JOINT_OFFSET,INF,INF,CURRENT_DERIVED_WITH_PROVENANCE_WATCH,ANALYTICAL_CONSTRAINT_NOT_ORDINARY_STRUCTURAL_MEMBER,Rigid analytical offset from support/column core to the distinct beam-support face incidence; same physical support and level; never merge face incidences by support_id.
M0G-RL-M0G-F-G3-B013-TO,G3,16,M0G-C-G3-16,M0G-F-G3-B013-TO,G3-B013,TO,X_POS,0.2000,0.0000,0.0000,0.2000,RIGID_JOINT_OFFSET,INF,INF,CURRENT_DERIVED_WITH_PROVENANCE_WATCH,ANALYTICAL_CONSTRAINT_NOT_ORDINARY_STRUCTURAL_MEMBER,Rigid analytical offset from support/column core to the distinct beam-support face incidence; same physical support and level; never merge face incidences by support_id.
M0G-RL-M0G-F-G3-B019-TO,G3,16,M0G-C-G3-16,M0G-F-G3-B019-TO,G3-B019,TO,Y_NEG,0.0000,-0.2000,0.0000,0.2000,RIGID_JOINT_OFFSET,INF,INF,CURRENT_DERIVED_WITH_PROVENANCE_WATCH,ANALYTICAL_CONSTRAINT_NOT_ORDINARY_STRUCTURAL_MEMBER,Rigid analytical offset from support/column core to the distinct beam-support face incidence; same physical support and level; never merge face incidences by support_id.
M0G-RL-M0G-F-G3-B026-FROM,G3,16,M0G-C-G3-16,M0G-F-G3-B026-FROM,G3-B026,FROM,X_NEG,-0.2000,0.0000,0.0000,0.2000,RIGID_JOINT_OFFSET,INF,INF,CURRENT_DERIVED_WITH_PROVENANCE_WATCH,ANALYTICAL_CONSTRAINT_NOT_ORDINARY_STRUCTURAL_MEMBER,Rigid analytical offset from support/column core to the distinct beam-support face incidence; same physical support and level; never merge face incidences by support_id.
M0G-RL-M0G-F-G3-B022-TO,G3,17,M0G-C-G3-17,M0G-F-G3-B022-TO,G3-B022,TO,X_POS,0.2000,0.0000,0.0000,0.2000,RIGID_JOINT_OFFSET,INF,INF,CURRENT_DERIVED_WITH_PROVENANCE_WATCH,ANALYTICAL_CONSTRAINT_NOT_ORDINARY_STRUCTURAL_MEMBER,Rigid analytical offset from support/column core to the distinct beam-support face incidence; same physical support and level; never merge face incidences by support_id.
M0G-RL-M0G-F-G3-B029-FROM,G3,17,M0G-C-G3-17,M0G-F-G3-B029-FROM,G3-B029,FROM,Y_POS,0.0138,0.2000,0.0000,0.2005,RIGID_JOINT_OFFSET,INF,INF,CURRENT_DERIVED_WITH_PROVENANCE_WATCH,ANALYTICAL_CONSTRAINT_NOT_ORDINARY_STRUCTURAL_MEMBER,Rigid analytical offset from support/column core to the distinct beam-support face incidence; same physical support and level; never merge face incidences by support_id.
M0G-RL-M0G-F-G3-B021-TO,G3,18,M0G-C-G3-18,M0G-F-G3-B021-TO,G3-B021,TO,X_POS,0.1500,0.0000,0.0000,0.1500,RIGID_JOINT_OFFSET,INF,INF,CURRENT_DERIVED_WITH_PROVENANCE_WATCH,ANALYTICAL_CONSTRAINT_NOT_ORDINARY_STRUCTURAL_MEMBER,Rigid analytical offset from support/column core to the distinct beam-support face incidence; same physical support and level; never merge face incidences by support_id.
M0G-RL-M0G-F-G3-B028-FROM,G3,18,M0G-C-G3-18,M0G-F-G3-B028-FROM,G3-B028,FROM,Y_POS,0.0528,0.5500,0.0000,0.5525,RIGID_JOINT_OFFSET,INF,INF,CURRENT_DERIVED_WITH_PROVENANCE_WATCH,ANALYTICAL_CONSTRAINT_NOT_ORDINARY_STRUCTURAL_MEMBER,Rigid analytical offset from support/column core to the distinct beam-support face incidence; same physical support and level; never merge face incidences by support_id.
M0G-RL-M0G-F-G3-B029-TO,G3,18,M0G-C-G3-18,M0G-F-G3-B029-TO,G3-B029,TO,Y_NEG,-0.0379,-0.5500,0.0000,0.5513,RIGID_JOINT_OFFSET,INF,INF,CURRENT_DERIVED_WITH_PROVENANCE_WATCH,ANALYTICAL_CONSTRAINT_NOT_ORDINARY_STRUCTURAL_MEMBER,Rigid analytical offset from support/column core to the distinct beam-support face incidence; same physical support and level; never merge face incidences by support_id.
M0G-RL-M0G-F-G3-B027-FROM,G3,19,M0G-C-G3-19,M0G-F-G3-B027-FROM,G3-B027,FROM,Y_POS,0.0000,0.2000,0.0000,0.2000,RIGID_JOINT_OFFSET,INF,INF,CURRENT_DERIVED_WITH_PROVENANCE_WATCH,ANALYTICAL_CONSTRAINT_NOT_ORDINARY_STRUCTURAL_MEMBER,Rigid analytical offset from support/column core to the distinct beam-support face incidence; same physical support and level; never merge face incidences by support_id.
M0G-RL-M0G-F-G3-B028-TO,G3,19,M0G-C-G3-19,M0G-F-G3-B028-TO,G3-B028,TO,Y_NEG,-0.0192,-0.2000,0.0000,0.2009,RIGID_JOINT_OFFSET,INF,INF,CURRENT_DERIVED_WITH_PROVENANCE_WATCH,ANALYTICAL_CONSTRAINT_NOT_ORDINARY_STRUCTURAL_MEMBER,Rigid analytical offset from support/column core to the distinct beam-support face incidence; same physical support and level; never merge face incidences by support_id.
M0G-RL-M0G-F-G3-B030-FROM,G3,19,M0G-C-G3-19,M0G-F-G3-B030-FROM,G3-B030,FROM,X_NEG,-0.2000,0.0000,0.0000,0.2000,RIGID_JOINT_OFFSET,INF,INF,CURRENT_DERIVED_WITH_PROVENANCE_WATCH,ANALYTICAL_CONSTRAINT_NOT_ORDINARY_STRUCTURAL_MEMBER,Rigid analytical offset from support/column core to the distinct beam-support face incidence; same physical support and level; never merge face incidences by support_id.
M0G-RL-M0G-F-G3-B001-TO,G3,2,M0G-C-G3-2,M0G-F-G3-B001-TO,G3-B001,TO,Y_NEG,0.0000,-0.2000,0.0000,0.2000,RIGID_JOINT_OFFSET,INF,INF,CURRENT_DERIVED_WITH_PROVENANCE_WATCH,ANALYTICAL_CONSTRAINT_NOT_ORDINARY_STRUCTURAL_MEMBER,Rigid analytical offset from support/column core to the distinct beam-support face incidence; same physical support and level; never merge face incidences by support_id.
M0G-RL-M0G-F-G3-B002-FROM,G3,2,M0G-C-G3-2,M0G-F-G3-B002-FROM,G3-B002,FROM,Y_POS,0.0000,0.2000,0.0000,0.2000,RIGID_JOINT_OFFSET,INF,INF,CURRENT_DERIVED_WITH_PROVENANCE_WATCH,ANALYTICAL_CONSTRAINT_NOT_ORDINARY_STRUCTURAL_MEMBER,Rigid analytical offset from support/column core to the distinct beam-support face incidence; same physical support and level; never merge face incidences by support_id.
M0G-RL-M0G-F-G3-B009-FROM,G3,2,M0G-C-G3-2,M0G-F-G3-B009-FROM,G3-B009,FROM,X_NEG,-0.2000,0.0000,0.0000,0.2000,RIGID_JOINT_OFFSET,INF,INF,CURRENT_DERIVED_WITH_PROVENANCE_WATCH,ANALYTICAL_CONSTRAINT_NOT_ORDINARY_STRUCTURAL_MEMBER,Rigid analytical offset from support/column core to the distinct beam-support face incidence; same physical support and level; never merge face incidences by support_id.
M0G-RL-M0G-F-G3-B020-TO,G3,20,M0G-C-G3-20,M0G-F-G3-B020-TO,G3-B020,TO,X_POS,0.2500,0.0000,0.0000,0.2500,RIGID_JOINT_OFFSET,INF,INF,CURRENT_DERIVED_WITH_PROVENANCE_WATCH,ANALYTICAL_CONSTRAINT_NOT_ORDINARY_STRUCTURAL_MEMBER,Rigid analytical offset from support/column core to the distinct beam-support face incidence; same physical support and level; never merge face incidences by support_id.
M0G-RL-M0G-F-G3-B027-TO,G3,20,M0G-C-G3-20,M0G-F-G3-B027-TO,G3-B027,TO,Y_NEG,0.0000,-0.1500,0.0000,0.1500,RIGID_JOINT_OFFSET,INF,INF,CURRENT_DERIVED_WITH_PROVENANCE_WATCH,ANALYTICAL_CONSTRAINT_NOT_ORDINARY_STRUCTURAL_MEMBER,Rigid analytical offset from support/column core to the distinct beam-support face incidence; same physical support and level; never merge face incidences by support_id.
M0G-RL-M0G-F-G3-B023-TO,G3,21,M0G-C-G3-21,M0G-F-G3-B023-TO,G3-B023,TO,X_POS,0.1500,0.0000,0.0000,0.1500,RIGID_JOINT_OFFSET,INF,INF,CURRENT_DERIVED_WITH_PROVENANCE_WATCH,ANALYTICAL_CONSTRAINT_NOT_ORDINARY_STRUCTURAL_MEMBER,Rigid analytical offset from support/column core to the distinct beam-support face incidence; same physical support and level; never merge face incidences by support_id.
M0G-RL-M0G-F-G3-B031-FROM,G3,21,M0G-C-G3-21,M0G-F-G3-B031-FROM,G3-B031,FROM,Y_POS,0.0000,0.2500,0.0000,0.2500,RIGID_JOINT_OFFSET,INF,INF,CURRENT_DERIVED_WITH_PROVENANCE_WATCH,ANALYTICAL_CONSTRAINT_NOT_ORDINARY_STRUCTURAL_MEMBER,Rigid analytical offset from support/column core to the distinct beam-support face incidence; same physical support and level; never merge face incidences by support_id.
M0G-RL-M0G-F-G3-B035-FROM,G3,21,M0G-C-G3-21,M0G-F-G3-B035-FROM,G3-B035,FROM,X_NEG,-0.1500,0.0000,0.0000,0.1500,RIGID_JOINT_OFFSET,INF,INF,CURRENT_DERIVED_WITH_PROVENANCE_WATCH,ANALYTICAL_CONSTRAINT_NOT_ORDINARY_STRUCTURAL_MEMBER,Rigid analytical offset from support/column core to the distinct beam-support face incidence; same physical support and level; never merge face incidences by support_id.
M0G-RL-M0G-F-G3-B024-TO,G3,22,M0G-C-G3-22,M0G-F-G3-B024-TO,G3-B024,TO,X_POS,0.1500,0.0000,0.0000,0.1500,RIGID_JOINT_OFFSET,INF,INF,CURRENT_DERIVED_WITH_PROVENANCE_WATCH,ANALYTICAL_CONSTRAINT_NOT_ORDINARY_STRUCTURAL_MEMBER,Rigid analytical offset from support/column core to the distinct beam-support face incidence; same physical support and level; never merge face incidences by support_id.
M0G-RL-M0G-F-G3-B031-TO,G3,22,M0G-C-G3-22,M0G-F-G3-B031-TO,G3-B031,TO,Y_NEG,0.0000,-0.2500,0.0000,0.2500,RIGID_JOINT_OFFSET,INF,INF,CURRENT_DERIVED_WITH_PROVENANCE_WATCH,ANALYTICAL_CONSTRAINT_NOT_ORDINARY_STRUCTURAL_MEMBER,Rigid analytical offset from support/column core to the distinct beam-support face incidence; same physical support and level; never merge face incidences by support_id.
M0G-RL-M0G-F-G3-B032-FROM,G3,22,M0G-C-G3-22,M0G-F-G3-B032-FROM,G3-B032,FROM,Y_POS,0.0000,0.2500,0.0000,0.2500,RIGID_JOINT_OFFSET,INF,INF,CURRENT_DERIVED_WITH_PROVENANCE_WATCH,ANALYTICAL_CONSTRAINT_NOT_ORDINARY_STRUCTURAL_MEMBER,Rigid analytical offset from support/column core to the distinct beam-support face incidence; same physical support and level; never merge face incidences by support_id.
M0G-RL-M0G-F-G3-B032-TO,G3,22',M0G-C-G3-22PRIME,M0G-F-G3-B032-TO,G3-B032,TO,Y_NEG,0.0000,-0.2000,0.0000,0.2000,RIGID_JOINT_OFFSET,INF,INF,CURRENT_DERIVED_WITH_PROVENANCE_WATCH,ANALYTICAL_CONSTRAINT_NOT_ORDINARY_STRUCTURAL_MEMBER,Rigid analytical offset from support/column core to the distinct beam-support face incidence; same physical support and level; never merge face incidences by support_id.
M0G-RL-M0G-F-G3-B033-FROM,G3,22',M0G-C-G3-22PRIME,M0G-F-G3-B033-FROM,G3-B033,FROM,Y_POS,-0.0156,0.2000,0.0000,0.2006,RIGID_JOINT_OFFSET,INF,INF,CURRENT_DERIVED_WITH_PROVENANCE_WATCH,ANALYTICAL_CONSTRAINT_NOT_ORDINARY_STRUCTURAL_MEMBER,Rigid analytical offset from support/column core to the distinct beam-support face incidence; same physical support and level; never merge face incidences by support_id.
M0G-RL-M0G-F-G3-B036-FROM,G3,22',M0G-C-G3-22PRIME,M0G-F-G3-B036-FROM,G3-B036,FROM,X_NEG,-0.2000,0.0000,0.0000,0.2000,RIGID_JOINT_OFFSET,INF,INF,CURRENT_DERIVED_WITH_PROVENANCE_WATCH,ANALYTICAL_CONSTRAINT_NOT_ORDINARY_STRUCTURAL_MEMBER,Rigid analytical offset from support/column core to the distinct beam-support face incidence; same physical support and level; never merge face incidences by support_id.
M0G-RL-M0G-F-G3-B025-TO,G3,23,M0G-C-G3-23,M0G-F-G3-B025-TO,G3-B025,TO,X_POS,0.1500,0.0000,0.0000,0.1500,RIGID_JOINT_OFFSET,INF,INF,CURRENT_DERIVED_WITH_PROVENANCE_WATCH,ANALYTICAL_CONSTRAINT_NOT_ORDINARY_STRUCTURAL_MEMBER,Rigid analytical offset from support/column core to the distinct beam-support face incidence; same physical support and level; never merge face incidences by support_id.
M0G-RL-M0G-F-G3-B033-TO,G3,23,M0G-C-G3-23,M0G-F-G3-B033-TO,G3-B033,TO,Y_NEG,0.0429,-0.5500,0.0000,0.5517,RIGID_JOINT_OFFSET,INF,INF,CURRENT_DERIVED_WITH_PROVENANCE_WATCH,ANALYTICAL_CONSTRAINT_NOT_ORDINARY_STRUCTURAL_MEMBER,Rigid analytical offset from support/column core to the distinct beam-support face incidence; same physical support and level; never merge face incidences by support_id.
M0G-RL-M0G-F-G3-B034-FROM,G3,23,M0G-C-G3-23,M0G-F-G3-B034-FROM,G3-B034,FROM,Y_POS,-0.0268,0.5500,0.0000,0.5507,RIGID_JOINT_OFFSET,INF,INF,CURRENT_DERIVED_WITH_PROVENANCE_WATCH,ANALYTICAL_CONSTRAINT_NOT_ORDINARY_STRUCTURAL_MEMBER,Rigid analytical offset from support/column core to the distinct beam-support face incidence; same physical support and level; never merge face incidences by support_id.
M0G-RL-M0G-F-G3-B026-TO,G3,24,M0G-C-G3-24,M0G-F-G3-B026-TO,G3-B026,TO,X_POS,0.2000,0.0000,0.0000,0.2000,RIGID_JOINT_OFFSET,INF,INF,CURRENT_DERIVED_WITH_PROVENANCE_WATCH,ANALYTICAL_CONSTRAINT_NOT_ORDINARY_STRUCTURAL_MEMBER,Rigid analytical offset from support/column core to the distinct beam-support face incidence; same physical support and level; never merge face incidences by support_id.
M0G-RL-M0G-F-G3-B034-TO,G3,24,M0G-C-G3-24,M0G-F-G3-B034-TO,G3-B034,TO,Y_NEG,0.0097,-0.2000,0.0000,0.2002,RIGID_JOINT_OFFSET,INF,INF,CURRENT_DERIVED_WITH_PROVENANCE_WATCH,ANALYTICAL_CONSTRAINT_NOT_ORDINARY_STRUCTURAL_MEMBER,Rigid analytical offset from support/column core to the distinct beam-support face incidence; same physical support and level; never merge face incidences by support_id.
M0G-RL-M0G-F-G3-B030-TO,G3,25,M0G-C-G3-25,M0G-F-G3-B030-TO,G3-B030,TO,X_POS,0.2000,0.0000,0.0000,0.2000,RIGID_JOINT_OFFSET,INF,INF,CURRENT_DERIVED_WITH_PROVENANCE_WATCH,ANALYTICAL_CONSTRAINT_NOT_ORDINARY_STRUCTURAL_MEMBER,Rigid analytical offset from support/column core to the distinct beam-support face incidence; same physical support and level; never merge face incidences by support_id.
M0G-RL-M0G-F-G3-B037-FROM,G3,25,M0G-C-G3-25,M0G-F-G3-B037-FROM,G3-B037,FROM,Y_POS,0.0000,0.2000,0.0000,0.2000,RIGID_JOINT_OFFSET,INF,INF,CURRENT_DERIVED_WITH_PROVENANCE_WATCH,ANALYTICAL_CONSTRAINT_NOT_ORDINARY_STRUCTURAL_MEMBER,Rigid analytical offset from support/column core to the distinct beam-support face incidence; same physical support and level; never merge face incidences by support_id.
M0G-RL-M0G-F-G3-B039-FROM,G3,25,M0G-C-G3-25,M0G-F-G3-B039-FROM,G3-B039,FROM,X_NEG,-0.2000,0.0000,0.0000,0.2000,RIGID_JOINT_OFFSET,INF,INF,CURRENT_DERIVED_WITH_PROVENANCE_WATCH,ANALYTICAL_CONSTRAINT_NOT_ORDINARY_STRUCTURAL_MEMBER,Rigid analytical offset from support/column core to the distinct beam-support face incidence; same physical support and level; never merge face incidences by support_id.
M0G-RL-M0G-F-G3-B035-TO,G3,26,M0G-C-G3-26,M0G-F-G3-B035-TO,G3-B035,TO,X_POS,0.1500,0.0000,0.0000,0.1500,RIGID_JOINT_OFFSET,INF,INF,CURRENT_DERIVED_WITH_PROVENANCE_WATCH,ANALYTICAL_CONSTRAINT_NOT_ORDINARY_STRUCTURAL_MEMBER,Rigid analytical offset from support/column core to the distinct beam-support face incidence; same physical support and level; never merge face incidences by support_id.
M0G-RL-M0G-F-G3-B037-TO,G3,26,M0G-C-G3-26,M0G-F-G3-B037-TO,G3-B037,TO,Y_NEG,0.0000,-0.2500,0.0000,0.2500,RIGID_JOINT_OFFSET,INF,INF,CURRENT_DERIVED_WITH_PROVENANCE_WATCH,ANALYTICAL_CONSTRAINT_NOT_ORDINARY_STRUCTURAL_MEMBER,Rigid analytical offset from support/column core to the distinct beam-support face incidence; same physical support and level; never merge face incidences by support_id.
M0G-RL-M0G-F-G3-B038-FROM,G3,26,M0G-C-G3-26,M0G-F-G3-B038-FROM,G3-B038,FROM,Y_POS,0.0000,0.2500,0.0000,0.2500,RIGID_JOINT_OFFSET,INF,INF,CURRENT_DERIVED_WITH_PROVENANCE_WATCH,ANALYTICAL_CONSTRAINT_NOT_ORDINARY_STRUCTURAL_MEMBER,Rigid analytical offset from support/column core to the distinct beam-support face incidence; same physical support and level; never merge face incidences by support_id.
M0G-RL-M0G-F-G3-B040-FROM,G3,26,M0G-C-G3-26,M0G-F-G3-B040-FROM,G3-B040,FROM,X_NEG,-0.1500,0.0000,0.0000,0.1500,RIGID_JOINT_OFFSET,INF,INF,CURRENT_DERIVED_WITH_PROVENANCE_WATCH,ANALYTICAL_CONSTRAINT_NOT_ORDINARY_STRUCTURAL_MEMBER,Rigid analytical offset from support/column core to the distinct beam-support face incidence; same physical support and level; never merge face incidences by support_id.
M0G-RL-M0G-F-G3-B036-TO,G3,27,M0G-C-G3-27,M0G-F-G3-B036-TO,G3-B036,TO,X_POS,0.2000,0.0000,0.0000,0.2000,RIGID_JOINT_OFFSET,INF,INF,CURRENT_DERIVED_WITH_PROVENANCE_WATCH,ANALYTICAL_CONSTRAINT_NOT_ORDINARY_STRUCTURAL_MEMBER,Rigid analytical offset from support/column core to the distinct beam-support face incidence; same physical support and level; never merge face incidences by support_id.
M0G-RL-M0G-F-G3-B038-TO,G3,27,M0G-C-G3-27,M0G-F-G3-B038-TO,G3-B038,TO,Y_NEG,0.0000,-0.2000,0.0000,0.2000,RIGID_JOINT_OFFSET,INF,INF,CURRENT_DERIVED_WITH_PROVENANCE_WATCH,ANALYTICAL_CONSTRAINT_NOT_ORDINARY_STRUCTURAL_MEMBER,Rigid analytical offset from support/column core to the distinct beam-support face incidence; same physical support and level; never merge face incidences by support_id.
M0G-RL-M0G-F-G3-B041-FROM,G3,27,M0G-C-G3-27,M0G-F-G3-B041-FROM,G3-B041,FROM,X_NEG,-0.2000,0.0263,0.0000,0.2017,RIGID_JOINT_OFFSET,INF,INF,CURRENT_DERIVED_WITH_PROVENANCE_WATCH,ANALYTICAL_CONSTRAINT_NOT_ORDINARY_STRUCTURAL_MEMBER,Rigid analytical offset from support/column core to the distinct beam-support face incidence; same physical support and level; never merge face incidences by support_id.
M0G-RL-M0G-F-G3-B039-TO,G3,28,M0G-C-G3-28,M0G-F-G3-B039-TO,G3-B039,TO,X_POS,0.2000,0.0000,0.0000,0.2000,RIGID_JOINT_OFFSET,INF,INF,CURRENT_DERIVED_WITH_PROVENANCE_WATCH,ANALYTICAL_CONSTRAINT_NOT_ORDINARY_STRUCTURAL_MEMBER,Rigid analytical offset from support/column core to the distinct beam-support face incidence; same physical support and level; never merge face incidences by support_id.
M0G-RL-M0G-F-G3-B042-FROM,G3,28,M0G-C-G3-28,M0G-F-G3-B042-FROM,G3-B042,FROM,Y_POS,0.0000,0.2000,0.0000,0.2000,RIGID_JOINT_OFFSET,INF,INF,CURRENT_DERIVED_WITH_PROVENANCE_WATCH,ANALYTICAL_CONSTRAINT_NOT_ORDINARY_STRUCTURAL_MEMBER,Rigid analytical offset from support/column core to the distinct beam-support face incidence; same physical support and level; never merge face incidences by support_id.
M0G-RL-M0G-F-G3-B044-FROM,G3,28,M0G-C-G3-28,M0G-F-G3-B044-FROM,G3-B044,FROM,X_NEG,-0.2000,0.0000,0.0000,0.2000,RIGID_JOINT_OFFSET,INF,INF,CURRENT_DERIVED_WITH_PROVENANCE_WATCH,ANALYTICAL_CONSTRAINT_NOT_ORDINARY_STRUCTURAL_MEMBER,Rigid analytical offset from support/column core to the distinct beam-support face incidence; same physical support and level; never merge face incidences by support_id.
M0G-RL-M0G-F-G3-B040-TO,G3,29,M0G-C-G3-29,M0G-F-G3-B040-TO,G3-B040,TO,X_POS,0.1500,0.0000,0.0000,0.1500,RIGID_JOINT_OFFSET,INF,INF,CURRENT_DERIVED_WITH_PROVENANCE_WATCH,ANALYTICAL_CONSTRAINT_NOT_ORDINARY_STRUCTURAL_MEMBER,Rigid analytical offset from support/column core to the distinct beam-support face incidence; same physical support and level; never merge face incidences by support_id.
M0G-RL-M0G-F-G3-B042-TO,G3,29,M0G-C-G3-29,M0G-F-G3-B042-TO,G3-B042,TO,Y_NEG,0.0000,-0.2500,0.0000,0.2500,RIGID_JOINT_OFFSET,INF,INF,CURRENT_DERIVED_WITH_PROVENANCE_WATCH,ANALYTICAL_CONSTRAINT_NOT_ORDINARY_STRUCTURAL_MEMBER,Rigid analytical offset from support/column core to the distinct beam-support face incidence; same physical support and level; never merge face incidences by support_id.
M0G-RL-M0G-F-G3-B043-FROM,G3,29,M0G-C-G3-29,M0G-F-G3-B043-FROM,G3-B043,FROM,Y_POS,0.0000,0.2500,0.0000,0.2500,RIGID_JOINT_OFFSET,INF,INF,CURRENT_DERIVED_WITH_PROVENANCE_WATCH,ANALYTICAL_CONSTRAINT_NOT_ORDINARY_STRUCTURAL_MEMBER,Rigid analytical offset from support/column core to the distinct beam-support face incidence; same physical support and level; never merge face incidences by support_id.
M0G-RL-M0G-F-G3-B045-FROM,G3,29,M0G-C-G3-29,M0G-F-G3-B045-FROM,G3-B045,FROM,X_NEG,-0.1500,0.0000,0.0000,0.1500,RIGID_JOINT_OFFSET,INF,INF,CURRENT_DERIVED_WITH_PROVENANCE_WATCH,ANALYTICAL_CONSTRAINT_NOT_ORDINARY_STRUCTURAL_MEMBER,Rigid analytical offset from support/column core to the distinct beam-support face incidence; same physical support and level; never merge face incidences by support_id.
M0G-RL-M0G-F-G3-B002-TO,G3,3,M0G-C-G3-3,M0G-F-G3-B002-TO,G3-B002,TO,Y_NEG,0.0000,-0.2000,0.0000,0.2000,RIGID_JOINT_OFFSET,INF,INF,CURRENT_DERIVED_WITH_PROVENANCE_WATCH,ANALYTICAL_CONSTRAINT_NOT_ORDINARY_STRUCTURAL_MEMBER,Rigid analytical offset from support/column core to the distinct beam-support face incidence; same physical support and level; never merge face incidences by support_id.
M0G-RL-M0G-F-G3-B003-FROM,G3,3,M0G-C-G3-3,M0G-F-G3-B003-FROM,G3-B003,FROM,Y_POS,0.0000,0.2000,0.0000,0.2000,RIGID_JOINT_OFFSET,INF,INF,CURRENT_DERIVED_WITH_PROVENANCE_WATCH,ANALYTICAL_CONSTRAINT_NOT_ORDINARY_STRUCTURAL_MEMBER,Rigid analytical offset from support/column core to the distinct beam-support face incidence; same physical support and level; never merge face incidences by support_id.
M0G-RL-M0G-F-G3-B010-FROM,G3,3,M0G-C-G3-3,M0G-F-G3-B010-FROM,G3-B010,FROM,X_NEG,-0.2000,0.0000,0.0000,0.2000,RIGID_JOINT_OFFSET,INF,INF,CURRENT_DERIVED_WITH_PROVENANCE_WATCH,ANALYTICAL_CONSTRAINT_NOT_ORDINARY_STRUCTURAL_MEMBER,Rigid analytical offset from support/column core to the distinct beam-support face incidence; same physical support and level; never merge face incidences by support_id.
M0G-RL-M0G-F-G3-B041-TO,G3,30,M0G-C-G3-30,M0G-F-G3-B041-TO,G3-B041,TO,X_POS,0.5500,-0.0723,0.0000,0.5547,RIGID_JOINT_OFFSET,INF,INF,CURRENT_DERIVED_WITH_PROVENANCE_WATCH,ANALYTICAL_CONSTRAINT_NOT_ORDINARY_STRUCTURAL_MEMBER,Rigid analytical offset from support/column core to the distinct beam-support face incidence; same physical support and level; never merge face incidences by support_id.
M0G-RL-M0G-F-G3-B043-TO,G3,30,M0G-C-G3-30,M0G-F-G3-B043-TO,G3-B043,TO,Y_NEG,0.0000,-0.1500,0.0000,0.1500,RIGID_JOINT_OFFSET,INF,INF,CURRENT_DERIVED_WITH_PROVENANCE_WATCH,ANALYTICAL_CONSTRAINT_NOT_ORDINARY_STRUCTURAL_MEMBER,Rigid analytical offset from support/column core to the distinct beam-support face incidence; same physical support and level; never merge face incidences by support_id.
M0G-RL-M0G-F-G3-B046-FROM,G3,30,M0G-C-G3-30,M0G-F-G3-B046-FROM,G3-B046,FROM,X_NEG,-0.5500,0.0488,0.0000,0.5522,RIGID_JOINT_OFFSET,INF,INF,CURRENT_DERIVED_WITH_PROVENANCE_WATCH,ANALYTICAL_CONSTRAINT_NOT_ORDINARY_STRUCTURAL_MEMBER,Rigid analytical offset from support/column core to the distinct beam-support face incidence; same physical support and level; never merge face incidences by support_id.
M0G-RL-M0G-F-G3-B044-TO,G3,31,M0G-C-G3-31,M0G-F-G3-B044-TO,G3-B044,TO,X_POS,0.2000,0.0000,0.0000,0.2000,RIGID_JOINT_OFFSET,INF,INF,CURRENT_DERIVED_WITH_PROVENANCE_WATCH,ANALYTICAL_CONSTRAINT_NOT_ORDINARY_STRUCTURAL_MEMBER,Rigid analytical offset from support/column core to the distinct beam-support face incidence; same physical support and level; never merge face incidences by support_id.
M0G-RL-M0G-F-G3-B047-FROM,G3,31,M0G-C-G3-31,M0G-F-G3-B047-FROM,G3-B047,FROM,Y_POS,0.0000,0.2000,0.0000,0.2000,RIGID_JOINT_OFFSET,INF,INF,CURRENT_DERIVED_WITH_PROVENANCE_WATCH,ANALYTICAL_CONSTRAINT_NOT_ORDINARY_STRUCTURAL_MEMBER,Rigid analytical offset from support/column core to the distinct beam-support face incidence; same physical support and level; never merge face incidences by support_id.
M0G-RL-M0G-F-G3-B045-TO,G3,32,M0G-C-G3-32,M0G-F-G3-B045-TO,G3-B045,TO,X_POS,0.2000,0.0000,0.0000,0.2000,RIGID_JOINT_OFFSET,INF,INF,CURRENT_DERIVED_WITH_PROVENANCE_WATCH,ANALYTICAL_CONSTRAINT_NOT_ORDINARY_STRUCTURAL_MEMBER,Rigid analytical offset from support/column core to the distinct beam-support face incidence; same physical support and level; never merge face incidences by support_id.
M0G-RL-M0G-F-G3-B047-TO,G3,32,M0G-C-G3-32,M0G-F-G3-B047-TO,G3-B047,TO,Y_NEG,0.0000,-0.2000,0.0000,0.2000,RIGID_JOINT_OFFSET,INF,INF,CURRENT_DERIVED_WITH_PROVENANCE_WATCH,ANALYTICAL_CONSTRAINT_NOT_ORDINARY_STRUCTURAL_MEMBER,Rigid analytical offset from support/column core to the distinct beam-support face incidence; same physical support and level; never merge face incidences by support_id.
M0G-RL-M0G-F-G3-B048-FROM,G3,32,M0G-C-G3-32,M0G-F-G3-B048-FROM,G3-B048,FROM,Y_POS,0.0000,0.2000,0.0000,0.2000,RIGID_JOINT_OFFSET,INF,INF,CURRENT_DERIVED_WITH_PROVENANCE_WATCH,ANALYTICAL_CONSTRAINT_NOT_ORDINARY_STRUCTURAL_MEMBER,Rigid analytical offset from support/column core to the distinct beam-support face incidence; same physical support and level; never merge face incidences by support_id.
M0G-RL-M0G-F-G3-B046-TO,G3,33,M0G-C-G3-33,M0G-F-G3-B046-TO,G3-B046,TO,X_POS,0.2000,-0.0177,0.0000,0.2008,RIGID_JOINT_OFFSET,INF,INF,CURRENT_DERIVED_WITH_PROVENANCE_WATCH,ANALYTICAL_CONSTRAINT_NOT_ORDINARY_STRUCTURAL_MEMBER,Rigid analytical offset from support/column core to the distinct beam-support face incidence; same physical support and level; never merge face incidences by support_id.
M0G-RL-M0G-F-G3-B048-TO,G3,33,M0G-C-G3-33,M0G-F-G3-B048-TO,G3-B048,TO,Y_NEG,0.0000,-0.2000,0.0000,0.2000,RIGID_JOINT_OFFSET,INF,INF,CURRENT_DERIVED_WITH_PROVENANCE_WATCH,ANALYTICAL_CONSTRAINT_NOT_ORDINARY_STRUCTURAL_MEMBER,Rigid analytical offset from support/column core to the distinct beam-support face incidence; same physical support and level; never merge face incidences by support_id.
M0G-RL-M0G-F-G3-B003-TO,G3,4,M0G-C-G3-4,M0G-F-G3-B003-TO,G3-B003,TO,Y_NEG,0.0000,-0.2000,0.0000,0.2000,RIGID_JOINT_OFFSET,INF,INF,CURRENT_DERIVED_WITH_PROVENANCE_WATCH,ANALYTICAL_CONSTRAINT_NOT_ORDINARY_STRUCTURAL_MEMBER,Rigid analytical offset from support/column core to the distinct beam-support face incidence; same physical support and level; never merge face incidences by support_id.
M0G-RL-M0G-F-G3-B004-FROM,G3,4,M0G-C-G3-4,M0G-F-G3-B004-FROM,G3-B004,FROM,X_NEG,-0.2000,0.0000,0.0000,0.2000,RIGID_JOINT_OFFSET,INF,INF,CURRENT_DERIVED_WITH_PROVENANCE_WATCH,ANALYTICAL_CONSTRAINT_NOT_ORDINARY_STRUCTURAL_MEMBER,Rigid analytical offset from support/column core to the distinct beam-support face incidence; same physical support and level; never merge face incidences by support_id.
M0G-RL-M0G-F-G3-B004-TO,G3,5,M0G-C-G3-5,M0G-F-G3-B004-TO,G3-B004,TO,X_POS,0.2000,0.0000,0.0000,0.2000,RIGID_JOINT_OFFSET,INF,INF,CURRENT_DERIVED_WITH_PROVENANCE_WATCH,ANALYTICAL_CONSTRAINT_NOT_ORDINARY_STRUCTURAL_MEMBER,Rigid analytical offset from support/column core to the distinct beam-support face incidence; same physical support and level; never merge face incidences by support_id.
M0G-RL-M0G-F-G3-B005-FROM,G3,5,M0G-C-G3-5,M0G-F-G3-B005-FROM,G3-B005,FROM,Y_POS,0.0000,0.2000,0.0000,0.2000,RIGID_JOINT_OFFSET,INF,INF,CURRENT_DERIVED_WITH_PROVENANCE_WATCH,ANALYTICAL_CONSTRAINT_NOT_ORDINARY_STRUCTURAL_MEMBER,Rigid analytical offset from support/column core to the distinct beam-support face incidence; same physical support and level; never merge face incidences by support_id.
M0G-RL-M0G-F-G3-B005-TO,G3,6,M0G-C-G3-6,M0G-F-G3-B005-TO,G3-B005,TO,Y_NEG,0.0000,-0.2000,0.0000,0.2000,RIGID_JOINT_OFFSET,INF,INF,CURRENT_DERIVED_WITH_PROVENANCE_WATCH,ANALYTICAL_CONSTRAINT_NOT_ORDINARY_STRUCTURAL_MEMBER,Rigid analytical offset from support/column core to the distinct beam-support face incidence; same physical support and level; never merge face incidences by support_id.
M0G-RL-M0G-F-G3-B006-FROM,G3,6,M0G-C-G3-6,M0G-F-G3-B006-FROM,G3-B006,FROM,Y_POS,0.0000,0.2000,0.0000,0.2000,RIGID_JOINT_OFFSET,INF,INF,CURRENT_DERIVED_WITH_PROVENANCE_WATCH,ANALYTICAL_CONSTRAINT_NOT_ORDINARY_STRUCTURAL_MEMBER,Rigid analytical offset from support/column core to the distinct beam-support face incidence; same physical support and level; never merge face incidences by support_id.
M0G-RL-M0G-F-G3-B011-FROM,G3,6,M0G-C-G3-6,M0G-F-G3-B011-FROM,G3-B011,FROM,X_NEG,-0.2000,0.0000,0.0000,0.2000,RIGID_JOINT_OFFSET,INF,INF,CURRENT_DERIVED_WITH_PROVENANCE_WATCH,ANALYTICAL_CONSTRAINT_NOT_ORDINARY_STRUCTURAL_MEMBER,Rigid analytical offset from support/column core to the distinct beam-support face incidence; same physical support and level; never merge face incidences by support_id.
M0G-RL-M0G-F-G3-B006-TO,G3,7,M0G-C-G3-7,M0G-F-G3-B006-TO,G3-B006,TO,Y_NEG,0.0000,-0.2000,0.0000,0.2000,RIGID_JOINT_OFFSET,INF,INF,CURRENT_DERIVED_WITH_PROVENANCE_WATCH,ANALYTICAL_CONSTRAINT_NOT_ORDINARY_STRUCTURAL_MEMBER,Rigid analytical offset from support/column core to the distinct beam-support face incidence; same physical support and level; never merge face incidences by support_id.
M0G-RL-M0G-F-G3-B007-FROM,G3,7,M0G-C-G3-7,M0G-F-G3-B007-FROM,G3-B007,FROM,Y_POS,0.0000,0.2000,0.0000,0.2000,RIGID_JOINT_OFFSET,INF,INF,CURRENT_DERIVED_WITH_PROVENANCE_WATCH,ANALYTICAL_CONSTRAINT_NOT_ORDINARY_STRUCTURAL_MEMBER,Rigid analytical offset from support/column core to the distinct beam-support face incidence; same physical support and level; never merge face incidences by support_id.
M0G-RL-M0G-F-G3-B012-FROM,G3,7,M0G-C-G3-7,M0G-F-G3-B012-FROM,G3-B012,FROM,X_NEG,-0.2000,0.0000,0.0000,0.2000,RIGID_JOINT_OFFSET,INF,INF,CURRENT_DERIVED_WITH_PROVENANCE_WATCH,ANALYTICAL_CONSTRAINT_NOT_ORDINARY_STRUCTURAL_MEMBER,Rigid analytical offset from support/column core to the distinct beam-support face incidence; same physical support and level; never merge face incidences by support_id.
M0G-RL-M0G-F-G3-B007-TO,G3,8,M0G-C-G3-8,M0G-F-G3-B007-TO,G3-B007,TO,Y_NEG,0.0000,-0.2000,0.0000,0.2000,RIGID_JOINT_OFFSET,INF,INF,CURRENT_DERIVED_WITH_PROVENANCE_WATCH,ANALYTICAL_CONSTRAINT_NOT_ORDINARY_STRUCTURAL_MEMBER,Rigid analytical offset from support/column core to the distinct beam-support face incidence; same physical support and level; never merge face incidences by support_id.
M0G-RL-M0G-F-G3-B013-FROM,G3,8,M0G-C-G3-8,M0G-F-G3-B013-FROM,G3-B013,FROM,X_NEG,-0.2000,0.0000,0.0000,0.2000,RIGID_JOINT_OFFSET,INF,INF,CURRENT_DERIVED_WITH_PROVENANCE_WATCH,ANALYTICAL_CONSTRAINT_NOT_ORDINARY_STRUCTURAL_MEMBER,Rigid analytical offset from support/column core to the distinct beam-support face incidence; same physical support and level; never merge face incidences by support_id.
M0G-RL-M0G-F-G3-B008-TO,G3,9,M0G-C-G3-9,M0G-F-G3-B008-TO,G3-B008,TO,X_POS,0.2000,0.0000,0.0000,0.2000,RIGID_JOINT_OFFSET,INF,INF,CURRENT_DERIVED_WITH_PROVENANCE_WATCH,ANALYTICAL_CONSTRAINT_NOT_ORDINARY_STRUCTURAL_MEMBER,Rigid analytical offset from support/column core to the distinct beam-support face incidence; same physical support and level; never merge face incidences by support_id.
M0G-RL-M0G-F-G3-B014-FROM,G3,9,M0G-C-G3-9,M0G-F-G3-B014-FROM,G3-B014,FROM,Y_POS,0.0000,0.2000,0.0000,0.2000,RIGID_JOINT_OFFSET,INF,INF,CURRENT_DERIVED_WITH_PROVENANCE_WATCH,ANALYTICAL_CONSTRAINT_NOT_ORDINARY_STRUCTURAL_MEMBER,Rigid analytical offset from support/column core to the distinct beam-support face incidence; same physical support and level; never merge face incidences by support_id.
M0G-RL-M0G-F-G3-B022-FROM,G3,9,M0G-C-G3-9,M0G-F-G3-B022-FROM,G3-B022,FROM,X_NEG,-0.2000,0.0000,0.0000,0.2000,RIGID_JOINT_OFFSET,INF,INF,CURRENT_DERIVED_WITH_PROVENANCE_WATCH,ANALYTICAL_CONSTRAINT_NOT_ORDINARY_STRUCTURAL_MEMBER,Rigid analytical offset from support/column core to the distinct beam-support face incidence; same physical support and level; never merge face incidences by support_id.
M0G-RL-M0G-F-G4-B001-FROM,G4,1,M0G-C-G4-1,M0G-F-G4-B001-FROM,G4-B001,FROM,Y_POS,0.0000,0.2000,0.0000,0.2000,RIGID_JOINT_OFFSET,INF,INF,CURRENT_DERIVED_WITH_PROVENANCE_WATCH,ANALYTICAL_CONSTRAINT_NOT_ORDINARY_STRUCTURAL_MEMBER,Rigid analytical offset from support/column core to the distinct beam-support face incidence; same physical support and level; never merge face incidences by support_id.
M0G-RL-M0G-F-G4-B008-FROM,G4,1,M0G-C-G4-1,M0G-F-G4-B008-FROM,G4-B008,FROM,X_NEG,-0.2000,0.0000,0.0000,0.2000,RIGID_JOINT_OFFSET,INF,INF,CURRENT_DERIVED_WITH_PROVENANCE_WATCH,ANALYTICAL_CONSTRAINT_NOT_ORDINARY_STRUCTURAL_MEMBER,Rigid analytical offset from support/column core to the distinct beam-support face incidence; same physical support and level; never merge face incidences by support_id.
M0G-RL-M0G-F-G4-B009-TO,G4,10,M0G-C-G4-10,M0G-F-G4-B009-TO,G4-B009,TO,X_POS,0.2250,0.0000,0.0000,0.2250,RIGID_JOINT_OFFSET,INF,INF,CURRENT_DERIVED_WITH_PROVENANCE_WATCH,ANALYTICAL_CONSTRAINT_NOT_ORDINARY_STRUCTURAL_MEMBER,Rigid analytical offset from support/column core to the distinct beam-support face incidence; same physical support and level; never merge face incidences by support_id.
M0G-RL-M0G-F-G4-B014-TO,G4,10,M0G-C-G4-10,M0G-F-G4-B014-TO,G4-B014,TO,Y_NEG,0.0000,-0.1500,0.0000,0.1500,RIGID_JOINT_OFFSET,INF,INF,CURRENT_DERIVED_WITH_PROVENANCE_WATCH,ANALYTICAL_CONSTRAINT_NOT_ORDINARY_STRUCTURAL_MEMBER,Rigid analytical offset from support/column core to the distinct beam-support face incidence; same physical support and level; never merge face incidences by support_id.
M0G-RL-M0G-F-G4-B015-FROM,G4,10,M0G-C-G4-10,M0G-F-G4-B015-FROM,G4-B015,FROM,Y_POS,0.0000,0.1500,0.0000,0.1500,RIGID_JOINT_OFFSET,INF,INF,CURRENT_DERIVED_WITH_PROVENANCE_WATCH,ANALYTICAL_CONSTRAINT_NOT_ORDINARY_STRUCTURAL_MEMBER,Rigid analytical offset from support/column core to the distinct beam-support face incidence; same physical support and level; never merge face incidences by support_id.
M0G-RL-M0G-F-G4-B021-FROM,G4,10,M0G-C-G4-10,M0G-F-G4-B021-FROM,G4-B021,FROM,X_NEG,-0.2250,0.0000,0.0000,0.2250,RIGID_JOINT_OFFSET,INF,INF,CURRENT_DERIVED_WITH_PROVENANCE_WATCH,ANALYTICAL_CONSTRAINT_NOT_ORDINARY_STRUCTURAL_MEMBER,Rigid analytical offset from support/column core to the distinct beam-support face incidence; same physical support and level; never merge face incidences by support_id.
M0G-RL-M0G-F-G4-B010-TO,G4,11,M0G-C-G4-11,M0G-F-G4-B010-TO,G4-B010,TO,X_POS,0.2250,0.0000,0.0000,0.2250,RIGID_JOINT_OFFSET,INF,INF,CURRENT_DERIVED_WITH_PROVENANCE_WATCH,ANALYTICAL_CONSTRAINT_NOT_ORDINARY_STRUCTURAL_MEMBER,Rigid analytical offset from support/column core to the distinct beam-support face incidence; same physical support and level; never merge face incidences by support_id.
M0G-RL-M0G-F-G4-B015-TO,G4,11,M0G-C-G4-11,M0G-F-G4-B015-TO,G4-B015,TO,Y_NEG,0.0000,-0.1500,0.0000,0.1500,RIGID_JOINT_OFFSET,INF,INF,CURRENT_DERIVED_WITH_PROVENANCE_WATCH,ANALYTICAL_CONSTRAINT_NOT_ORDINARY_STRUCTURAL_MEMBER,Rigid analytical offset from support/column core to the distinct beam-support face incidence; same physical support and level; never merge face incidences by support_id.
M0G-RL-M0G-F-G4-B016-FROM,G4,11,M0G-C-G4-11,M0G-F-G4-B016-FROM,G4-B016,FROM,Y_POS,0.0000,0.1500,0.0000,0.1500,RIGID_JOINT_OFFSET,INF,INF,CURRENT_DERIVED_WITH_PROVENANCE_WATCH,ANALYTICAL_CONSTRAINT_NOT_ORDINARY_STRUCTURAL_MEMBER,Rigid analytical offset from support/column core to the distinct beam-support face incidence; same physical support and level; never merge face incidences by support_id.
M0G-RL-M0G-F-G4-B020-FROM,G4,11,M0G-C-G4-11,M0G-F-G4-B020-FROM,G4-B020,FROM,X_NEG,-0.2250,0.0000,0.0000,0.2250,RIGID_JOINT_OFFSET,INF,INF,CURRENT_DERIVED_WITH_PROVENANCE_WATCH,ANALYTICAL_CONSTRAINT_NOT_ORDINARY_STRUCTURAL_MEMBER,Rigid analytical offset from support/column core to the distinct beam-support face incidence; same physical support and level; never merge face incidences by support_id.
M0G-RL-M0G-F-G4-B016-TO,G4,12,M0G-C-G4-12,M0G-F-G4-B016-TO,G4-B016,TO,Y_NEG,0.0000,-0.2250,0.0000,0.2250,RIGID_JOINT_OFFSET,INF,INF,CURRENT_DERIVED_WITH_PROVENANCE_WATCH,ANALYTICAL_CONSTRAINT_NOT_ORDINARY_STRUCTURAL_MEMBER,Rigid analytical offset from support/column core to the distinct beam-support face incidence; same physical support and level; never merge face incidences by support_id.
M0G-RL-M0G-F-G4-B017-FROM,G4,13,M0G-C-G4-13,M0G-F-G4-B017-FROM,G4-B017,FROM,Y_POS,0.0000,0.1500,0.0000,0.1500,RIGID_JOINT_OFFSET,INF,INF,CURRENT_DERIVED_WITH_PROVENANCE_WATCH,ANALYTICAL_CONSTRAINT_NOT_ORDINARY_STRUCTURAL_MEMBER,Rigid analytical offset from support/column core to the distinct beam-support face incidence; same physical support and level; never merge face incidences by support_id.
M0G-RL-M0G-F-G4-B023-FROM,G4,13,M0G-C-G4-13,M0G-F-G4-B023-FROM,G4-B023,FROM,X_NEG,-0.2250,0.0000,0.0000,0.2250,RIGID_JOINT_OFFSET,INF,INF,CURRENT_DERIVED_WITH_PROVENANCE_WATCH,ANALYTICAL_CONSTRAINT_NOT_ORDINARY_STRUCTURAL_MEMBER,Rigid analytical offset from support/column core to the distinct beam-support face incidence; same physical support and level; never merge face incidences by support_id.
M0G-RL-M0G-F-G4-B011-TO,G4,14,M0G-C-G4-14,M0G-F-G4-B011-TO,G4-B011,TO,X_POS,0.2250,0.0000,0.0000,0.2250,RIGID_JOINT_OFFSET,INF,INF,CURRENT_DERIVED_WITH_PROVENANCE_WATCH,ANALYTICAL_CONSTRAINT_NOT_ORDINARY_STRUCTURAL_MEMBER,Rigid analytical offset from support/column core to the distinct beam-support face incidence; same physical support and level; never merge face incidences by support_id.
M0G-RL-M0G-F-G4-B017-TO,G4,14,M0G-C-G4-14,M0G-F-G4-B017-TO,G4-B017,TO,Y_NEG,0.0000,-0.1500,0.0000,0.1500,RIGID_JOINT_OFFSET,INF,INF,CURRENT_DERIVED_WITH_PROVENANCE_WATCH,ANALYTICAL_CONSTRAINT_NOT_ORDINARY_STRUCTURAL_MEMBER,Rigid analytical offset from support/column core to the distinct beam-support face incidence; same physical support and level; never merge face incidences by support_id.
M0G-RL-M0G-F-G4-B018-FROM,G4,14,M0G-C-G4-14,M0G-F-G4-B018-FROM,G4-B018,FROM,Y_POS,0.0000,0.1500,0.0000,0.1500,RIGID_JOINT_OFFSET,INF,INF,CURRENT_DERIVED_WITH_PROVENANCE_WATCH,ANALYTICAL_CONSTRAINT_NOT_ORDINARY_STRUCTURAL_MEMBER,Rigid analytical offset from support/column core to the distinct beam-support face incidence; same physical support and level; never merge face incidences by support_id.
M0G-RL-M0G-F-G4-B024-FROM,G4,14,M0G-C-G4-14,M0G-F-G4-B024-FROM,G4-B024,FROM,X_NEG,-0.2250,0.0000,0.0000,0.2250,RIGID_JOINT_OFFSET,INF,INF,CURRENT_DERIVED_WITH_PROVENANCE_WATCH,ANALYTICAL_CONSTRAINT_NOT_ORDINARY_STRUCTURAL_MEMBER,Rigid analytical offset from support/column core to the distinct beam-support face incidence; same physical support and level; never merge face incidences by support_id.
M0G-RL-M0G-F-G4-B012-TO,G4,15,M0G-C-G4-15,M0G-F-G4-B012-TO,G4-B012,TO,X_POS,0.2250,0.0000,0.0000,0.2250,RIGID_JOINT_OFFSET,INF,INF,CURRENT_DERIVED_WITH_PROVENANCE_WATCH,ANALYTICAL_CONSTRAINT_NOT_ORDINARY_STRUCTURAL_MEMBER,Rigid analytical offset from support/column core to the distinct beam-support face incidence; same physical support and level; never merge face incidences by support_id.
M0G-RL-M0G-F-G4-B018-TO,G4,15,M0G-C-G4-15,M0G-F-G4-B018-TO,G4-B018,TO,Y_NEG,0.0000,-0.1500,0.0000,0.1500,RIGID_JOINT_OFFSET,INF,INF,CURRENT_DERIVED_WITH_PROVENANCE_WATCH,ANALYTICAL_CONSTRAINT_NOT_ORDINARY_STRUCTURAL_MEMBER,Rigid analytical offset from support/column core to the distinct beam-support face incidence; same physical support and level; never merge face incidences by support_id.
M0G-RL-M0G-F-G4-B019-FROM,G4,15,M0G-C-G4-15,M0G-F-G4-B019-FROM,G4-B019,FROM,Y_POS,0.0000,0.1500,0.0000,0.1500,RIGID_JOINT_OFFSET,INF,INF,CURRENT_DERIVED_WITH_PROVENANCE_WATCH,ANALYTICAL_CONSTRAINT_NOT_ORDINARY_STRUCTURAL_MEMBER,Rigid analytical offset from support/column core to the distinct beam-support face incidence; same physical support and level; never merge face incidences by support_id.
M0G-RL-M0G-F-G4-B025-FROM,G4,15,M0G-C-G4-15,M0G-F-G4-B025-FROM,G4-B025,FROM,X_NEG,-0.2250,0.0000,0.0000,0.2250,RIGID_JOINT_OFFSET,INF,INF,CURRENT_DERIVED_WITH_PROVENANCE_WATCH,ANALYTICAL_CONSTRAINT_NOT_ORDINARY_STRUCTURAL_MEMBER,Rigid analytical offset from support/column core to the distinct beam-support face incidence; same physical support and level; never merge face incidences by support_id.
M0G-RL-M0G-F-G4-B013-TO,G4,16,M0G-C-G4-16,M0G-F-G4-B013-TO,G4-B013,TO,X_POS,0.2000,0.0000,0.0000,0.2000,RIGID_JOINT_OFFSET,INF,INF,CURRENT_DERIVED_WITH_PROVENANCE_WATCH,ANALYTICAL_CONSTRAINT_NOT_ORDINARY_STRUCTURAL_MEMBER,Rigid analytical offset from support/column core to the distinct beam-support face incidence; same physical support and level; never merge face incidences by support_id.
M0G-RL-M0G-F-G4-B019-TO,G4,16,M0G-C-G4-16,M0G-F-G4-B019-TO,G4-B019,TO,Y_NEG,0.0000,-0.2000,0.0000,0.2000,RIGID_JOINT_OFFSET,INF,INF,CURRENT_DERIVED_WITH_PROVENANCE_WATCH,ANALYTICAL_CONSTRAINT_NOT_ORDINARY_STRUCTURAL_MEMBER,Rigid analytical offset from support/column core to the distinct beam-support face incidence; same physical support and level; never merge face incidences by support_id.
M0G-RL-M0G-F-G4-B026-FROM,G4,16,M0G-C-G4-16,M0G-F-G4-B026-FROM,G4-B026,FROM,X_NEG,-0.2000,0.0000,0.0000,0.2000,RIGID_JOINT_OFFSET,INF,INF,CURRENT_DERIVED_WITH_PROVENANCE_WATCH,ANALYTICAL_CONSTRAINT_NOT_ORDINARY_STRUCTURAL_MEMBER,Rigid analytical offset from support/column core to the distinct beam-support face incidence; same physical support and level; never merge face incidences by support_id.
M0G-RL-M0G-F-G4-B022-TO,G4,17,M0G-C-G4-17,M0G-F-G4-B022-TO,G4-B022,TO,X_POS,0.2000,0.0000,0.0000,0.2000,RIGID_JOINT_OFFSET,INF,INF,CURRENT_DERIVED_WITH_PROVENANCE_WATCH,ANALYTICAL_CONSTRAINT_NOT_ORDINARY_STRUCTURAL_MEMBER,Rigid analytical offset from support/column core to the distinct beam-support face incidence; same physical support and level; never merge face incidences by support_id.
M0G-RL-M0G-F-G4-B029-FROM,G4,17,M0G-C-G4-17,M0G-F-G4-B029-FROM,G4-B029,FROM,Y_POS,0.0138,0.2000,0.0000,0.2005,RIGID_JOINT_OFFSET,INF,INF,CURRENT_DERIVED_WITH_PROVENANCE_WATCH,ANALYTICAL_CONSTRAINT_NOT_ORDINARY_STRUCTURAL_MEMBER,Rigid analytical offset from support/column core to the distinct beam-support face incidence; same physical support and level; never merge face incidences by support_id.
M0G-RL-M0G-F-G4-B021-TO,G4,18,M0G-C-G4-18,M0G-F-G4-B021-TO,G4-B021,TO,X_POS,0.1500,0.0000,0.0000,0.1500,RIGID_JOINT_OFFSET,INF,INF,CURRENT_DERIVED_WITH_PROVENANCE_WATCH,ANALYTICAL_CONSTRAINT_NOT_ORDINARY_STRUCTURAL_MEMBER,Rigid analytical offset from support/column core to the distinct beam-support face incidence; same physical support and level; never merge face incidences by support_id.
M0G-RL-M0G-F-G4-B028-FROM,G4,18,M0G-C-G4-18,M0G-F-G4-B028-FROM,G4-B028,FROM,Y_POS,0.0528,0.5500,0.0000,0.5525,RIGID_JOINT_OFFSET,INF,INF,CURRENT_DERIVED_WITH_PROVENANCE_WATCH,ANALYTICAL_CONSTRAINT_NOT_ORDINARY_STRUCTURAL_MEMBER,Rigid analytical offset from support/column core to the distinct beam-support face incidence; same physical support and level; never merge face incidences by support_id.
M0G-RL-M0G-F-G4-B029-TO,G4,18,M0G-C-G4-18,M0G-F-G4-B029-TO,G4-B029,TO,Y_NEG,-0.0379,-0.5500,0.0000,0.5513,RIGID_JOINT_OFFSET,INF,INF,CURRENT_DERIVED_WITH_PROVENANCE_WATCH,ANALYTICAL_CONSTRAINT_NOT_ORDINARY_STRUCTURAL_MEMBER,Rigid analytical offset from support/column core to the distinct beam-support face incidence; same physical support and level; never merge face incidences by support_id.
M0G-RL-M0G-F-G4-B027-FROM,G4,19,M0G-C-G4-19,M0G-F-G4-B027-FROM,G4-B027,FROM,Y_POS,0.0000,0.2000,0.0000,0.2000,RIGID_JOINT_OFFSET,INF,INF,CURRENT_DERIVED_WITH_PROVENANCE_WATCH,ANALYTICAL_CONSTRAINT_NOT_ORDINARY_STRUCTURAL_MEMBER,Rigid analytical offset from support/column core to the distinct beam-support face incidence; same physical support and level; never merge face incidences by support_id.
M0G-RL-M0G-F-G4-B028-TO,G4,19,M0G-C-G4-19,M0G-F-G4-B028-TO,G4-B028,TO,Y_NEG,-0.0192,-0.2000,0.0000,0.2009,RIGID_JOINT_OFFSET,INF,INF,CURRENT_DERIVED_WITH_PROVENANCE_WATCH,ANALYTICAL_CONSTRAINT_NOT_ORDINARY_STRUCTURAL_MEMBER,Rigid analytical offset from support/column core to the distinct beam-support face incidence; same physical support and level; never merge face incidences by support_id.
M0G-RL-M0G-F-G4-B030-FROM,G4,19,M0G-C-G4-19,M0G-F-G4-B030-FROM,G4-B030,FROM,X_NEG,-0.2000,0.0000,0.0000,0.2000,RIGID_JOINT_OFFSET,INF,INF,CURRENT_DERIVED_WITH_PROVENANCE_WATCH,ANALYTICAL_CONSTRAINT_NOT_ORDINARY_STRUCTURAL_MEMBER,Rigid analytical offset from support/column core to the distinct beam-support face incidence; same physical support and level; never merge face incidences by support_id.
M0G-RL-M0G-F-G4-B001-TO,G4,2,M0G-C-G4-2,M0G-F-G4-B001-TO,G4-B001,TO,Y_NEG,0.0000,-0.2000,0.0000,0.2000,RIGID_JOINT_OFFSET,INF,INF,CURRENT_DERIVED_WITH_PROVENANCE_WATCH,ANALYTICAL_CONSTRAINT_NOT_ORDINARY_STRUCTURAL_MEMBER,Rigid analytical offset from support/column core to the distinct beam-support face incidence; same physical support and level; never merge face incidences by support_id.
M0G-RL-M0G-F-G4-B002-FROM,G4,2,M0G-C-G4-2,M0G-F-G4-B002-FROM,G4-B002,FROM,Y_POS,0.0000,0.2000,0.0000,0.2000,RIGID_JOINT_OFFSET,INF,INF,CURRENT_DERIVED_WITH_PROVENANCE_WATCH,ANALYTICAL_CONSTRAINT_NOT_ORDINARY_STRUCTURAL_MEMBER,Rigid analytical offset from support/column core to the distinct beam-support face incidence; same physical support and level; never merge face incidences by support_id.
M0G-RL-M0G-F-G4-B009-FROM,G4,2,M0G-C-G4-2,M0G-F-G4-B009-FROM,G4-B009,FROM,X_NEG,-0.2000,0.0000,0.0000,0.2000,RIGID_JOINT_OFFSET,INF,INF,CURRENT_DERIVED_WITH_PROVENANCE_WATCH,ANALYTICAL_CONSTRAINT_NOT_ORDINARY_STRUCTURAL_MEMBER,Rigid analytical offset from support/column core to the distinct beam-support face incidence; same physical support and level; never merge face incidences by support_id.
M0G-RL-M0G-F-G4-B020-TO,G4,20,M0G-C-G4-20,M0G-F-G4-B020-TO,G4-B020,TO,X_POS,0.2000,0.0000,0.0000,0.2000,RIGID_JOINT_OFFSET,INF,INF,CURRENT_DERIVED_WITH_PROVENANCE_WATCH,ANALYTICAL_CONSTRAINT_NOT_ORDINARY_STRUCTURAL_MEMBER,Rigid analytical offset from support/column core to the distinct beam-support face incidence; same physical support and level; never merge face incidences by support_id.
M0G-RL-M0G-F-G4-B027-TO,G4,20,M0G-C-G4-20,M0G-F-G4-B027-TO,G4-B027,TO,Y_NEG,0.0000,-0.2000,0.0000,0.2000,RIGID_JOINT_OFFSET,INF,INF,CURRENT_DERIVED_WITH_PROVENANCE_WATCH,ANALYTICAL_CONSTRAINT_NOT_ORDINARY_STRUCTURAL_MEMBER,Rigid analytical offset from support/column core to the distinct beam-support face incidence; same physical support and level; never merge face incidences by support_id.
M0G-RL-M0G-F-G4-B023-TO,G4,21,M0G-C-G4-21,M0G-F-G4-B023-TO,G4-B023,TO,X_POS,0.1500,0.0000,0.0000,0.1500,RIGID_JOINT_OFFSET,INF,INF,CURRENT_DERIVED_WITH_PROVENANCE_WATCH,ANALYTICAL_CONSTRAINT_NOT_ORDINARY_STRUCTURAL_MEMBER,Rigid analytical offset from support/column core to the distinct beam-support face incidence; same physical support and level; never merge face incidences by support_id.
M0G-RL-M0G-F-G4-B031-FROM,G4,21,M0G-C-G4-21,M0G-F-G4-B031-FROM,G4-B031,FROM,Y_POS,0.0000,0.2250,0.0000,0.2250,RIGID_JOINT_OFFSET,INF,INF,CURRENT_DERIVED_WITH_PROVENANCE_WATCH,ANALYTICAL_CONSTRAINT_NOT_ORDINARY_STRUCTURAL_MEMBER,Rigid analytical offset from support/column core to the distinct beam-support face incidence; same physical support and level; never merge face incidences by support_id.
M0G-RL-M0G-F-G4-B035-FROM,G4,21,M0G-C-G4-21,M0G-F-G4-B035-FROM,G4-B035,FROM,X_NEG,-0.1500,0.0000,0.0000,0.1500,RIGID_JOINT_OFFSET,INF,INF,CURRENT_DERIVED_WITH_PROVENANCE_WATCH,ANALYTICAL_CONSTRAINT_NOT_ORDINARY_STRUCTURAL_MEMBER,Rigid analytical offset from support/column core to the distinct beam-support face incidence; same physical support and level; never merge face incidences by support_id.
M0G-RL-M0G-F-G4-B024-TO,G4,22,M0G-C-G4-22,M0G-F-G4-B024-TO,G4-B024,TO,X_POS,0.1500,0.0000,0.0000,0.1500,RIGID_JOINT_OFFSET,INF,INF,CURRENT_DERIVED_WITH_PROVENANCE_WATCH,ANALYTICAL_CONSTRAINT_NOT_ORDINARY_STRUCTURAL_MEMBER,Rigid analytical offset from support/column core to the distinct beam-support face incidence; same physical support and level; never merge face incidences by support_id.
M0G-RL-M0G-F-G4-B031-TO,G4,22,M0G-C-G4-22,M0G-F-G4-B031-TO,G4-B031,TO,Y_NEG,0.0000,-0.2250,0.0000,0.2250,RIGID_JOINT_OFFSET,INF,INF,CURRENT_DERIVED_WITH_PROVENANCE_WATCH,ANALYTICAL_CONSTRAINT_NOT_ORDINARY_STRUCTURAL_MEMBER,Rigid analytical offset from support/column core to the distinct beam-support face incidence; same physical support and level; never merge face incidences by support_id.
M0G-RL-M0G-F-G4-B032-FROM,G4,22,M0G-C-G4-22,M0G-F-G4-B032-FROM,G4-B032,FROM,Y_POS,0.0000,0.2250,0.0000,0.2250,RIGID_JOINT_OFFSET,INF,INF,CURRENT_DERIVED_WITH_PROVENANCE_WATCH,ANALYTICAL_CONSTRAINT_NOT_ORDINARY_STRUCTURAL_MEMBER,Rigid analytical offset from support/column core to the distinct beam-support face incidence; same physical support and level; never merge face incidences by support_id.
M0G-RL-M0G-F-G4-B032-TO,G4,22',M0G-C-G4-22PRIME,M0G-F-G4-B032-TO,G4-B032,TO,Y_NEG,0.0000,-0.2000,0.0000,0.2000,RIGID_JOINT_OFFSET,INF,INF,CURRENT_DERIVED_WITH_PROVENANCE_WATCH,ANALYTICAL_CONSTRAINT_NOT_ORDINARY_STRUCTURAL_MEMBER,Rigid analytical offset from support/column core to the distinct beam-support face incidence; same physical support and level; never merge face incidences by support_id.
M0G-RL-M0G-F-G4-B033-FROM,G4,22',M0G-C-G4-22PRIME,M0G-F-G4-B033-FROM,G4-B033,FROM,Y_POS,-0.0156,0.2000,0.0000,0.2006,RIGID_JOINT_OFFSET,INF,INF,CURRENT_DERIVED_WITH_PROVENANCE_WATCH,ANALYTICAL_CONSTRAINT_NOT_ORDINARY_STRUCTURAL_MEMBER,Rigid analytical offset from support/column core to the distinct beam-support face incidence; same physical support and level; never merge face incidences by support_id.
M0G-RL-M0G-F-G4-B036-FROM,G4,22',M0G-C-G4-22PRIME,M0G-F-G4-B036-FROM,G4-B036,FROM,X_NEG,-0.2000,0.0000,0.0000,0.2000,RIGID_JOINT_OFFSET,INF,INF,CURRENT_DERIVED_WITH_PROVENANCE_WATCH,ANALYTICAL_CONSTRAINT_NOT_ORDINARY_STRUCTURAL_MEMBER,Rigid analytical offset from support/column core to the distinct beam-support face incidence; same physical support and level; never merge face incidences by support_id.
M0G-RL-M0G-F-G4-B025-TO,G4,23,M0G-C-G4-23,M0G-F-G4-B025-TO,G4-B025,TO,X_POS,0.1500,0.0000,0.0000,0.1500,RIGID_JOINT_OFFSET,INF,INF,CURRENT_DERIVED_WITH_PROVENANCE_WATCH,ANALYTICAL_CONSTRAINT_NOT_ORDINARY_STRUCTURAL_MEMBER,Rigid analytical offset from support/column core to the distinct beam-support face incidence; same physical support and level; never merge face incidences by support_id.
M0G-RL-M0G-F-G4-B033-TO,G4,23,M0G-C-G4-23,M0G-F-G4-B033-TO,G4-B033,TO,Y_NEG,0.0429,-0.5500,0.0000,0.5517,RIGID_JOINT_OFFSET,INF,INF,CURRENT_DERIVED_WITH_PROVENANCE_WATCH,ANALYTICAL_CONSTRAINT_NOT_ORDINARY_STRUCTURAL_MEMBER,Rigid analytical offset from support/column core to the distinct beam-support face incidence; same physical support and level; never merge face incidences by support_id.
M0G-RL-M0G-F-G4-B034-FROM,G4,23,M0G-C-G4-23,M0G-F-G4-B034-FROM,G4-B034,FROM,Y_POS,-0.0268,0.5500,0.0000,0.5507,RIGID_JOINT_OFFSET,INF,INF,CURRENT_DERIVED_WITH_PROVENANCE_WATCH,ANALYTICAL_CONSTRAINT_NOT_ORDINARY_STRUCTURAL_MEMBER,Rigid analytical offset from support/column core to the distinct beam-support face incidence; same physical support and level; never merge face incidences by support_id.
M0G-RL-M0G-F-G4-B026-TO,G4,24,M0G-C-G4-24,M0G-F-G4-B026-TO,G4-B026,TO,X_POS,0.2000,0.0000,0.0000,0.2000,RIGID_JOINT_OFFSET,INF,INF,CURRENT_DERIVED_WITH_PROVENANCE_WATCH,ANALYTICAL_CONSTRAINT_NOT_ORDINARY_STRUCTURAL_MEMBER,Rigid analytical offset from support/column core to the distinct beam-support face incidence; same physical support and level; never merge face incidences by support_id.
M0G-RL-M0G-F-G4-B034-TO,G4,24,M0G-C-G4-24,M0G-F-G4-B034-TO,G4-B034,TO,Y_NEG,0.0097,-0.2000,0.0000,0.2002,RIGID_JOINT_OFFSET,INF,INF,CURRENT_DERIVED_WITH_PROVENANCE_WATCH,ANALYTICAL_CONSTRAINT_NOT_ORDINARY_STRUCTURAL_MEMBER,Rigid analytical offset from support/column core to the distinct beam-support face incidence; same physical support and level; never merge face incidences by support_id.
M0G-RL-M0G-F-G4-B030-TO,G4,25,M0G-C-G4-25,M0G-F-G4-B030-TO,G4-B030,TO,X_POS,0.2000,0.0000,0.0000,0.2000,RIGID_JOINT_OFFSET,INF,INF,CURRENT_DERIVED_WITH_PROVENANCE_WATCH,ANALYTICAL_CONSTRAINT_NOT_ORDINARY_STRUCTURAL_MEMBER,Rigid analytical offset from support/column core to the distinct beam-support face incidence; same physical support and level; never merge face incidences by support_id.
M0G-RL-M0G-F-G4-B037-FROM,G4,25,M0G-C-G4-25,M0G-F-G4-B037-FROM,G4-B037,FROM,Y_POS,0.0000,0.2000,0.0000,0.2000,RIGID_JOINT_OFFSET,INF,INF,CURRENT_DERIVED_WITH_PROVENANCE_WATCH,ANALYTICAL_CONSTRAINT_NOT_ORDINARY_STRUCTURAL_MEMBER,Rigid analytical offset from support/column core to the distinct beam-support face incidence; same physical support and level; never merge face incidences by support_id.
M0G-RL-M0G-F-G4-B039-FROM,G4,25,M0G-C-G4-25,M0G-F-G4-B039-FROM,G4-B039,FROM,X_NEG,-0.2000,0.0000,0.0000,0.2000,RIGID_JOINT_OFFSET,INF,INF,CURRENT_DERIVED_WITH_PROVENANCE_WATCH,ANALYTICAL_CONSTRAINT_NOT_ORDINARY_STRUCTURAL_MEMBER,Rigid analytical offset from support/column core to the distinct beam-support face incidence; same physical support and level; never merge face incidences by support_id.
M0G-RL-M0G-F-G4-B035-TO,G4,26,M0G-C-G4-26,M0G-F-G4-B035-TO,G4-B035,TO,X_POS,0.1500,0.0000,0.0000,0.1500,RIGID_JOINT_OFFSET,INF,INF,CURRENT_DERIVED_WITH_PROVENANCE_WATCH,ANALYTICAL_CONSTRAINT_NOT_ORDINARY_STRUCTURAL_MEMBER,Rigid analytical offset from support/column core to the distinct beam-support face incidence; same physical support and level; never merge face incidences by support_id.
M0G-RL-M0G-F-G4-B037-TO,G4,26,M0G-C-G4-26,M0G-F-G4-B037-TO,G4-B037,TO,Y_NEG,0.0000,-0.2250,0.0000,0.2250,RIGID_JOINT_OFFSET,INF,INF,CURRENT_DERIVED_WITH_PROVENANCE_WATCH,ANALYTICAL_CONSTRAINT_NOT_ORDINARY_STRUCTURAL_MEMBER,Rigid analytical offset from support/column core to the distinct beam-support face incidence; same physical support and level; never merge face incidences by support_id.
M0G-RL-M0G-F-G4-B038-FROM,G4,26,M0G-C-G4-26,M0G-F-G4-B038-FROM,G4-B038,FROM,Y_POS,0.0000,0.2250,0.0000,0.2250,RIGID_JOINT_OFFSET,INF,INF,CURRENT_DERIVED_WITH_PROVENANCE_WATCH,ANALYTICAL_CONSTRAINT_NOT_ORDINARY_STRUCTURAL_MEMBER,Rigid analytical offset from support/column core to the distinct beam-support face incidence; same physical support and level; never merge face incidences by support_id.
M0G-RL-M0G-F-G4-B040-FROM,G4,26,M0G-C-G4-26,M0G-F-G4-B040-FROM,G4-B040,FROM,X_NEG,-0.1500,0.0000,0.0000,0.1500,RIGID_JOINT_OFFSET,INF,INF,CURRENT_DERIVED_WITH_PROVENANCE_WATCH,ANALYTICAL_CONSTRAINT_NOT_ORDINARY_STRUCTURAL_MEMBER,Rigid analytical offset from support/column core to the distinct beam-support face incidence; same physical support and level; never merge face incidences by support_id.
M0G-RL-M0G-F-G4-B036-TO,G4,27,M0G-C-G4-27,M0G-F-G4-B036-TO,G4-B036,TO,X_POS,0.2000,0.0000,0.0000,0.2000,RIGID_JOINT_OFFSET,INF,INF,CURRENT_DERIVED_WITH_PROVENANCE_WATCH,ANALYTICAL_CONSTRAINT_NOT_ORDINARY_STRUCTURAL_MEMBER,Rigid analytical offset from support/column core to the distinct beam-support face incidence; same physical support and level; never merge face incidences by support_id.
M0G-RL-M0G-F-G4-B038-TO,G4,27,M0G-C-G4-27,M0G-F-G4-B038-TO,G4-B038,TO,Y_NEG,0.0000,-0.2000,0.0000,0.2000,RIGID_JOINT_OFFSET,INF,INF,CURRENT_DERIVED_WITH_PROVENANCE_WATCH,ANALYTICAL_CONSTRAINT_NOT_ORDINARY_STRUCTURAL_MEMBER,Rigid analytical offset from support/column core to the distinct beam-support face incidence; same physical support and level; never merge face incidences by support_id.
M0G-RL-M0G-F-G4-B041-FROM,G4,27,M0G-C-G4-27,M0G-F-G4-B041-FROM,G4-B041,FROM,X_NEG,-0.2000,0.0263,0.0000,0.2017,RIGID_JOINT_OFFSET,INF,INF,CURRENT_DERIVED_WITH_PROVENANCE_WATCH,ANALYTICAL_CONSTRAINT_NOT_ORDINARY_STRUCTURAL_MEMBER,Rigid analytical offset from support/column core to the distinct beam-support face incidence; same physical support and level; never merge face incidences by support_id.
M0G-RL-M0G-F-G4-B039-TO,G4,28,M0G-C-G4-28,M0G-F-G4-B039-TO,G4-B039,TO,X_POS,0.2000,0.0000,0.0000,0.2000,RIGID_JOINT_OFFSET,INF,INF,CURRENT_DERIVED_WITH_PROVENANCE_WATCH,ANALYTICAL_CONSTRAINT_NOT_ORDINARY_STRUCTURAL_MEMBER,Rigid analytical offset from support/column core to the distinct beam-support face incidence; same physical support and level; never merge face incidences by support_id.
M0G-RL-M0G-F-G4-B042-FROM,G4,28,M0G-C-G4-28,M0G-F-G4-B042-FROM,G4-B042,FROM,Y_POS,0.0000,0.2000,0.0000,0.2000,RIGID_JOINT_OFFSET,INF,INF,CURRENT_DERIVED_WITH_PROVENANCE_WATCH,ANALYTICAL_CONSTRAINT_NOT_ORDINARY_STRUCTURAL_MEMBER,Rigid analytical offset from support/column core to the distinct beam-support face incidence; same physical support and level; never merge face incidences by support_id.
M0G-RL-M0G-F-G4-B044-FROM,G4,28,M0G-C-G4-28,M0G-F-G4-B044-FROM,G4-B044,FROM,X_NEG,-0.2000,0.0000,0.0000,0.2000,RIGID_JOINT_OFFSET,INF,INF,CURRENT_DERIVED_WITH_PROVENANCE_WATCH,ANALYTICAL_CONSTRAINT_NOT_ORDINARY_STRUCTURAL_MEMBER,Rigid analytical offset from support/column core to the distinct beam-support face incidence; same physical support and level; never merge face incidences by support_id.
M0G-RL-M0G-F-G4-B040-TO,G4,29,M0G-C-G4-29,M0G-F-G4-B040-TO,G4-B040,TO,X_POS,0.1500,0.0000,0.0000,0.1500,RIGID_JOINT_OFFSET,INF,INF,CURRENT_DERIVED_WITH_PROVENANCE_WATCH,ANALYTICAL_CONSTRAINT_NOT_ORDINARY_STRUCTURAL_MEMBER,Rigid analytical offset from support/column core to the distinct beam-support face incidence; same physical support and level; never merge face incidences by support_id.
M0G-RL-M0G-F-G4-B042-TO,G4,29,M0G-C-G4-29,M0G-F-G4-B042-TO,G4-B042,TO,Y_NEG,0.0000,-0.2250,0.0000,0.2250,RIGID_JOINT_OFFSET,INF,INF,CURRENT_DERIVED_WITH_PROVENANCE_WATCH,ANALYTICAL_CONSTRAINT_NOT_ORDINARY_STRUCTURAL_MEMBER,Rigid analytical offset from support/column core to the distinct beam-support face incidence; same physical support and level; never merge face incidences by support_id.
M0G-RL-M0G-F-G4-B043-FROM,G4,29,M0G-C-G4-29,M0G-F-G4-B043-FROM,G4-B043,FROM,Y_POS,0.0000,0.2250,0.0000,0.2250,RIGID_JOINT_OFFSET,INF,INF,CURRENT_DERIVED_WITH_PROVENANCE_WATCH,ANALYTICAL_CONSTRAINT_NOT_ORDINARY_STRUCTURAL_MEMBER,Rigid analytical offset from support/column core to the distinct beam-support face incidence; same physical support and level; never merge face incidences by support_id.
M0G-RL-M0G-F-G4-B045-FROM,G4,29,M0G-C-G4-29,M0G-F-G4-B045-FROM,G4-B045,FROM,X_NEG,-0.1500,0.0000,0.0000,0.1500,RIGID_JOINT_OFFSET,INF,INF,CURRENT_DERIVED_WITH_PROVENANCE_WATCH,ANALYTICAL_CONSTRAINT_NOT_ORDINARY_STRUCTURAL_MEMBER,Rigid analytical offset from support/column core to the distinct beam-support face incidence; same physical support and level; never merge face incidences by support_id.
M0G-RL-M0G-F-G4-B002-TO,G4,3,M0G-C-G4-3,M0G-F-G4-B002-TO,G4-B002,TO,Y_NEG,0.0000,-0.2000,0.0000,0.2000,RIGID_JOINT_OFFSET,INF,INF,CURRENT_DERIVED_WITH_PROVENANCE_WATCH,ANALYTICAL_CONSTRAINT_NOT_ORDINARY_STRUCTURAL_MEMBER,Rigid analytical offset from support/column core to the distinct beam-support face incidence; same physical support and level; never merge face incidences by support_id.
M0G-RL-M0G-F-G4-B003-FROM,G4,3,M0G-C-G4-3,M0G-F-G4-B003-FROM,G4-B003,FROM,Y_POS,0.0000,0.2000,0.0000,0.2000,RIGID_JOINT_OFFSET,INF,INF,CURRENT_DERIVED_WITH_PROVENANCE_WATCH,ANALYTICAL_CONSTRAINT_NOT_ORDINARY_STRUCTURAL_MEMBER,Rigid analytical offset from support/column core to the distinct beam-support face incidence; same physical support and level; never merge face incidences by support_id.
M0G-RL-M0G-F-G4-B010-FROM,G4,3,M0G-C-G4-3,M0G-F-G4-B010-FROM,G4-B010,FROM,X_NEG,-0.2000,0.0000,0.0000,0.2000,RIGID_JOINT_OFFSET,INF,INF,CURRENT_DERIVED_WITH_PROVENANCE_WATCH,ANALYTICAL_CONSTRAINT_NOT_ORDINARY_STRUCTURAL_MEMBER,Rigid analytical offset from support/column core to the distinct beam-support face incidence; same physical support and level; never merge face incidences by support_id.
M0G-RL-M0G-F-G4-B041-TO,G4,30,M0G-C-G4-30,M0G-F-G4-B041-TO,G4-B041,TO,X_POS,0.5500,-0.0723,0.0000,0.5547,RIGID_JOINT_OFFSET,INF,INF,CURRENT_DERIVED_WITH_PROVENANCE_WATCH,ANALYTICAL_CONSTRAINT_NOT_ORDINARY_STRUCTURAL_MEMBER,Rigid analytical offset from support/column core to the distinct beam-support face incidence; same physical support and level; never merge face incidences by support_id.
M0G-RL-M0G-F-G4-B043-TO,G4,30,M0G-C-G4-30,M0G-F-G4-B043-TO,G4-B043,TO,Y_NEG,0.0000,-0.1500,0.0000,0.1500,RIGID_JOINT_OFFSET,INF,INF,CURRENT_DERIVED_WITH_PROVENANCE_WATCH,ANALYTICAL_CONSTRAINT_NOT_ORDINARY_STRUCTURAL_MEMBER,Rigid analytical offset from support/column core to the distinct beam-support face incidence; same physical support and level; never merge face incidences by support_id.
M0G-RL-M0G-F-G4-B046-FROM,G4,30,M0G-C-G4-30,M0G-F-G4-B046-FROM,G4-B046,FROM,X_NEG,-0.5500,0.0488,0.0000,0.5522,RIGID_JOINT_OFFSET,INF,INF,CURRENT_DERIVED_WITH_PROVENANCE_WATCH,ANALYTICAL_CONSTRAINT_NOT_ORDINARY_STRUCTURAL_MEMBER,Rigid analytical offset from support/column core to the distinct beam-support face incidence; same physical support and level; never merge face incidences by support_id.
M0G-RL-M0G-F-G4-B044-TO,G4,31,M0G-C-G4-31,M0G-F-G4-B044-TO,G4-B044,TO,X_POS,0.2000,0.0000,0.0000,0.2000,RIGID_JOINT_OFFSET,INF,INF,CURRENT_DERIVED_WITH_PROVENANCE_WATCH,ANALYTICAL_CONSTRAINT_NOT_ORDINARY_STRUCTURAL_MEMBER,Rigid analytical offset from support/column core to the distinct beam-support face incidence; same physical support and level; never merge face incidences by support_id.
M0G-RL-M0G-F-G4-B047-FROM,G4,31,M0G-C-G4-31,M0G-F-G4-B047-FROM,G4-B047,FROM,Y_POS,0.0000,0.2000,0.0000,0.2000,RIGID_JOINT_OFFSET,INF,INF,CURRENT_DERIVED_WITH_PROVENANCE_WATCH,ANALYTICAL_CONSTRAINT_NOT_ORDINARY_STRUCTURAL_MEMBER,Rigid analytical offset from support/column core to the distinct beam-support face incidence; same physical support and level; never merge face incidences by support_id.
M0G-RL-M0G-F-G4-B045-TO,G4,32,M0G-C-G4-32,M0G-F-G4-B045-TO,G4-B045,TO,X_POS,0.2000,0.0000,0.0000,0.2000,RIGID_JOINT_OFFSET,INF,INF,CURRENT_DERIVED_WITH_PROVENANCE_WATCH,ANALYTICAL_CONSTRAINT_NOT_ORDINARY_STRUCTURAL_MEMBER,Rigid analytical offset from support/column core to the distinct beam-support face incidence; same physical support and level; never merge face incidences by support_id.
M0G-RL-M0G-F-G4-B047-TO,G4,32,M0G-C-G4-32,M0G-F-G4-B047-TO,G4-B047,TO,Y_NEG,0.0000,-0.2000,0.0000,0.2000,RIGID_JOINT_OFFSET,INF,INF,CURRENT_DERIVED_WITH_PROVENANCE_WATCH,ANALYTICAL_CONSTRAINT_NOT_ORDINARY_STRUCTURAL_MEMBER,Rigid analytical offset from support/column core to the distinct beam-support face incidence; same physical support and level; never merge face incidences by support_id.
M0G-RL-M0G-F-G4-B048-FROM,G4,32,M0G-C-G4-32,M0G-F-G4-B048-FROM,G4-B048,FROM,Y_POS,0.0000,0.2000,0.0000,0.2000,RIGID_JOINT_OFFSET,INF,INF,CURRENT_DERIVED_WITH_PROVENANCE_WATCH,ANALYTICAL_CONSTRAINT_NOT_ORDINARY_STRUCTURAL_MEMBER,Rigid analytical offset from support/column core to the distinct beam-support face incidence; same physical support and level; never merge face incidences by support_id.
M0G-RL-M0G-F-G4-B046-TO,G4,33,M0G-C-G4-33,M0G-F-G4-B046-TO,G4-B046,TO,X_POS,0.2000,-0.0177,0.0000,0.2008,RIGID_JOINT_OFFSET,INF,INF,CURRENT_DERIVED_WITH_PROVENANCE_WATCH,ANALYTICAL_CONSTRAINT_NOT_ORDINARY_STRUCTURAL_MEMBER,Rigid analytical offset from support/column core to the distinct beam-support face incidence; same physical support and level; never merge face incidences by support_id.
M0G-RL-M0G-F-G4-B048-TO,G4,33,M0G-C-G4-33,M0G-F-G4-B048-TO,G4-B048,TO,Y_NEG,0.0000,-0.2000,0.0000,0.2000,RIGID_JOINT_OFFSET,INF,INF,CURRENT_DERIVED_WITH_PROVENANCE_WATCH,ANALYTICAL_CONSTRAINT_NOT_ORDINARY_STRUCTURAL_MEMBER,Rigid analytical offset from support/column core to the distinct beam-support face incidence; same physical support and level; never merge face incidences by support_id.
M0G-RL-M0G-F-G4-B003-TO,G4,4,M0G-C-G4-4,M0G-F-G4-B003-TO,G4-B003,TO,Y_NEG,0.0000,-0.2000,0.0000,0.2000,RIGID_JOINT_OFFSET,INF,INF,CURRENT_DERIVED_WITH_PROVENANCE_WATCH,ANALYTICAL_CONSTRAINT_NOT_ORDINARY_STRUCTURAL_MEMBER,Rigid analytical offset from support/column core to the distinct beam-support face incidence; same physical support and level; never merge face incidences by support_id.
M0G-RL-M0G-F-G4-B004-FROM,G4,4,M0G-C-G4-4,M0G-F-G4-B004-FROM,G4-B004,FROM,X_NEG,-0.2000,0.0000,0.0000,0.2000,RIGID_JOINT_OFFSET,INF,INF,CURRENT_DERIVED_WITH_PROVENANCE_WATCH,ANALYTICAL_CONSTRAINT_NOT_ORDINARY_STRUCTURAL_MEMBER,Rigid analytical offset from support/column core to the distinct beam-support face incidence; same physical support and level; never merge face incidences by support_id.
M0G-RL-M0G-F-G4-B004-TO,G4,5,M0G-C-G4-5,M0G-F-G4-B004-TO,G4-B004,TO,X_POS,0.2000,0.0000,0.0000,0.2000,RIGID_JOINT_OFFSET,INF,INF,CURRENT_DERIVED_WITH_PROVENANCE_WATCH,ANALYTICAL_CONSTRAINT_NOT_ORDINARY_STRUCTURAL_MEMBER,Rigid analytical offset from support/column core to the distinct beam-support face incidence; same physical support and level; never merge face incidences by support_id.
M0G-RL-M0G-F-G4-B005-FROM,G4,5,M0G-C-G4-5,M0G-F-G4-B005-FROM,G4-B005,FROM,Y_POS,0.0000,0.2000,0.0000,0.2000,RIGID_JOINT_OFFSET,INF,INF,CURRENT_DERIVED_WITH_PROVENANCE_WATCH,ANALYTICAL_CONSTRAINT_NOT_ORDINARY_STRUCTURAL_MEMBER,Rigid analytical offset from support/column core to the distinct beam-support face incidence; same physical support and level; never merge face incidences by support_id.
M0G-RL-M0G-F-G4-B005-TO,G4,6,M0G-C-G4-6,M0G-F-G4-B005-TO,G4-B005,TO,Y_NEG,0.0000,-0.2000,0.0000,0.2000,RIGID_JOINT_OFFSET,INF,INF,CURRENT_DERIVED_WITH_PROVENANCE_WATCH,ANALYTICAL_CONSTRAINT_NOT_ORDINARY_STRUCTURAL_MEMBER,Rigid analytical offset from support/column core to the distinct beam-support face incidence; same physical support and level; never merge face incidences by support_id.
M0G-RL-M0G-F-G4-B006-FROM,G4,6,M0G-C-G4-6,M0G-F-G4-B006-FROM,G4-B006,FROM,Y_POS,0.0000,0.2000,0.0000,0.2000,RIGID_JOINT_OFFSET,INF,INF,CURRENT_DERIVED_WITH_PROVENANCE_WATCH,ANALYTICAL_CONSTRAINT_NOT_ORDINARY_STRUCTURAL_MEMBER,Rigid analytical offset from support/column core to the distinct beam-support face incidence; same physical support and level; never merge face incidences by support_id.
M0G-RL-M0G-F-G4-B011-FROM,G4,6,M0G-C-G4-6,M0G-F-G4-B011-FROM,G4-B011,FROM,X_NEG,-0.2000,0.0000,0.0000,0.2000,RIGID_JOINT_OFFSET,INF,INF,CURRENT_DERIVED_WITH_PROVENANCE_WATCH,ANALYTICAL_CONSTRAINT_NOT_ORDINARY_STRUCTURAL_MEMBER,Rigid analytical offset from support/column core to the distinct beam-support face incidence; same physical support and level; never merge face incidences by support_id.
M0G-RL-M0G-F-G4-B006-TO,G4,7,M0G-C-G4-7,M0G-F-G4-B006-TO,G4-B006,TO,Y_NEG,0.0000,-0.2000,0.0000,0.2000,RIGID_JOINT_OFFSET,INF,INF,CURRENT_DERIVED_WITH_PROVENANCE_WATCH,ANALYTICAL_CONSTRAINT_NOT_ORDINARY_STRUCTURAL_MEMBER,Rigid analytical offset from support/column core to the distinct beam-support face incidence; same physical support and level; never merge face incidences by support_id.
M0G-RL-M0G-F-G4-B007-FROM,G4,7,M0G-C-G4-7,M0G-F-G4-B007-FROM,G4-B007,FROM,Y_POS,0.0000,0.2000,0.0000,0.2000,RIGID_JOINT_OFFSET,INF,INF,CURRENT_DERIVED_WITH_PROVENANCE_WATCH,ANALYTICAL_CONSTRAINT_NOT_ORDINARY_STRUCTURAL_MEMBER,Rigid analytical offset from support/column core to the distinct beam-support face incidence; same physical support and level; never merge face incidences by support_id.
M0G-RL-M0G-F-G4-B012-FROM,G4,7,M0G-C-G4-7,M0G-F-G4-B012-FROM,G4-B012,FROM,X_NEG,-0.2000,0.0000,0.0000,0.2000,RIGID_JOINT_OFFSET,INF,INF,CURRENT_DERIVED_WITH_PROVENANCE_WATCH,ANALYTICAL_CONSTRAINT_NOT_ORDINARY_STRUCTURAL_MEMBER,Rigid analytical offset from support/column core to the distinct beam-support face incidence; same physical support and level; never merge face incidences by support_id.
M0G-RL-M0G-F-G4-B007-TO,G4,8,M0G-C-G4-8,M0G-F-G4-B007-TO,G4-B007,TO,Y_NEG,0.0000,-0.2000,0.0000,0.2000,RIGID_JOINT_OFFSET,INF,INF,CURRENT_DERIVED_WITH_PROVENANCE_WATCH,ANALYTICAL_CONSTRAINT_NOT_ORDINARY_STRUCTURAL_MEMBER,Rigid analytical offset from support/column core to the distinct beam-support face incidence; same physical support and level; never merge face incidences by support_id.
M0G-RL-M0G-F-G4-B013-FROM,G4,8,M0G-C-G4-8,M0G-F-G4-B013-FROM,G4-B013,FROM,X_NEG,-0.2000,0.0000,0.0000,0.2000,RIGID_JOINT_OFFSET,INF,INF,CURRENT_DERIVED_WITH_PROVENANCE_WATCH,ANALYTICAL_CONSTRAINT_NOT_ORDINARY_STRUCTURAL_MEMBER,Rigid analytical offset from support/column core to the distinct beam-support face incidence; same physical support and level; never merge face incidences by support_id.
M0G-RL-M0G-F-G4-B008-TO,G4,9,M0G-C-G4-9,M0G-F-G4-B008-TO,G4-B008,TO,X_POS,0.2000,0.0000,0.0000,0.2000,RIGID_JOINT_OFFSET,INF,INF,CURRENT_DERIVED_WITH_PROVENANCE_WATCH,ANALYTICAL_CONSTRAINT_NOT_ORDINARY_STRUCTURAL_MEMBER,Rigid analytical offset from support/column core to the distinct beam-support face incidence; same physical support and level; never merge face incidences by support_id.
M0G-RL-M0G-F-G4-B014-FROM,G4,9,M0G-C-G4-9,M0G-F-G4-B014-FROM,G4-B014,FROM,Y_POS,0.0000,0.2000,0.0000,0.2000,RIGID_JOINT_OFFSET,INF,INF,CURRENT_DERIVED_WITH_PROVENANCE_WATCH,ANALYTICAL_CONSTRAINT_NOT_ORDINARY_STRUCTURAL_MEMBER,Rigid analytical offset from support/column core to the distinct beam-support face incidence; same physical support and level; never merge face incidences by support_id.
M0G-RL-M0G-F-G4-B022-FROM,G4,9,M0G-C-G4-9,M0G-F-G4-B022-FROM,G4-B022,FROM,X_NEG,-0.2000,0.0000,0.0000,0.2000,RIGID_JOINT_OFFSET,INF,INF,CURRENT_DERIVED_WITH_PROVENANCE_WATCH,ANALYTICAL_CONSTRAINT_NOT_ORDINARY_STRUCTURAL_MEMBER,Rigid analytical offset from support/column core to the distinct beam-support face incidence; same physical support and level; never merge face incidences by support_id.
M0G-RL-M0G-F-G5-B006-TO,G5,10,M0G-C-G5-10,M0G-F-G5-B006-TO,G5-B006,TO,X_POS,0.1500,0.0000,0.0000,0.1500,RIGID_JOINT_OFFSET,INF,INF,CURRENT_DERIVED_WITH_PROVENANCE_WATCH,ANALYTICAL_CONSTRAINT_NOT_ORDINARY_STRUCTURAL_MEMBER,Rigid analytical offset from support/column core to the distinct beam-support face incidence; same physical support and level; never merge face incidences by support_id.
M0G-RL-M0G-F-G5-B011-FROM,G5,10,M0G-C-G5-10,M0G-F-G5-B011-FROM,G5-B011,FROM,Y_POS,0.0000,0.2000,0.0000,0.2000,RIGID_JOINT_OFFSET,INF,INF,CURRENT_DERIVED_WITH_PROVENANCE_WATCH,ANALYTICAL_CONSTRAINT_NOT_ORDINARY_STRUCTURAL_MEMBER,Rigid analytical offset from support/column core to the distinct beam-support face incidence; same physical support and level; never merge face incidences by support_id.
M0G-RL-M0G-F-G5-B015-FROM,G5,10,M0G-C-G5-10,M0G-F-G5-B015-FROM,G5-B015,FROM,X_NEG,-0.1500,0.0000,0.0000,0.1500,RIGID_JOINT_OFFSET,INF,INF,CURRENT_DERIVED_WITH_PROVENANCE_WATCH,ANALYTICAL_CONSTRAINT_NOT_ORDINARY_STRUCTURAL_MEMBER,Rigid analytical offset from support/column core to the distinct beam-support face incidence; same physical support and level; never merge face incidences by support_id.
M0G-RL-M0G-F-G5-B007-TO,G5,11,M0G-C-G5-11,M0G-F-G5-B007-TO,G5-B007,TO,X_POS,0.1500,0.0000,0.0000,0.1500,RIGID_JOINT_OFFSET,INF,INF,CURRENT_DERIVED_WITH_PROVENANCE_WATCH,ANALYTICAL_CONSTRAINT_NOT_ORDINARY_STRUCTURAL_MEMBER,Rigid analytical offset from support/column core to the distinct beam-support face incidence; same physical support and level; never merge face incidences by support_id.
M0G-RL-M0G-F-G5-B011-TO,G5,11,M0G-C-G5-11,M0G-F-G5-B011-TO,G5-B011,TO,Y_NEG,0.0000,-0.2000,0.0000,0.2000,RIGID_JOINT_OFFSET,INF,INF,CURRENT_DERIVED_WITH_PROVENANCE_WATCH,ANALYTICAL_CONSTRAINT_NOT_ORDINARY_STRUCTURAL_MEMBER,Rigid analytical offset from support/column core to the distinct beam-support face incidence; same physical support and level; never merge face incidences by support_id.
M0G-RL-M0G-F-G5-B012-FROM,G5,11,M0G-C-G5-11,M0G-F-G5-B012-FROM,G5-B012,FROM,Y_POS,0.0000,0.2000,0.0000,0.2000,RIGID_JOINT_OFFSET,INF,INF,CURRENT_DERIVED_WITH_PROVENANCE_WATCH,ANALYTICAL_CONSTRAINT_NOT_ORDINARY_STRUCTURAL_MEMBER,Rigid analytical offset from support/column core to the distinct beam-support face incidence; same physical support and level; never merge face incidences by support_id.
M0G-RL-M0G-F-G5-B016-FROM,G5,11,M0G-C-G5-11,M0G-F-G5-B016-FROM,G5-B016,FROM,X_NEG,-0.1500,0.0000,0.0000,0.1500,RIGID_JOINT_OFFSET,INF,INF,CURRENT_DERIVED_WITH_PROVENANCE_WATCH,ANALYTICAL_CONSTRAINT_NOT_ORDINARY_STRUCTURAL_MEMBER,Rigid analytical offset from support/column core to the distinct beam-support face incidence; same physical support and level; never merge face incidences by support_id.
M0G-RL-M0G-F-G5-B012-TO,G5,12,M0G-C-G5-12,M0G-F-G5-B012-TO,G5-B012,TO,Y_NEG,0.0000,-0.2000,0.0000,0.2000,RIGID_JOINT_OFFSET,INF,INF,CURRENT_DERIVED_WITH_PROVENANCE_WATCH,ANALYTICAL_CONSTRAINT_NOT_ORDINARY_STRUCTURAL_MEMBER,Rigid analytical offset from support/column core to the distinct beam-support face incidence; same physical support and level; never merge face incidences by support_id.
M0G-RL-M0G-F-G5-B017-FROM,G5,12,M0G-C-G5-12,M0G-F-G5-B017-FROM,G5-B017,FROM,X_NEG,-0.1500,-0.1297,0.0000,0.1983,RIGID_JOINT_OFFSET,INF,INF,CURRENT_DERIVED_WITH_PROVENANCE_WATCH,ANALYTICAL_CONSTRAINT_NOT_ORDINARY_STRUCTURAL_MEMBER,Rigid analytical offset from support/column core to the distinct beam-support face incidence; same physical support and level; never merge face incidences by support_id.
M0G-RL-M0G-F-G5-B008-TO,G5,13,M0G-C-G5-13,M0G-F-G5-B008-TO,G5-B008,TO,Y_NEG,0.0000,-0.2000,0.0000,0.2000,RIGID_JOINT_OFFSET,INF,INF,CURRENT_DERIVED_WITH_PROVENANCE_WATCH,ANALYTICAL_CONSTRAINT_NOT_ORDINARY_STRUCTURAL_MEMBER,Rigid analytical offset from support/column core to the distinct beam-support face incidence; same physical support and level; never merge face incidences by support_id.
M0G-RL-M0G-F-G5-B013-FROM,G5,13,M0G-C-G5-13,M0G-F-G5-B013-FROM,G5-B013,FROM,Y_POS,0.0000,0.2000,0.0000,0.2000,RIGID_JOINT_OFFSET,INF,INF,CURRENT_DERIVED_WITH_PROVENANCE_WATCH,ANALYTICAL_CONSTRAINT_NOT_ORDINARY_STRUCTURAL_MEMBER,Rigid analytical offset from support/column core to the distinct beam-support face incidence; same physical support and level; never merge face incidences by support_id.
M0G-RL-M0G-F-G5-B020-FROM,G5,13,M0G-C-G5-13,M0G-F-G5-B020-FROM,G5-B020,FROM,X_NEG,-0.1500,0.0000,0.0000,0.1500,RIGID_JOINT_OFFSET,INF,INF,CURRENT_DERIVED_WITH_PROVENANCE_WATCH,ANALYTICAL_CONSTRAINT_NOT_ORDINARY_STRUCTURAL_MEMBER,Rigid analytical offset from support/column core to the distinct beam-support face incidence; same physical support and level; never merge face incidences by support_id.
M0G-RL-M0G-F-G5-B009-TO,G5,14,M0G-C-G5-14,M0G-F-G5-B009-TO,G5-B009,TO,X_POS,0.1500,0.0000,0.0000,0.1500,RIGID_JOINT_OFFSET,INF,INF,CURRENT_DERIVED_WITH_PROVENANCE_WATCH,ANALYTICAL_CONSTRAINT_NOT_ORDINARY_STRUCTURAL_MEMBER,Rigid analytical offset from support/column core to the distinct beam-support face incidence; same physical support and level; never merge face incidences by support_id.
M0G-RL-M0G-F-G5-B013-TO,G5,14,M0G-C-G5-14,M0G-F-G5-B013-TO,G5-B013,TO,Y_NEG,0.0000,-0.2000,0.0000,0.2000,RIGID_JOINT_OFFSET,INF,INF,CURRENT_DERIVED_WITH_PROVENANCE_WATCH,ANALYTICAL_CONSTRAINT_NOT_ORDINARY_STRUCTURAL_MEMBER,Rigid analytical offset from support/column core to the distinct beam-support face incidence; same physical support and level; never merge face incidences by support_id.
M0G-RL-M0G-F-G5-B014-FROM,G5,14,M0G-C-G5-14,M0G-F-G5-B014-FROM,G5-B014,FROM,Y_POS,0.0000,0.2000,0.0000,0.2000,RIGID_JOINT_OFFSET,INF,INF,CURRENT_DERIVED_WITH_PROVENANCE_WATCH,ANALYTICAL_CONSTRAINT_NOT_ORDINARY_STRUCTURAL_MEMBER,Rigid analytical offset from support/column core to the distinct beam-support face incidence; same physical support and level; never merge face incidences by support_id.
M0G-RL-M0G-F-G5-B021-FROM,G5,14,M0G-C-G5-14,M0G-F-G5-B021-FROM,G5-B021,FROM,X_NEG,-0.1500,0.0000,0.0000,0.1500,RIGID_JOINT_OFFSET,INF,INF,CURRENT_DERIVED_WITH_PROVENANCE_WATCH,ANALYTICAL_CONSTRAINT_NOT_ORDINARY_STRUCTURAL_MEMBER,Rigid analytical offset from support/column core to the distinct beam-support face incidence; same physical support and level; never merge face incidences by support_id.
M0G-RL-M0G-F-G5-B010-TO,G5,15,M0G-C-G5-15,M0G-F-G5-B010-TO,G5-B010,TO,X_POS,0.1500,0.0000,0.0000,0.1500,RIGID_JOINT_OFFSET,INF,INF,CURRENT_DERIVED_WITH_PROVENANCE_WATCH,ANALYTICAL_CONSTRAINT_NOT_ORDINARY_STRUCTURAL_MEMBER,Rigid analytical offset from support/column core to the distinct beam-support face incidence; same physical support and level; never merge face incidences by support_id.
M0G-RL-M0G-F-G5-B014-TO,G5,15,M0G-C-G5-15,M0G-F-G5-B014-TO,G5-B014,TO,Y_NEG,0.0000,-0.2000,0.0000,0.2000,RIGID_JOINT_OFFSET,INF,INF,CURRENT_DERIVED_WITH_PROVENANCE_WATCH,ANALYTICAL_CONSTRAINT_NOT_ORDINARY_STRUCTURAL_MEMBER,Rigid analytical offset from support/column core to the distinct beam-support face incidence; same physical support and level; never merge face incidences by support_id.
M0G-RL-M0G-F-G5-B022-FROM,G5,15,M0G-C-G5-15,M0G-F-G5-B022-FROM,G5-B022,FROM,X_NEG,-0.1500,0.0000,0.0000,0.1500,RIGID_JOINT_OFFSET,INF,INF,CURRENT_DERIVED_WITH_PROVENANCE_WATCH,ANALYTICAL_CONSTRAINT_NOT_ORDINARY_STRUCTURAL_MEMBER,Rigid analytical offset from support/column core to the distinct beam-support face incidence; same physical support and level; never merge face incidences by support_id.
M0G-RL-M0G-F-G5-B015-TO,G5,18,M0G-C-G5-18,M0G-F-G5-B015-TO,G5-B015,TO,X_POS,0.1500,0.0000,0.0000,0.1500,RIGID_JOINT_OFFSET,INF,INF,CURRENT_DERIVED_WITH_PROVENANCE_WATCH,ANALYTICAL_CONSTRAINT_NOT_ORDINARY_STRUCTURAL_MEMBER,Rigid analytical offset from support/column core to the distinct beam-support face incidence; same physical support and level; never merge face incidences by support_id.
M0G-RL-M0G-F-G5-B018-FROM,G5,18,M0G-C-G5-18,M0G-F-G5-B018-FROM,G5-B018,FROM,Y_POS,0.0192,0.2000,0.0000,0.2009,RIGID_JOINT_OFFSET,INF,INF,CURRENT_DERIVED_WITH_PROVENANCE_WATCH,ANALYTICAL_CONSTRAINT_NOT_ORDINARY_STRUCTURAL_MEMBER,Rigid analytical offset from support/column core to the distinct beam-support face incidence; same physical support and level; never merge face incidences by support_id.
M0G-RL-M0G-F-G5-B017-TO,G5,19,M0G-C-G5-19,M0G-F-G5-B017-TO,G5-B017,TO,X_POS,0.2000,0.1729,0.0000,0.2644,RIGID_JOINT_OFFSET,INF,INF,CURRENT_DERIVED_WITH_PROVENANCE_WATCH,ANALYTICAL_CONSTRAINT_NOT_ORDINARY_STRUCTURAL_MEMBER,Rigid analytical offset from support/column core to the distinct beam-support face incidence; same physical support and level; never merge face incidences by support_id.
M0G-RL-M0G-F-G5-B018-TO,G5,19,M0G-C-G5-19,M0G-F-G5-B018-TO,G5-B018,TO,Y_NEG,-0.0192,-0.2000,0.0000,0.2009,RIGID_JOINT_OFFSET,INF,INF,CURRENT_DERIVED_WITH_PROVENANCE_WATCH,ANALYTICAL_CONSTRAINT_NOT_ORDINARY_STRUCTURAL_MEMBER,Rigid analytical offset from support/column core to the distinct beam-support face incidence; same physical support and level; never merge face incidences by support_id.
M0G-RL-M0G-F-G5-B019-FROM,G5,19,M0G-C-G5-19,M0G-F-G5-B019-FROM,G5-B019,FROM,Y_POS,0.0000,0.2000,0.0000,0.2000,RIGID_JOINT_OFFSET,INF,INF,CURRENT_DERIVED_WITH_PROVENANCE_WATCH,ANALYTICAL_CONSTRAINT_NOT_ORDINARY_STRUCTURAL_MEMBER,Rigid analytical offset from support/column core to the distinct beam-support face incidence; same physical support and level; never merge face incidences by support_id.
M0G-RL-M0G-F-G5-B023-FROM,G5,19,M0G-C-G5-19,M0G-F-G5-B023-FROM,G5-B023,FROM,X_NEG,-0.2000,0.0000,0.0000,0.2000,RIGID_JOINT_OFFSET,INF,INF,CURRENT_DERIVED_WITH_PROVENANCE_WATCH,ANALYTICAL_CONSTRAINT_NOT_ORDINARY_STRUCTURAL_MEMBER,Rigid analytical offset from support/column core to the distinct beam-support face incidence; same physical support and level; never merge face incidences by support_id.
M0G-RL-M0G-F-G5-B036-FROM,G5,19,M0G-C-G5-19,M0G-F-G5-B036-FROM,G5-B036,FROM,Y_POS,-0.1338,0.2000,0.0000,0.2406,RIGID_JOINT_OFFSET,INF,INF,CURRENT_DERIVED_WITH_PROVENANCE_WATCH,ANALYTICAL_CONSTRAINT_NOT_ORDINARY_STRUCTURAL_MEMBER,Rigid analytical offset from support/column core to the distinct beam-support face incidence; same physical support and level; never merge face incidences by support_id.
M0G-RL-M0G-F-G5-B001-FROM,G5,2,M0G-C-G5-2,M0G-F-G5-B001-FROM,G5-B001,FROM,Y_POS,0.0000,0.2000,0.0000,0.2000,RIGID_JOINT_OFFSET,INF,INF,CURRENT_DERIVED_WITH_PROVENANCE_WATCH,ANALYTICAL_CONSTRAINT_NOT_ORDINARY_STRUCTURAL_MEMBER,Rigid analytical offset from support/column core to the distinct beam-support face incidence; same physical support and level; never merge face incidences by support_id.
M0G-RL-M0G-F-G5-B006-FROM,G5,2,M0G-C-G5-2,M0G-F-G5-B006-FROM,G5-B006,FROM,X_NEG,-0.2000,0.0000,0.0000,0.2000,RIGID_JOINT_OFFSET,INF,INF,CURRENT_DERIVED_WITH_PROVENANCE_WATCH,ANALYTICAL_CONSTRAINT_NOT_ORDINARY_STRUCTURAL_MEMBER,Rigid analytical offset from support/column core to the distinct beam-support face incidence; same physical support and level; never merge face incidences by support_id.
M0G-RL-M0G-F-G5-B016-TO,G5,20,M0G-C-G5-20,M0G-F-G5-B016-TO,G5-B016,TO,X_POS,0.2000,0.0000,0.0000,0.2000,RIGID_JOINT_OFFSET,INF,INF,CURRENT_DERIVED_WITH_PROVENANCE_WATCH,ANALYTICAL_CONSTRAINT_NOT_ORDINARY_STRUCTURAL_MEMBER,Rigid analytical offset from support/column core to the distinct beam-support face incidence; same physical support and level; never merge face incidences by support_id.
M0G-RL-M0G-F-G5-B019-TO,G5,20,M0G-C-G5-20,M0G-F-G5-B019-TO,G5-B019,TO,Y_NEG,0.0000,-0.2000,0.0000,0.2000,RIGID_JOINT_OFFSET,INF,INF,CURRENT_DERIVED_WITH_PROVENANCE_WATCH,ANALYTICAL_CONSTRAINT_NOT_ORDINARY_STRUCTURAL_MEMBER,Rigid analytical offset from support/column core to the distinct beam-support face incidence; same physical support and level; never merge face incidences by support_id.
M0G-RL-M0G-F-G5-B020-TO,G5,21,M0G-C-G5-21,M0G-F-G5-B020-TO,G5-B020,TO,X_POS,0.1500,0.0000,0.0000,0.1500,RIGID_JOINT_OFFSET,INF,INF,CURRENT_DERIVED_WITH_PROVENANCE_WATCH,ANALYTICAL_CONSTRAINT_NOT_ORDINARY_STRUCTURAL_MEMBER,Rigid analytical offset from support/column core to the distinct beam-support face incidence; same physical support and level; never merge face incidences by support_id.
M0G-RL-M0G-F-G5-B024-FROM,G5,21,M0G-C-G5-21,M0G-F-G5-B024-FROM,G5-B024,FROM,Y_POS,0.0000,0.2000,0.0000,0.2000,RIGID_JOINT_OFFSET,INF,INF,CURRENT_DERIVED_WITH_PROVENANCE_WATCH,ANALYTICAL_CONSTRAINT_NOT_ORDINARY_STRUCTURAL_MEMBER,Rigid analytical offset from support/column core to the distinct beam-support face incidence; same physical support and level; never merge face incidences by support_id.
M0G-RL-M0G-F-G5-B027-FROM,G5,21,M0G-C-G5-21,M0G-F-G5-B027-FROM,G5-B027,FROM,X_NEG,-0.1500,0.0000,0.0000,0.1500,RIGID_JOINT_OFFSET,INF,INF,CURRENT_DERIVED_WITH_PROVENANCE_WATCH,ANALYTICAL_CONSTRAINT_NOT_ORDINARY_STRUCTURAL_MEMBER,Rigid analytical offset from support/column core to the distinct beam-support face incidence; same physical support and level; never merge face incidences by support_id.
M0G-RL-M0G-F-G5-B021-TO,G5,22,M0G-C-G5-22,M0G-F-G5-B021-TO,G5-B021,TO,X_POS,0.2000,0.0000,0.0000,0.2000,RIGID_JOINT_OFFSET,INF,INF,CURRENT_DERIVED_WITH_PROVENANCE_WATCH,ANALYTICAL_CONSTRAINT_NOT_ORDINARY_STRUCTURAL_MEMBER,Rigid analytical offset from support/column core to the distinct beam-support face incidence; same physical support and level; never merge face incidences by support_id.
M0G-RL-M0G-F-G5-B024-TO,G5,22,M0G-C-G5-22,M0G-F-G5-B024-TO,G5-B024,TO,Y_NEG,0.0000,-0.2000,0.0000,0.2000,RIGID_JOINT_OFFSET,INF,INF,CURRENT_DERIVED_WITH_PROVENANCE_WATCH,ANALYTICAL_CONSTRAINT_NOT_ORDINARY_STRUCTURAL_MEMBER,Rigid analytical offset from support/column core to the distinct beam-support face incidence; same physical support and level; never merge face incidences by support_id.
M0G-RL-M0G-F-G5-B025-FROM,G5,22,M0G-C-G5-22,M0G-F-G5-B025-FROM,G5-B025,FROM,Y_POS,0.0000,0.2000,0.0000,0.2000,RIGID_JOINT_OFFSET,INF,INF,CURRENT_DERIVED_WITH_PROVENANCE_WATCH,ANALYTICAL_CONSTRAINT_NOT_ORDINARY_STRUCTURAL_MEMBER,Rigid analytical offset from support/column core to the distinct beam-support face incidence; same physical support and level; never merge face incidences by support_id.
M0G-RL-M0G-F-G5-B025-TO,G5,22',M0G-C-G5-22PRIME,M0G-F-G5-B025-TO,G5-B025,TO,Y_NEG,0.0000,-0.2000,0.0000,0.2000,RIGID_JOINT_OFFSET,INF,INF,CURRENT_DERIVED_WITH_PROVENANCE_WATCH,ANALYTICAL_CONSTRAINT_NOT_ORDINARY_STRUCTURAL_MEMBER,Rigid analytical offset from support/column core to the distinct beam-support face incidence; same physical support and level; never merge face incidences by support_id.
M0G-RL-M0G-F-G5-B026-FROM,G5,22',M0G-C-G5-22PRIME,M0G-F-G5-B026-FROM,G5-B026,FROM,Y_POS,-0.0156,0.2000,0.0000,0.2006,RIGID_JOINT_OFFSET,INF,INF,CURRENT_DERIVED_WITH_PROVENANCE_WATCH,ANALYTICAL_CONSTRAINT_NOT_ORDINARY_STRUCTURAL_MEMBER,Rigid analytical offset from support/column core to the distinct beam-support face incidence; same physical support and level; never merge face incidences by support_id.
M0G-RL-M0G-F-G5-B028-FROM,G5,22',M0G-C-G5-22PRIME,M0G-F-G5-B028-FROM,G5-B028,FROM,X_NEG,-0.2000,0.0000,0.0000,0.2000,RIGID_JOINT_OFFSET,INF,INF,CURRENT_DERIVED_WITH_PROVENANCE_WATCH,ANALYTICAL_CONSTRAINT_NOT_ORDINARY_STRUCTURAL_MEMBER,Rigid analytical offset from support/column core to the distinct beam-support face incidence; same physical support and level; never merge face incidences by support_id.
M0G-RL-M0G-F-G5-B022-TO,G5,23,M0G-C-G5-23,M0G-F-G5-B022-TO,G5-B022,TO,X_POS,0.1500,0.0000,0.0000,0.1500,RIGID_JOINT_OFFSET,INF,INF,CURRENT_DERIVED_WITH_PROVENANCE_WATCH,ANALYTICAL_CONSTRAINT_NOT_ORDINARY_STRUCTURAL_MEMBER,Rigid analytical offset from support/column core to the distinct beam-support face incidence; same physical support and level; never merge face incidences by support_id.
M0G-RL-M0G-F-G5-B026-TO,G5,23,M0G-C-G5-23,M0G-F-G5-B026-TO,G5-B026,TO,Y_NEG,0.0156,-0.2000,0.0000,0.2006,RIGID_JOINT_OFFSET,INF,INF,CURRENT_DERIVED_WITH_PROVENANCE_WATCH,ANALYTICAL_CONSTRAINT_NOT_ORDINARY_STRUCTURAL_MEMBER,Rigid analytical offset from support/column core to the distinct beam-support face incidence; same physical support and level; never merge face incidences by support_id.
M0G-RL-M0G-F-G5-B023-TO,G5,25,M0G-C-G5-25,M0G-F-G5-B023-TO,G5-B023,TO,X_POS,0.2000,0.0000,0.0000,0.2000,RIGID_JOINT_OFFSET,INF,INF,CURRENT_DERIVED_WITH_PROVENANCE_WATCH,ANALYTICAL_CONSTRAINT_NOT_ORDINARY_STRUCTURAL_MEMBER,Rigid analytical offset from support/column core to the distinct beam-support face incidence; same physical support and level; never merge face incidences by support_id.
M0G-RL-M0G-F-G5-B029-FROM,G5,25,M0G-C-G5-25,M0G-F-G5-B029-FROM,G5-B029,FROM,Y_POS,0.0000,0.2000,0.0000,0.2000,RIGID_JOINT_OFFSET,INF,INF,CURRENT_DERIVED_WITH_PROVENANCE_WATCH,ANALYTICAL_CONSTRAINT_NOT_ORDINARY_STRUCTURAL_MEMBER,Rigid analytical offset from support/column core to the distinct beam-support face incidence; same physical support and level; never merge face incidences by support_id.
M0G-RL-M0G-F-G5-B031-FROM,G5,25,M0G-C-G5-25,M0G-F-G5-B031-FROM,G5-B031,FROM,X_NEG,-0.2000,0.0000,0.0000,0.2000,RIGID_JOINT_OFFSET,INF,INF,CURRENT_DERIVED_WITH_PROVENANCE_WATCH,ANALYTICAL_CONSTRAINT_NOT_ORDINARY_STRUCTURAL_MEMBER,Rigid analytical offset from support/column core to the distinct beam-support face incidence; same physical support and level; never merge face incidences by support_id.
M0G-RL-M0G-F-G5-B027-TO,G5,26,M0G-C-G5-26,M0G-F-G5-B027-TO,G5-B027,TO,X_POS,0.1500,0.0000,0.0000,0.1500,RIGID_JOINT_OFFSET,INF,INF,CURRENT_DERIVED_WITH_PROVENANCE_WATCH,ANALYTICAL_CONSTRAINT_NOT_ORDINARY_STRUCTURAL_MEMBER,Rigid analytical offset from support/column core to the distinct beam-support face incidence; same physical support and level; never merge face incidences by support_id.
M0G-RL-M0G-F-G5-B029-TO,G5,26,M0G-C-G5-26,M0G-F-G5-B029-TO,G5-B029,TO,Y_NEG,0.0000,-0.2000,0.0000,0.2000,RIGID_JOINT_OFFSET,INF,INF,CURRENT_DERIVED_WITH_PROVENANCE_WATCH,ANALYTICAL_CONSTRAINT_NOT_ORDINARY_STRUCTURAL_MEMBER,Rigid analytical offset from support/column core to the distinct beam-support face incidence; same physical support and level; never merge face incidences by support_id.
M0G-RL-M0G-F-G5-B030-FROM,G5,26,M0G-C-G5-26,M0G-F-G5-B030-FROM,G5-B030,FROM,Y_POS,0.0000,0.2000,0.0000,0.2000,RIGID_JOINT_OFFSET,INF,INF,CURRENT_DERIVED_WITH_PROVENANCE_WATCH,ANALYTICAL_CONSTRAINT_NOT_ORDINARY_STRUCTURAL_MEMBER,Rigid analytical offset from support/column core to the distinct beam-support face incidence; same physical support and level; never merge face incidences by support_id.
M0G-RL-M0G-F-G5-B032-FROM,G5,26,M0G-C-G5-26,M0G-F-G5-B032-FROM,G5-B032,FROM,X_NEG,-0.1500,0.0000,0.0000,0.1500,RIGID_JOINT_OFFSET,INF,INF,CURRENT_DERIVED_WITH_PROVENANCE_WATCH,ANALYTICAL_CONSTRAINT_NOT_ORDINARY_STRUCTURAL_MEMBER,Rigid analytical offset from support/column core to the distinct beam-support face incidence; same physical support and level; never merge face incidences by support_id.
M0G-RL-M0G-F-G5-B036-TO,G5,26,M0G-C-G5-26,M0G-F-G5-B036-TO,G5-B036,TO,Y_NEG,0.1338,-0.2000,0.0000,0.2406,RIGID_JOINT_OFFSET,INF,INF,CURRENT_DERIVED_WITH_PROVENANCE_WATCH,ANALYTICAL_CONSTRAINT_NOT_ORDINARY_STRUCTURAL_MEMBER,Rigid analytical offset from support/column core to the distinct beam-support face incidence; same physical support and level; never merge face incidences by support_id.
M0G-RL-M0G-F-G5-B028-TO,G5,27,M0G-C-G5-27,M0G-F-G5-B028-TO,G5-B028,TO,X_POS,0.2000,0.0000,0.0000,0.2000,RIGID_JOINT_OFFSET,INF,INF,CURRENT_DERIVED_WITH_PROVENANCE_WATCH,ANALYTICAL_CONSTRAINT_NOT_ORDINARY_STRUCTURAL_MEMBER,Rigid analytical offset from support/column core to the distinct beam-support face incidence; same physical support and level; never merge face incidences by support_id.
M0G-RL-M0G-F-G5-B030-TO,G5,27,M0G-C-G5-27,M0G-F-G5-B030-TO,G5-B030,TO,Y_NEG,0.0000,-0.2000,0.0000,0.2000,RIGID_JOINT_OFFSET,INF,INF,CURRENT_DERIVED_WITH_PROVENANCE_WATCH,ANALYTICAL_CONSTRAINT_NOT_ORDINARY_STRUCTURAL_MEMBER,Rigid analytical offset from support/column core to the distinct beam-support face incidence; same physical support and level; never merge face incidences by support_id.
M0G-RL-M0G-F-G5-B033-FROM,G5,27,M0G-C-G5-27,M0G-F-G5-B033-FROM,G5-B033,FROM,X_NEG,-0.2000,0.0263,0.0000,0.2017,RIGID_JOINT_OFFSET,INF,INF,CURRENT_DERIVED_WITH_PROVENANCE_WATCH,ANALYTICAL_CONSTRAINT_NOT_ORDINARY_STRUCTURAL_MEMBER,Rigid analytical offset from support/column core to the distinct beam-support face incidence; same physical support and level; never merge face incidences by support_id.
M0G-RL-M0G-F-G5-B031-TO,G5,28,M0G-C-G5-28,M0G-F-G5-B031-TO,G5-B031,TO,X_POS,0.2000,0.0000,0.0000,0.2000,RIGID_JOINT_OFFSET,INF,INF,CURRENT_DERIVED_WITH_PROVENANCE_WATCH,ANALYTICAL_CONSTRAINT_NOT_ORDINARY_STRUCTURAL_MEMBER,Rigid analytical offset from support/column core to the distinct beam-support face incidence; same physical support and level; never merge face incidences by support_id.
M0G-RL-M0G-F-G5-B034-FROM,G5,28,M0G-C-G5-28,M0G-F-G5-B034-FROM,G5-B034,FROM,Y_POS,0.0000,0.2000,0.0000,0.2000,RIGID_JOINT_OFFSET,INF,INF,CURRENT_DERIVED_WITH_PROVENANCE_WATCH,ANALYTICAL_CONSTRAINT_NOT_ORDINARY_STRUCTURAL_MEMBER,Rigid analytical offset from support/column core to the distinct beam-support face incidence; same physical support and level; never merge face incidences by support_id.
M0G-RL-M0G-F-G5-B032-TO,G5,29,M0G-C-G5-29,M0G-F-G5-B032-TO,G5-B032,TO,X_POS,0.1500,0.0000,0.0000,0.1500,RIGID_JOINT_OFFSET,INF,INF,CURRENT_DERIVED_WITH_PROVENANCE_WATCH,ANALYTICAL_CONSTRAINT_NOT_ORDINARY_STRUCTURAL_MEMBER,Rigid analytical offset from support/column core to the distinct beam-support face incidence; same physical support and level; never merge face incidences by support_id.
M0G-RL-M0G-F-G5-B034-TO,G5,29,M0G-C-G5-29,M0G-F-G5-B034-TO,G5-B034,TO,Y_NEG,0.0000,-0.2000,0.0000,0.2000,RIGID_JOINT_OFFSET,INF,INF,CURRENT_DERIVED_WITH_PROVENANCE_WATCH,ANALYTICAL_CONSTRAINT_NOT_ORDINARY_STRUCTURAL_MEMBER,Rigid analytical offset from support/column core to the distinct beam-support face incidence; same physical support and level; never merge face incidences by support_id.
M0G-RL-M0G-F-G5-B035-FROM,G5,29,M0G-C-G5-29,M0G-F-G5-B035-FROM,G5-B035,FROM,Y_POS,0.0000,0.2000,0.0000,0.2000,RIGID_JOINT_OFFSET,INF,INF,CURRENT_DERIVED_WITH_PROVENANCE_WATCH,ANALYTICAL_CONSTRAINT_NOT_ORDINARY_STRUCTURAL_MEMBER,Rigid analytical offset from support/column core to the distinct beam-support face incidence; same physical support and level; never merge face incidences by support_id.
M0G-RL-M0G-F-G5-B001-TO,G5,3,M0G-C-G5-3,M0G-F-G5-B001-TO,G5-B001,TO,Y_NEG,0.0000,-0.2000,0.0000,0.2000,RIGID_JOINT_OFFSET,INF,INF,CURRENT_DERIVED_WITH_PROVENANCE_WATCH,ANALYTICAL_CONSTRAINT_NOT_ORDINARY_STRUCTURAL_MEMBER,Rigid analytical offset from support/column core to the distinct beam-support face incidence; same physical support and level; never merge face incidences by support_id.
M0G-RL-M0G-F-G5-B002-FROM,G5,3,M0G-C-G5-3,M0G-F-G5-B002-FROM,G5-B002,FROM,Y_POS,0.0000,0.2000,0.0000,0.2000,RIGID_JOINT_OFFSET,INF,INF,CURRENT_DERIVED_WITH_PROVENANCE_WATCH,ANALYTICAL_CONSTRAINT_NOT_ORDINARY_STRUCTURAL_MEMBER,Rigid analytical offset from support/column core to the distinct beam-support face incidence; same physical support and level; never merge face incidences by support_id.
M0G-RL-M0G-F-G5-B007-FROM,G5,3,M0G-C-G5-3,M0G-F-G5-B007-FROM,G5-B007,FROM,X_NEG,-0.2000,0.0000,0.0000,0.2000,RIGID_JOINT_OFFSET,INF,INF,CURRENT_DERIVED_WITH_PROVENANCE_WATCH,ANALYTICAL_CONSTRAINT_NOT_ORDINARY_STRUCTURAL_MEMBER,Rigid analytical offset from support/column core to the distinct beam-support face incidence; same physical support and level; never merge face incidences by support_id.
M0G-RL-M0G-F-G5-B033-TO,G5,30,M0G-C-G5-30,M0G-F-G5-B033-TO,G5-B033,TO,X_POS,0.1500,-0.0197,0.0000,0.1513,RIGID_JOINT_OFFSET,INF,INF,CURRENT_DERIVED_WITH_PROVENANCE_WATCH,ANALYTICAL_CONSTRAINT_NOT_ORDINARY_STRUCTURAL_MEMBER,Rigid analytical offset from support/column core to the distinct beam-support face incidence; same physical support and level; never merge face incidences by support_id.
M0G-RL-M0G-F-G5-B035-TO,G5,30,M0G-C-G5-30,M0G-F-G5-B035-TO,G5-B035,TO,Y_NEG,0.0000,-0.2000,0.0000,0.2000,RIGID_JOINT_OFFSET,INF,INF,CURRENT_DERIVED_WITH_PROVENANCE_WATCH,ANALYTICAL_CONSTRAINT_NOT_ORDINARY_STRUCTURAL_MEMBER,Rigid analytical offset from support/column core to the distinct beam-support face incidence; same physical support and level; never merge face incidences by support_id.
M0G-RL-M0G-F-G5-B002-TO,G5,4,M0G-C-G5-4,M0G-F-G5-B002-TO,G5-B002,TO,Y_NEG,0.0000,-0.2000,0.0000,0.2000,RIGID_JOINT_OFFSET,INF,INF,CURRENT_DERIVED_WITH_PROVENANCE_WATCH,ANALYTICAL_CONSTRAINT_NOT_ORDINARY_STRUCTURAL_MEMBER,Rigid analytical offset from support/column core to the distinct beam-support face incidence; same physical support and level; never merge face incidences by support_id.
M0G-RL-M0G-F-G5-B003-FROM,G5,4,M0G-C-G5-4,M0G-F-G5-B003-FROM,G5-B003,FROM,X_NEG,-0.2000,0.0000,0.0000,0.2000,RIGID_JOINT_OFFSET,INF,INF,CURRENT_DERIVED_WITH_PROVENANCE_WATCH,ANALYTICAL_CONSTRAINT_NOT_ORDINARY_STRUCTURAL_MEMBER,Rigid analytical offset from support/column core to the distinct beam-support face incidence; same physical support and level; never merge face incidences by support_id.
M0G-RL-M0G-F-G5-B003-TO,G5,5,M0G-C-G5-5,M0G-F-G5-B003-TO,G5-B003,TO,X_POS,0.2000,0.0000,0.0000,0.2000,RIGID_JOINT_OFFSET,INF,INF,CURRENT_DERIVED_WITH_PROVENANCE_WATCH,ANALYTICAL_CONSTRAINT_NOT_ORDINARY_STRUCTURAL_MEMBER,Rigid analytical offset from support/column core to the distinct beam-support face incidence; same physical support and level; never merge face incidences by support_id.
M0G-RL-M0G-F-G5-B004-FROM,G5,5,M0G-C-G5-5,M0G-F-G5-B004-FROM,G5-B004,FROM,Y_POS,0.0000,0.2000,0.0000,0.2000,RIGID_JOINT_OFFSET,INF,INF,CURRENT_DERIVED_WITH_PROVENANCE_WATCH,ANALYTICAL_CONSTRAINT_NOT_ORDINARY_STRUCTURAL_MEMBER,Rigid analytical offset from support/column core to the distinct beam-support face incidence; same physical support and level; never merge face incidences by support_id.
M0G-RL-M0G-F-G5-B008-FROM,G5,5,M0G-C-G5-5,M0G-F-G5-B008-FROM,G5-B008,FROM,X_NEG,-0.2000,0.0000,0.0000,0.2000,RIGID_JOINT_OFFSET,INF,INF,CURRENT_DERIVED_WITH_PROVENANCE_WATCH,ANALYTICAL_CONSTRAINT_NOT_ORDINARY_STRUCTURAL_MEMBER,Rigid analytical offset from support/column core to the distinct beam-support face incidence; same physical support and level; never merge face incidences by support_id.
M0G-RL-M0G-F-G5-B004-TO,G5,6,M0G-C-G5-6,M0G-F-G5-B004-TO,G5-B004,TO,Y_NEG,0.0000,-0.2000,0.0000,0.2000,RIGID_JOINT_OFFSET,INF,INF,CURRENT_DERIVED_WITH_PROVENANCE_WATCH,ANALYTICAL_CONSTRAINT_NOT_ORDINARY_STRUCTURAL_MEMBER,Rigid analytical offset from support/column core to the distinct beam-support face incidence; same physical support and level; never merge face incidences by support_id.
M0G-RL-M0G-F-G5-B005-FROM,G5,6,M0G-C-G5-6,M0G-F-G5-B005-FROM,G5-B005,FROM,Y_POS,0.0000,0.2000,0.0000,0.2000,RIGID_JOINT_OFFSET,INF,INF,CURRENT_DERIVED_WITH_PROVENANCE_WATCH,ANALYTICAL_CONSTRAINT_NOT_ORDINARY_STRUCTURAL_MEMBER,Rigid analytical offset from support/column core to the distinct beam-support face incidence; same physical support and level; never merge face incidences by support_id.
M0G-RL-M0G-F-G5-B009-FROM,G5,6,M0G-C-G5-6,M0G-F-G5-B009-FROM,G5-B009,FROM,X_NEG,-0.2000,0.0000,0.0000,0.2000,RIGID_JOINT_OFFSET,INF,INF,CURRENT_DERIVED_WITH_PROVENANCE_WATCH,ANALYTICAL_CONSTRAINT_NOT_ORDINARY_STRUCTURAL_MEMBER,Rigid analytical offset from support/column core to the distinct beam-support face incidence; same physical support and level; never merge face incidences by support_id.
M0G-RL-M0G-F-G5-B005-TO,G5,7,M0G-C-G5-7,M0G-F-G5-B005-TO,G5-B005,TO,Y_NEG,0.0000,-0.2000,0.0000,0.2000,RIGID_JOINT_OFFSET,INF,INF,CURRENT_DERIVED_WITH_PROVENANCE_WATCH,ANALYTICAL_CONSTRAINT_NOT_ORDINARY_STRUCTURAL_MEMBER,Rigid analytical offset from support/column core to the distinct beam-support face incidence; same physical support and level; never merge face incidences by support_id.
M0G-RL-M0G-F-G5-B010-FROM,G5,7,M0G-C-G5-7,M0G-F-G5-B010-FROM,G5-B010,FROM,X_NEG,-0.2000,0.0000,0.0000,0.2000,RIGID_JOINT_OFFSET,INF,INF,CURRENT_DERIVED_WITH_PROVENANCE_WATCH,ANALYTICAL_CONSTRAINT_NOT_ORDINARY_STRUCTURAL_MEMBER,Rigid analytical offset from support/column core to the distinct beam-support face incidence; same physical support and level; never merge face incidences by support_id.
